name,state_code,population,kind
a ijala,MZ,293416,city
a ijola,MZ,293416,city
a ijola jila,MZ,400309,district
a ijola jilla,MZ,400309,district
a ijola zila,MZ,400309,district
a izola,MZ,293416,city
a la,BR,261430,city
a orangabada,MH,1175116,city
a ura iya,UP,70508,city
a urangabada,MH,1175116,city
a wa,GJ,6357693,city
aamadi,CG,6600,city
aamritsar,PB,1159227,city
abbaspur,JK,10208,city
abdu rahiman nagar,KL,41993,city
abdullahpur,HR,217071,city
abdullapur,HR,217071,city
abhanapura,CG,14432,city
abhanpur,CG,14432,city
abhayapuri,AS,15847,city
abhnpwr,CG,14432,city
abiramam,TN,8144,city
abkhanpur,CG,14432,city
abohar,PB,145302,city
abohara,PB,145302,city
abokhar,PB,145302,city
abrama,GJ,21000,city
abu road,RJ,55599,city
abwhar,PB,145302,city
acalapur,MH,112311,city
acalapura,MH,112311,city
acalpur,MH,112311,city
accalpur,MH,112311,city
achalpuleu,MH,112311,city
achalpur,MH,112311,city
achampet,TS,20721,city
achanputtur,TN,13566,city
acharapakkam,TN,10362,city
acharipallam vaniyakudi,TN,16822,city
acharupuru,MH,112311,city
achchippatti,TN,9849,city
achhibal,JK,17556,city
achhnera,UP,20532,city
achlpwr,MH,112311,city
achmentampant,GJ,6357693,city
acmer,RJ,542321,city
acok nakar,MP,81828,city
adaikkakuzhi,TN,8888,city
adalaj,GJ,11957,city
adampur,HR,25531,city
adampur,PB,20922,city
adanattutekkumuri kizhakku,KL,22250,city
adatt,KL,5721,city
adbhar,CG,7272,city
addanki,AP,28547,city
adduru,KA,5426,city
adichanallur,KL,27240,city
adigaratti,TN,14178,city
adilabad,TS,118526,district
adilabad district,TS,2741239,district
adilabada,TS,2741239,district
adilabadu,TS,118526,city
adirampattinam,TN,31066,city
adityapur,JH,174355,city
adiyanuthu,TN,17851,city
adoni,AP,184625,city
adra,WB,22159,city
adri,GJ,6952,city
adur,KL,29652,city
aduthurai,TN,11705,city
adwky,KL,1108974,district
adyar,KA,7034,city
adzhmer,RJ,542321,district
adzmer,RJ,542321,city
adzmera,RJ,542321,city
adzmeras,RJ,542321,city
adzsmir,RJ,542321,city
afumadabado,GJ,6357693,city
afzalgarh,UP,27753,city
afzalpur,KA,27088,city
agaleutalla,TR,400004,city
agar,MP,37917,city
agar agar,MP,37917,city
agar malwa,MP,0,district
agar malwa district,MP,0,district
agara,UP,1430055,city
agaram,TN,15610,city
agaratala,TR,400004,city
agartala,TR,400004,city
agarutara,TR,400004,city
agastinuagan,OD,6411,city
agastiswaram,TN,9717,city
agatti,LD,7700,city
ageula,UP,1430055,city
agmer,RJ,542321,city
agra,UP,1430055,district
agra agara,UP,1430055,city
agra district,UP,4418797,district
agrahara samakkulam,TN,10289,city
agratala,TR,400004,city
agro,UP,1430055,city
agrtla,TR,400004,city
agura,UP,1430055,city
aham madabad,GJ,6357693,city
ahamadabad,GJ,6357693,city
ahamadabada,GJ,6357693,city
ahamadanagara,MH,4543159,district
ahamedabada,GJ,6357693,city
ahamedanagara,MH,367140,city
ahilyanagar,MH,367140,city
ahilyanagara,MH,367140,city
ahimadabada,GJ,6357693,city
ahiri,MH,14609,city
ahirkheri,MP,10165,city
ahiwara,CG,20384,city
ahmadabad,GJ,6357693,district
ahmadabad cantonment,GJ,7588,city
ahmadabad district,GJ,7214225,district
ahmadabadas,GJ,6357693,city
ahmadabadi,GJ,6357693,city
ahmadabado,GJ,6357693,city
ahmadnagar,GJ,81137,city
ahmadnagar,MH,4543159,district
ahmadobod,GJ,6357693,city
ahmadpur,MH,43936,city
ahmadpur,WB,8855,city
ahmd abad,GJ,6357693,city
ahmd nghr,MH,367140,district
ahmd ngr,MH,367140,district
ahmd njr,MH,367140,district
ahmdabad,GJ,6357693,city
ahmdabad hyndystan,GJ,6357693,city
ahmdnajar,MH,367140,district
ahmdngr,MH,367140,district
ahmdnqr,MH,367140,district
ahmed nagar,MH,4543159,district
ahmedabad,GJ,6357693,district
ahmedgarh,PB,31302,city
ahmednagar,GJ,81137,city
ahmednagar,MH,367140,district
ahmednagar district,MH,4543159,district
ahor,RJ,16867,city
ahraura,UP,25075,city
ahwa,GJ,15004,city
ai jal,MZ,293416,city
aidzhal,MZ,293416,district
aijal,MZ,293416,city
aijal district,MZ,400309,district
aijali,MZ,293416,city
aijaul,MZ,293416,city
aijavla,MZ,293416,city
aijhavala,MZ,293416,city
aijhavala jillo,MZ,400309,district
aijhola,MZ,293416,city
aijhola jil ha,MZ,400309,district
aijola,MZ,293416,city
aijolamandalam,MZ,400309,district
aimand,GJ,209410,city
airavadanallur,TN,7423,city
airoli,MH,100000,city
aish maqam,JK,6519,city
aistala,WB,19425,city
aizal,MZ,293416,city
aizauru,MZ,293416,city
aizavlis,MZ,293416,city
aizawl,MZ,293416,district
aizawl district,MZ,400309,district
aizol,MZ,293416,city
aizwal,MZ,293416,city
ajaigarh,MP,16656,city
ajamagadha,UP,116644,city
ajamagadha jilla,UP,116644,city
ajamagadha nagaram,UP,116644,city
ajamagara,UP,116644,city
ajamagarha,UP,4613913,district
ajamera,RJ,542321,district
ajamera jil ha,RJ,2583052,district
ajamera jila,RJ,2583052,district
ajamera jilla,RJ,2583052,district
ajamera jillo,RJ,2583052,district
ajamera zil ha,RJ,2583052,district
ajameramandalam,RJ,2583052,district
ajamira,RJ,542321,city
ajanur,KL,33079,city
ajara,MH,17257,city
ajarthala,TR,400004,city
ajeetgarh,RJ,15414,city
ajhamagadha,UP,116644,city
ajimeleu,RJ,542321,city
ajitgarh,PB,994628,district
ajitgarh district,PB,994628,district
ajjampur,KA,10795,city
ajmer,RJ,542321,district
ajmer city,RJ,542321,city
ajmer district,RJ,2583052,district
ajmeri,RJ,542321,city
ajmir,RJ,542321,city
ajmir jilla,RJ,2583052,district
ajmir mavattam,RJ,2583052,district
ajmyr,RJ,542321,city
ajnala,PB,21107,city
ajni,MH,2405665,city
ajodhija,UP,53293,city
ajodhjo,UP,53293,city
ajodhya,UP,53293,city
ajodkh e,UP,53293,city
ajodkh ja,UP,53293,city
ajodkhja,UP,53293,city
ajumeru,RJ,542321,city
ajumeru xian,RJ,2583052,district
ajyn,MP,515215,city
ajzol,MZ,293416,city
akaira,HR,7110,city
akalgarh,PB,7678,city
akalkot,MH,40103,city
akalkuva,MH,17840,city
akalpwr,MH,112311,city
akaltara,CG,22712,city
akamatapat,GJ,6357693,city
akamatnakar,MH,367140,city
akartala,TR,400004,city
akat,MH,92637,city
akathiyur,KL,5847,city
akbarpur,UP,36865,city
akdoni khurd,JH,6321,city
akera,RJ,9062,city
akhmadabad,GJ,6357693,city
akhmadabad shaary,GJ,6357693,city
akhmedabad,GJ,6357693,city
akhmednagar,MH,367140,city
akhnur,JK,20756,city
akividu,AP,40413,city
akkarampalle,AP,44219,city
aklera,RJ,26240,city
akluj,MH,39972,city
akoda,MP,12534,city
akodia,MP,11652,city
akola,MH,428857,district
akola district,MH,1813906,district
akola jil ha,MH,1813906,district
akola jila,MH,1813906,district
akola jilla,MH,1813906,district
akola jillo,MH,1813906,district
akola mavattam,MH,1813906,district
akola zil ha,MH,1813906,district
akolamandalam,MH,1813906,district
akolla,MH,428857,city
akot,MH,92637,city
akota,MH,92637,city
akoteu,MH,92637,city
akotto,MH,92637,city
akra,UP,1430055,city
akula,MH,428857,city
akwla,MH,428857,city
al wa,RJ,322568,city
alacapura,MH,112311,city
alagappapuram,TN,9626,city
alagapuram,TN,8345,city
alahabadas,UP,1073438,city
alakapat,UP,1073438,city
alamadi,TN,7424,city
alamelumangapuram,TN,7900,city
alamoda jil ha,UK,622506,district
alamoda jillo,UK,622506,district
alamora jilla,UK,622506,district
alampalaiyam,TN,20286,city
alampur,MP,10686,city
alampur,TS,14060,city
aland,KA,42371,city
alandi,MH,28645,city
alandoor,TN,164430,city
alandur,TN,164430,city
alandurai,TN,7221,city
alang,GJ,18480,city
alangad,KL,47329,city
alanganallur,TN,12331,city
alangayam,TN,18327,city
alangudi,TN,12367,city
alangulam,TN,28558,city
alankod,KL,33918,city
alapakam,TN,14390,city
alapalli,KL,240991,city
alapolai,KL,240991,city
alappakkam,TN,9404,city
alappula,KL,240991,district
alappuzha,KL,240991,district
alapulai,KL,240991,city
alaraara,RJ,322568,city
alattur,KL,26720,city
alavara,RJ,322568,district
alawalpur,PB,7815,city
aldona,GA,6606,city
alengad,KL,47329,city
aleppi,KL,240991,city
aleusikeleu,KA,53216,city
alevur,KA,6302,city
alibag,MH,20752,city
aliganj,UP,26652,city
aligara,UP,753207,city
aligarh,RJ,7626,city
aligarh,UP,753207,district
aligarh district,UP,3673889,district
aligarha,UP,753207,district
aligarkh,UP,753207,city
alikherva,GJ,8951,city
alipur,DL,20736,city
alipur,WB,65232,city
alipur duar,WB,65232,city
alipur duars,WB,65232,city
alipurduar,WB,65232,district
alirajpur,MP,28498,district
aliyabad,TN,14304,city
alla abba habab,UP,1073438,city
allahabad,UP,1073438,district
allahabad district,UP,5954391,district
allahabad ilahabada,UP,1073438,city
allahganj,UP,13824,city
allakhabad,UP,1073438,city
allapalli,MH,10772,city
allapuram,TN,31211,city
allapuza,KL,240991,city
alleppey,KL,240991,district
alleppey district,KL,2127789,district
alleppi,KL,240991,city
allinagaram,TN,94453,city
allipur,TS,11276,city
allipura,KA,9930,city
alluri sitharama raju,AP,1004047,district
almoda jilla,UK,622506,district
almodamandalam,UK,622506,district
almora,UK,32442,district
almora district,UK,622506,district
almora jila,UK,622506,district
almora jille,UK,622506,district
almora mavattam,UK,622506,district
almoran piirikunta,UK,622506,district
alnavar,KA,17228,city
along,AR,18425,city
alot,MP,24115,city
aloyara,RJ,322568,city
aluaro,RJ,322568,city
alur,KA,6604,city
alur,KL,9807,city
alur,TN,15063,city
aluva,KL,24108,city
alvar,RJ,322568,city
alvara,RJ,322568,city
alvaras,RJ,322568,city
alvari,RJ,322568,city
alwa tirunagari,TN,9289,city
alwar,RJ,322568,district
alwar city,RJ,322568,city
alwar district,RJ,3674179,district
alwarkurichchi,TN,10045,city
alwaye,KL,23703,city
alwr,RJ,322568,city
amadabada,GJ,6357693,city
amadabadeu,GJ,6357693,city
amadaraada,GJ,6357693,city
amadavad,GJ,6357693,city
amadavada,GJ,6357693,city
amalanera,MH,97369,city
amalapuram,AP,53231,city
amalner,MH,97369,city
amalnera,MH,97369,city
amalnr,MH,97369,city
amanganj,MP,13886,city
amanpur,UP,10362,city
amaravati,AP,103000,city
amaravati,MH,647057,district
amardad,GJ,5872,city
amareli,GJ,117967,city
amareli jil ha,GJ,1514190,district
amareli jila,GJ,1514190,district
amareli jilla,GJ,1514190,district
amareli jillo,GJ,1514190,district
amarelimandalam,GJ,1514190,district
amargarh,PB,7339,city
amarkantak,MP,8416,city
amarnath,MH,253475,city
amarnatkh,MH,253475,city
amaroha jil ha,UP,1840221,district
amaroha jila,UP,1840221,district
amaroha jilla,UP,1840221,district
amaroha jillo,UP,1840221,district
amarpatan,MP,19409,city
amarpur,BR,25336,city
amarpur,TR,11906,city
amarwara,MP,14141,city
ambad,MH,31553,city
ambagarh chauki,CG,9889,city
ambah,MP,47177,city
ambahta,UP,14303,city
ambaji,GJ,17753,city
ambajogai,MH,74114,city
ambala,HR,195153,district
ambala district,HR,1128350,district
ambala sadar,HR,104974,city
ambaliyasan,GJ,7072,city
amballur,KL,29341,city
ambara,MP,6282,city
ambarnath,MH,253475,city
ambasa,TR,16285,city
ambasamudram,TN,35645,city
ambata,HR,195153,city
ambattur,TN,466205,city
ambe,MH,74114,city
ambedkar nagar,UP,2397888,district
ambedkar nagar district,UP,2397888,district
ambejogai,MH,74114,city
ambepur,MH,5035,city
ambicapur pt vi,AS,7971,city
ambicapur pt viii,AS,11691,city
ambika kalna,WB,53964,city
ambikapur,CG,121071,city
ambikapur part x,AS,14283,city
ambikapuram,KL,28592,city
ambivali t tungartan,MH,6497,city
amboli,GJ,6137,city
ambrsr,PB,1159227,city
ambur,TN,114608,city
ambura,TN,114608,city
amburu,TN,114608,city
ambwr,TN,114608,city
amdavada,GJ,6357693,city
amedabato,GJ,6357693,city
amedebatum,GJ,6357693,city
amet,RJ,17434,city
amethi,UP,13684,district
amethi district,UP,0,district
amgaon,MH,10972,city
amguri,AS,8494,city
amingaon,AS,8855,city
amingarh,KA,15073,city
amini,LD,7843,city
aminpur,TS,36452,city
amirtacaras,PB,1159227,city
amkhera,MP,8957,city
aml nyr,MH,97369,city
amla,MP,30215,city
amlagora,WB,19038,city
amlai,MP,30354,city
amli,DH,33369,city
amlichaleu,PB,1159227,city
amloh,PB,14696,city
ammainaickanur,TN,19257,city
ammanur,TN,7731,city
ammapattinam,TN,6652,city
ammapettai,TN,14572,city
ammavarikuppam,TN,10750,city
ammur,TN,12513,city
amod,GJ,18742,city
ampati,ML,0,city
ampur,TN,114608,city
amravati,MH,647057,district
amravati division,MH,2888445,district
amreli,GJ,117967,district
amreli district,GJ,1514190,district
amreli jilla,GJ,1514190,district
amreli jille,GJ,1514190,district
amreli mavattam,GJ,1514190,district
amrelin piirikunta,GJ,1514190,district
amrelis,GJ,117967,city
amricar,PB,1159227,city
amritasara,PB,1159227,city
amritsar,PB,1159227,district
amritsar district,PB,2490656,district
amritsara,PB,1159227,city
amritsaras,PB,1159227,city
amritszar,PB,1159227,city
amrly,GJ,117967,city
amroha,UP,176253,district
amroha district,UP,1840221,district
amroha jille,UP,1840221,district
amrohamandalam,UP,1840221,district
amroka mavattam,UP,1840221,district
amrokha,UP,176253,city
amroli,GJ,17082,city
amrtasara,PB,1159227,city
amrtasarah,PB,1159227,city
amrtsr,PB,1159227,city
amryly,GJ,117967,city
amrytsar,PB,1159227,city
amta,WB,16753,city
amudalavalasa,AP,39799,city
amur,TS,64023,city
amuritosaru,PB,1159227,city
anada,GJ,209410,city
anagole,AP,208344,city
anahadgarh,PB,116449,city
anaimalai,TN,17208,city
anaiyur,TN,63917,city
anakapalle,AP,86519,city
anakapalli,AP,86519,district
anakaputhur,TN,48050,city
anand,GJ,209410,district
anand district,GJ,2092745,district
anand gwjarat,GJ,209410,city
ananda,GJ,209410,city
anandanagar,TR,13814,city
anandeu,GJ,209410,city
anandi,GJ,209410,city
anandnagar,UP,11220,city
anando,GJ,209410,city
anandpar,GJ,13483,city
anandpur,OD,39585,city
anandpur,PB,16282,city
anant,GJ,209410,city
anantanag,JK,150592,city
anantanaga,JK,150592,city
anantanak,JK,150592,city
anantapour,AP,267161,city
anantapur,AP,267161,district
anantapur district,AP,4081148,district
anantapura,AP,267161,city
anantapuram,AP,267161,city
anantapuram,TN,6892,city
anantapuramu,AP,267161,city
anantapure,AP,267161,city
anantapwr,AP,267161,city
ananteulageu,JK,150592,city
ananthapur,AP,4081148,district
ananthnag,JK,1078692,district
anantnag,JK,150592,district
anantnagas,JK,150592,city
anantnaj,JK,150592,city
anantonaggu,JK,150592,city
anantpur,MH,6166,city
anatanaga,JK,150592,city
anaud,GJ,209410,city
ancharakandy,KL,23030,city
andada,GJ,16730,city
andaman islands,AN,238142,district
andhra paris,AP,164937,city
andipalayam,TN,25539,city
andippatti,TN,27287,city
andol,TS,24645,city
andro,MN,8744,city
andrott,LD,11191,city
andwr,MP,1994397,city
andzharom,GJ,87183,city
anekal,KA,44260,city
angamali,KL,34399,city
angul,OD,44386,district
angul district,OD,1273821,district
anjad,MP,26289,city
anjangaon,MH,56380,city
anjani budruk,MH,5543,city
anjar,GJ,87183,city
anjaw,AR,0,district
anjaw district,AR,0,district
anjira,OD,6561,city
anjugramam,TN,10982,city
anjuna,GA,9636,city
anjur,KL,10860,city
ankartala,TR,400004,city
anklav,GJ,21003,city
ankleshwar,GJ,89457,city
anklesvar,GJ,89457,city
anklesvar ina,GJ,24789,city
ankola,KA,22249,city
annal agraharam,TN,11129,city
annamalainagar,TN,16289,city
annamayya,AP,1697308,district
annavasal,TN,8906,city
annd,GJ,209410,city
annd gjrat,GJ,209410,city
annigeri,KA,28267,city
annt nag,JK,150592,city
annt pwr,AP,267161,city
anntnag,JK,150592,city
annur,TN,20079,city
anroha,UP,1840221,district
anshing,MH,19000,city
anta,RJ,32377,city
antagarh,CG,6777,city
antaliya,GJ,6936,city
antarjal,GJ,11256,city
anthicad,KL,9826,city
anthiyur,TN,21086,city
antri,MP,9949,city
antu,UP,8316,city
anugul,OD,1273821,district
anupgarh,RJ,33309,city
anuppanadi,TN,26158,city
anuppankulam,TN,13526,city
anuppur,MP,19899,district
anupshahr,UP,25306,city
anwaram,TS,6840,city
anwari,BR,6702,city
aonla,UP,50011,city
aonla kila,UP,50011,city
apohar,PB,145302,city
appukkudal,TN,10610,city
apra,PB,6258,city
aqartala,TR,400004,city
aqra,UP,1430055,city
aquem,GA,6511,city
arachchalur,TN,12034,city
arahabado,UP,1073438,city
araiya,UP,70508,city
arak,BR,6147,city
arakandanallur,TN,5713,city
arakkonam,TN,79080,city
arambagh,WB,60639,city
arambol,GA,10000,city
aramboli,TN,22846,city
arang,CG,19091,city
arangaon,MH,29591,city
arani,TN,63671,city
arantangi,TN,40814,city
araraha,BR,261430,city
araria,BR,79021,district
ararija,BR,79021,city
arariya,BR,79021,district
ararya,BR,79021,district
arasikera,KA,53216,city
arasikere,KA,53216,city
arasur,TN,11510,city
aravakkurichchi,TN,12412,city
aravala,BR,0,district
arccikkeri,KA,53216,city
arcot,TN,55955,city
arempudi,AP,5073,city
areraj,BR,26014,city
arimalam,TN,8948,city
arittuvar,UK,186079,city
ariyallur,KL,22558,city
ariyalur,TN,29144,district
ariyalur district,TN,754894,district
ariyankuppam,PY,29808,city
ariyur,TN,7251,city
arjyapalli marine,OD,8001,city
arkalgud,KA,16810,city
arkonam,TN,79080,city
arkota,TN,55955,city
arkula,KA,5077,city
armur,TS,64023,city
arni,TN,63671,city
aron,MP,28010,city
aroor,KL,39214,city
arrah,BR,261430,city
arrakh,BR,261430,city
arsande,JH,9582,city
arshakunti,KA,10567,city
arsikera,KA,53216,city
arsikere,KA,53216,city
arsikeri,KA,53216,city
arsikir,KA,53216,city
arsodiya,GJ,5859,city
arsykrh,KA,53216,city
arsykyr,KA,53216,city
arsykyry,KA,53216,city
artist village,MH,6000,city
arukutti,KL,17944,city
arumanai,TN,16283,city
arumbanur,TN,6148,city
arumbavur,TN,12467,city
arumuganeri,TN,27266,city
aruppukkottai,TN,87722,city
aruvankad,TN,5175,city
aruwaru,RJ,322568,city
arvalli,GJ,0,district
arvi,MH,42822,city
arwal,BR,51849,district
arwani,JK,11815,city
asafabad,TS,23059,city
asan khurd,HR,6873,city
asanasola,WB,504271,city
asandh,HR,27125,city
asangaon,MH,13104,city
asanol,WB,504271,city
asansol,WB,504271,city
asansoru,WB,504271,city
asara,UP,15959,city
asarganj,BR,6327,city
ashikea,KA,53216,city
ashlbwr,MH,112311,city
ashmuji khalsa,JK,5567,city
ashok nagar,MP,81828,district
ashokapuram,TN,12993,city
ashoknagar,MP,81828,district
ashoknagar district,MP,845071,district
ashoknagar kaljangarkh,WB,111475,city
ashoknagar kalyangarh,WB,111475,city
ashta,MH,37105,city
ashta,MP,53184,city
ashti,MH,13084,city
ashwk ngr,MP,81828,city
asifabad,TS,23059,district
asika,OD,21428,city
asind,RJ,16611,city
asokanagara,MP,81828,city
asokanagara jila,MP,845071,district
asokanagara jilla,MP,81828,city
asokanagaram,MP,81828,city
asola,DL,13275,city
asudubi,AS,7356,city
asumumbay,MH,12691836,city
atarra,UP,46168,city
ateli mandi,HR,7619,city
athagarh,OD,17304,city
athani,KA,47842,city
athiyannur,KL,40712,city
athmallik,OD,12298,city
athner,MP,11915,city
atholi,KL,28213,city
atilapat,TS,118526,city
atmakur,AP,35137,city
atmakur,TS,12297,city
atol kavaraci,LD,11210,city
atrauli,UP,47512,city
atraulia,UP,11847,city
atru,RJ,11141,city
attani,TN,8430,city
attanur,TN,9827,city
attayampatti,TN,13852,city
attibele,KA,20532,city
attili,AP,68196,city
attimarappatti,TN,22218,city
attingal,KL,37346,city
attippatti,TN,8384,city
attippattu,TN,11034,city
attoo,TN,61793,city
attur,TN,61793,city
attura,TN,61793,city
atturu,TN,61793,city
attwr,TN,61793,city
atuleu,TN,61793,city
atur,TN,61793,city
atur salem,TN,61793,city
atura,TN,61793,city
auhammadpur majri,DL,17462,city
aulaiya,UP,70508,city
aulapolai,KL,240991,city
aura iya,UP,70508,city
aurad,KA,19849,city
auraiya,UP,70508,district
aurajja,UP,70508,city
aurangabad,BR,102244,district
aurangabad,MH,1175116,district
aurangabad aurangabada,MH,1175116,city
aurangabad cantonment,MH,18051,city
aurangabad district,MH,3701282,district
aurangabada,BR,2540073,district
aurangabada,MH,1175116,district
aurangabada sahara,MH,1175116,city
aurangabadas,MH,1175116,city
aurangabado,MH,1175116,city
auras,UP,6591,city
auraya,UP,70508,city
auri a,UP,70508,city
ausa,MH,36118,city
auyam laksipura,AS,59841,city
avadattur,TN,9869,city
avadi,TN,345996,city
avalepalli,TN,17859,city
avalpundurai,TN,11789,city
avanigadda,AP,25761,city
avaniyapuram,TN,89635,city
avanoor,KL,5000,city
avanur,KL,7879,city
averi,KA,1597668,district
avilala,AP,24839,city
avinashi,TN,28868,city
avinissery,KL,13983,city
awantipur,JK,12647,city
awdham syngh njr,UK,1648902,district
awdwby,KA,165000,city
awdwpy,KA,165000,city
awdy pwr,RJ,451100,city
awjayn,MP,515215,city
awjayyn,MP,515215,city
awjyn,MP,515215,city
awlasnagr,MH,516584,city
awlasnaqr,MH,516584,city
awlhasnghr,MH,516584,city
awlhasnjr,MH,516584,city
awlhsngr,MH,516584,city
awngl,AP,208344,city
awngwl,AP,208344,city
awraya,UP,70508,city
awrng abad,MH,1175116,district
awrnk abad,MH,1175116,district
awrya,UP,70508,city
awtapalam,KL,53792,city
awtar dynajbwr,WB,3007134,district
awzar,MH,51297,city
aya nagar,DL,33123,city
ayakod,TN,8874,city
ayakudi,TN,27156,city
ayanavelikulangara vadakku,KL,24268,city
ayancheri,KL,26293,city
aycal,MZ,293416,city
aycal mavattam,MZ,400309,district
aychalkaranjy,MH,287353,city
aychl krnjy,MH,287353,city
aychlkyrnjy,MH,287353,city
ayead dhya,UP,53293,city
ayikudi,TN,15129,city
aylwrw,AP,218020,city
aymanam,KL,34470,city
ayndwr,MP,1994397,city
ayod dha,UP,53293,city
ayodhi a,UP,53293,city
ayodhya,UP,53293,district
ayodhya district,UP,2470996,district
ayodhyapattanam,TN,11517,city
ayodhye,UP,53293,city
ayodia,UP,53293,city
ayodiya,UP,53293,city
ayotti,UP,53293,city
aywdya,UP,53293,city
ayyalur,TN,17100,city
ayyampalaiyam,TN,12175,city
ayyampettai,TN,16263,city
ayyanur teppakkuttai,TN,6986,city
ayyzwl,MZ,293416,city
ayzal,MZ,293416,city
ayzwal,MZ,293416,city
azamagarha,UP,116644,city
azamgarh,UP,116644,district
azamgarh district,UP,4613913,district
azamgarkh,UP,116644,city
azamugaru,UP,116644,city
azara,AS,8780,city
azhagiapandipuram,TN,11392,city
azhikkal,KL,8117,city
azhikkod,KL,25195,city
azhiyur,KL,30023,city
azhoor,KL,27390,city
azimabad,BR,1684297,city
baba bakala,PB,8946,city
babai,MP,16741,city
babai,RJ,10620,city
babarpur,DL,37058,city
babbili,AP,56819,city
baben,GJ,15610,city
baberu,UP,15607,city
babeunagaleu,GJ,605882,city
babina,UP,35538,city
bablai,HR,26412,city
babra,GJ,25270,city
babrala,UP,16670,city
babugarh,UP,7156,city
bacheli,CG,21435,city
bachhraon,UP,29232,city
bachhrawan,UP,12809,city
bachra,JH,12969,city
bada,RJ,20372,city
bada barabil,OD,56870,city
bada malhera,MP,18335,city
bada um jil ha,UP,3681896,district
bada um jilla,UP,3681896,district
badagabettu,KA,9309,city
badagal ulipadi,KA,7062,city
badagara,KL,76493,city
badagrama,KA,8117,city
badajun,UP,161555,city
badakodanda,OD,5137,city
badalapura,MH,174226,city
badamba,OD,6284,city
badami,KA,30943,city
badamibagh,JK,22214,city
badanyu,UP,161555,city
badanyu jilla,UP,3681896,district
badanyumandalam,UP,3681896,district
badarpur,AS,13298,city
badarpur railway town,AS,8882,city
badarwas,MP,13571,city
badaun,UP,161555,district
badauna,UP,161555,city
badauna jilla,UP,3681896,district
badayum,UP,161555,district
badayum jila,UP,3681896,district
badayun,UP,3681896,district
baddi,HP,29911,city
baddorakku,OD,121338,city
baddowal,PB,6825,city
badepalli,TS,32598,city
badeulag,OD,121338,city
badgam,JK,15338,district
badh malak,HR,6938,city
badhni kalan,PB,6786,city
badi,MP,19603,city
badjam,JK,0,district
badlapur,MH,174226,city
badmal,OD,5431,city
badnawar,MP,20917,city
badnur,MP,103330,city
badodala,GJ,1822221,city
badshahpur,HR,15593,city
baduria,WB,49547,city
badvel,AP,70626,city
baeng geollo,KA,8495492,city
baga,OD,80625,city
bagaha,BR,112634,city
bagaha division,BR,91383,city
bagakha,BR,112634,city
bagakos,KA,111933,city
bagalakota,KA,111933,city
bagalakote,KA,111933,city
bagalakotemandalam,KA,111933,city
bagalaura,KA,8495492,city
bagalkot,KA,111933,district
bagalkot district,KA,1889752,district
bagalkota,KA,111933,city
bagalkotas,KA,111933,city
bagar,RJ,15670,city
bagarukoto,KA,111933,city
bagasra,GJ,34521,city
bagbahra,CG,19529,city
bagbera,JH,78356,city
bagdogra,WB,17372,city
bagepalli,KA,27011,city
bageshwar,UK,8708,district
bagha purana,PB,25206,city
baghalakwt,KA,111933,city
baghamara,ML,13131,city
baghaula,HR,5413,city
baghpat,UP,41766,district
baghpat district,UP,1303048,district
bagicha,CG,10427,city
bagli,MP,10764,city
bagnan,WB,8494,city
bagpat,UP,1303048,district
bagra,JH,11364,city
bagrana,RJ,10790,city
bagru,RJ,31229,city
bagula,WB,20999,city
bahaddurgad,HR,170767,city
bahadouga,HR,170767,city
bahaduleugaleu,HR,170767,city
bahadur ghar,HR,170767,city
bahaduragadha,HR,170767,city
bahaduragara,HR,170767,city
bahaduragarha,HR,170767,city
bahadurganj,BR,36993,city
bahadurgarh,HR,170767,city
bahadurgarho,HR,170767,city
bahalatupuleu,RJ,252838,city
bahara ica jila,UP,3487731,district
bahara ica jilla,UP,3487731,district
baharaica jillo,UP,3487731,district
baharaicamandalam,UP,3487731,district
baharaich,UP,182218,city
baharamapura,WB,180547,city
baharampur,WB,180547,city
bahbari gaon,AS,6821,city
baheri,UP,63953,city
bahjoi,UP,33752,city
bahraich,UP,182218,district
bahraich district,UP,3487731,district
bahraigh,UP,182218,city
bahrampur,PB,5432,city
bahrampur,WB,180547,city
bahsuma,UP,11157,city
bahua,UP,10243,city
bahula,WB,16264,city
baidjabati,WB,115504,city
baidyabati,WB,115504,city
baihar,MP,16650,city
baikunthpur,CG,28431,city
baikunthpur,MP,10282,city
bail hongal,KA,49182,city
bairagnia,BR,42895,city
bajalakwt,KA,111933,city
bajali,AS,330190,district
bajna,UP,7673,city
bajpe,KA,9701,city
bajwa,GJ,9611,city
bakani,RJ,9812,city
bakarwala,DL,18122,city
bakewar,UP,14217,city
bakhadurgarkh,HR,170767,city
bakharampur,WB,180547,city
bakhrajch,UP,182218,district
bakhri,BR,40043,city
bakhtawarpur,DL,12716,city
bakhtiarpur,BR,47897,city
bakhtiyarpur,BR,34533,city
baksa,AS,950075,district
baksara,BR,1706352,district
balachor,PB,21631,city
balaga,AP,9071,city
balaghat,MP,84261,district
balaghat district,MP,1701698,district
balaghata,MP,1701698,district
balagunda,OD,11708,city
balakrishnanpatti,TN,8635,city
balakrishnapuram,TN,25627,city
balanasi,UP,1164404,city
balangir,OD,98238,district
balapur,MH,44594,city
balapur,TS,8280,city
balaramapura,CG,0,district
balarampur,WB,22847,city
balasamudram,TN,14179,city
balasor,OD,144373,city
balasore,OD,144373,district
balasore district,OD,2320529,district
balaswr,OD,144373,city
balaungi,PB,15982,city
balay,CG,627734,city
baldeogarh,MP,9079,city
baldev,UP,10536,city
baleilli,UP,745435,city
balesbara,OD,144373,city
baleshwar,OD,144373,district
balesvara,OD,144373,city
baleswar,OD,144373,district
baleugaleu,OD,80625,city
baleusi,MH,118722,city
bali,RJ,19880,city
bali,WB,296973,city
bali chak,WB,12957,city
bali koria,AS,6359,city
baliapur,JH,10097,city
baliguda,OD,16611,city
balimila,OD,12008,city
balipatapur,OD,6898,city
balirampur,MH,11939,city
balitha,GJ,12380,city
ballalpur,MH,92146,city
ballari,KA,410445,district
ballari district,KA,2452595,district
ballarpur,MH,92146,city
ballia,BR,47550,city
ballia,UP,3239774,district
bally,WB,296973,city
balod,CG,23648,district
balod district,CG,0,district
baloda,CG,13630,district
baloda bazar,CG,26632,district
baloda bazar district,CG,0,district
baloda bazara,CG,0,district
balotra,RJ,74496,city
balrampur,CG,4456,district
balrampur,UP,77396,district
balrampur district,CG,0,district
balugan,OD,17645,city
balugaon,OD,17238,city
balurghat,WB,153279,city
balurgkhat,WB,153279,city
balussheri,KL,27363,city
balwal,HR,131926,city
bamaur,MP,32838,city
bamba i,MH,12691836,city
bambolim,GA,6885,city
bamboo flat,AN,7962,city
bamda,UP,1799410,district
bamga iganva,AS,738804,district
bamhni,MP,10266,city
bamkura,WB,3596674,district
bamna,MP,9034,city
bamor kalan,MP,27860,city
bamora,MP,8493,city
bamun sualkuchi,AS,7628,city
ban nkalor,KA,8495492,city
bana igamo,AS,738804,district
banagam,WB,111693,city
banagamo,WB,111693,city
banagavam,WB,111693,city
banapur,OD,17499,city
banaras,UP,1164404,city
banares,UP,1164404,city
banas kantha,GJ,3120506,district
banaskantha,GJ,3120506,district
banaskantha district,GJ,3120506,district
banasthali,RJ,12835,city
banat,UP,21580,city
banavar,KA,7827,city
banbasa,UP,7138,city
banda,MH,6611,city
banda,MP,30923,city
banda,UP,152218,district
banda district,UP,1799410,district
bandar,AP,192827,city
bandarulanka,AP,11470,city
bandbahal,OD,9735,city
bandh dih,JH,13192,city
bandhgora,JH,7859,city
bandikui,RJ,44664,city
bandipora,JK,0,district
bandipora district,JK,0,district
bandipore,JK,0,district
bandipur,JK,0,district
bandipura,JK,37081,city
bandlaguda,TS,12734,city
bandora,GA,12819,city
bang galloleu,KA,8495492,city
banga,PB,20906,city
banga igamo,AS,738804,district
banga igamva,AS,738804,district
bangalaura,KA,8495492,city
bangalor,KA,8495492,city
bangalora,KA,8495492,city
bangalore,KA,8495492,district
bangalore city,KA,8495492,city
bangalore rural,KA,990923,district
bangalore urban,KA,9621551,district
bangalur,KA,8495492,city
bangalura,KA,8495492,city
bangaluri,KA,8495492,city
banganapalle,AP,25325,city
bangaon,AS,5873,city
bangaon,BR,60000,city
bangaon,WB,111693,city
bangarapet,KA,44849,city
bangarda,MP,15761,city
bangarda chhota,MP,64213,city
bangarmau,UP,37425,city
bangaroru,KA,8495492,city
bangawan,MP,20873,city
bangomunda,OD,5759,city
bangramanjeshvara,KL,5791,city
baniyamabari,TN,95061,city
bank,MP,18534,city
banka,BR,45977,district
bankalkot,KA,111933,city
bankapur,KA,22529,city
banki,OD,17521,city
bankimnagar,TR,11949,city
bankner,DL,14788,city
bankoli,DL,5339,city
bankra,WB,56273,city
bankura,WB,133966,district
bankura district,WB,3596674,district
banmankhi,BR,26806,city
banmankhi bazar,BR,30336,city
bannur,KA,25455,city
banposh,OD,10430,city
bansatarkheda,MP,5458,city
bansavara,RJ,1797485,district
bansbaria,WB,108474,city
bansberia,WB,108474,city
bansdih,UP,21457,city
bansgaon,UP,14282,city
bansi,UP,39926,city
banskhoh,RJ,11150,city
bansvara,RJ,101017,city
banswada,TS,28384,city
banswara,RJ,101017,district
banswara district,RJ,1797485,district
bantshkwla,HR,211355,city
bantva,GJ,15291,city
bantval,KA,40155,city
banur,PB,18775,city
baola,GJ,42458,city
baonli,RJ,15300,city
bapatla,AP,70777,district
bapi,GJ,163630,city
bapraula,DL,52744,city
baprola,DL,52744,city
baqiabad,DL,14429,city
bar bigha,BR,41758,city
bara,BR,5185,city
bara banki,UP,3260699,district
bara banki district,UP,3260699,district
bara bazar,WB,7985,city
bara uchana,HR,16815,city
barabanki,UP,3260699,district
barabil,OD,56870,city
baragadha,OD,80625,city
baragaon,MP,9282,city
baragaon,UP,11362,city
baragara,OD,80625,city
baragarh,OD,80625,district
baragarha,OD,80625,city
barahanagara,WB,260072,city
barahanagore,WB,260072,city
baraili,UP,745435,city
baraili jil ha,UP,4448359,district
barajamda,JH,8629,city
barakara,KL,76493,city
barakpur,WB,148174,city
baral,RJ,6344,city
baralota,JH,14880,city
baramati,MH,54415,city
baramkela,CG,5600,city
barampuram,OD,356598,city
baramula,JK,77276,district
baramula district,JK,1008039,district
baramulla,JK,1008039,district
baran,RJ,117992,district
baranagar,WB,260072,city
baranagara,WB,260072,city
baranagaras,WB,260072,city
baranagore,WB,260072,city
baranasi,UP,1164404,city
barangr,WB,260072,city
barani,BR,84888,city
barara,HR,21545,city
barasat,WB,298127,city
baratopuru,RJ,252838,city
baratpuras,RJ,252838,city
barauda,MP,8700,city
barauli,BR,41877,city
barauni,BR,71660,city
barauni,MP,10309,city
baraut,UP,93544,city
baravani,MP,1385881,district
barbigha,BR,46075,city
barbil,OD,66540,city
barddhaman,WB,301725,district
bardhaman,WB,301725,district
bardhaman district,WB,7717563,district
bardhamana,WB,301725,city
bardkhaman,WB,301725,city
bardol,OD,5441,city
bardoli,GJ,60821,city
bardoti,GJ,60821,city
bare,KL,12804,city
bare banki,UP,3260699,district
bareilly,UP,745435,district
bareilly district,UP,4448359,district
bareja,GJ,19690,city
barejli,UP,745435,city
barela,MP,12620,city
bareli,MP,34663,city
bareli,UP,745435,district
bareli jila,UP,4448359,district
bareli jilla,UP,4448359,district
bareli jillo,UP,4448359,district
barelimandalam,UP,4448359,district
bareri,UP,745435,city
bareshuwaru,OD,144373,city
bareta,PB,17432,city
bargadh,OD,80625,city
bargaon,RJ,9193,city
bargar,OD,80625,city
bargarh,OD,80625,district
bargarkh,OD,80625,city
bargawan,JH,8615,city
barghar,OD,80625,city
barghat,MP,12100,city
bargi,MP,17588,city
bargur,TN,16366,city
barh,BR,61470,city
barhagarh,OD,6982,city
barhanapura,MP,757847,district
barhanpur,MP,757847,district
barharwa,JH,12617,city
barhi,JH,11867,city
barhi,MP,13946,city
barhi majra,HR,9188,city
barhiya,BR,43045,city
bari,RJ,62721,city
bari sadri,RJ,15713,city
bariarpur,BR,14595,city
barigarh,MP,8918,city
barika chuburi,AS,7911,city
baripada,OD,116849,city
barjala,TR,17998,city
barjora,WB,12294,city
barka kana,JH,18475,city
barkh,BR,61470,city
barkhera kalan,UP,11209,city
barki saria,JH,24134,city
barkot,UK,7725,city
barkuhi,MP,9895,city
barla,RJ,5111,city
barmer,RJ,96225,district
barmer district,RJ,2603751,district
barmhan kalan,MP,8143,city
barnagar,MP,36438,city
barnala,PB,116449,district
baroach,GJ,169007,city
barod,MP,13834,city
baroda,GJ,1822221,city
baroda,MP,18437,city
barodara,GJ,1822221,city
barpali,OD,20850,city
barpathar,AS,7657,city
barpeta,AS,48824,district
barpeta road,AS,35571,city
barrackpore,WB,148174,city
barrakpor,WB,148174,city
barsana,UP,9815,city
barshi,MH,118722,city
barshy,MH,118722,city
barsi,MH,118722,city
barsur,CG,6636,city
barsy,MH,118722,city
barua bari gaon,AS,5444,city
baruipur,WB,53128,city
baruni,BR,84888,city
baruwali,PB,8668,city
barwadih,JH,7888,city
barwah,MP,26459,city
barwala,DL,8948,city
barwala,GJ,17951,city
barwala,HR,43384,city
barwani,MP,55504,district
barwani district,MP,1385881,district
basabakallian,KA,69717,city
basabakalyana,KA,69717,city
basabhakalyana,KA,69717,city
basar,AR,4284,city
basavakal jan,KA,69717,city
basavakali ana,KA,69717,city
basavakalyan,KA,69717,city
basavakalyana,KA,69717,city
basavakalyanam,KA,69717,city
basavana bagevadi,KA,33198,city
basavuakariyan,KA,69717,city
basawakalyan,KA,69717,city
bashettihalli,KA,7943,city
bashi,MH,118722,city
bashohli,JK,5433,city
basi,PB,26295,city
basi,RJ,26029,city
basim,MH,78387,city
basirhat,WB,143007,city
basirhat city,WB,143007,city
basirkhat,WB,143007,city
basmat,MH,68846,city
basmath,MH,68846,city
basna,CG,10345,city
basni,RJ,29187,city
basoda,MP,78289,city
baspalli,TS,27563,city
bastar,CG,10048,district
bastara,CG,1413199,district
basti,UP,115115,district
basti district,UP,2464464,district
basti jila,UP,2464464,district
basti jilla,UP,2464464,district
basudebpur,OD,33690,city
basugaon,AS,13849,city
basukinath,JH,17123,city
baswa,RJ,22515,city
batala,PB,158621,city
batarashi,AS,7001,city
batarpur,RJ,252838,city
bathankwt,PB,174306,city
bathida,PB,285788,district
bathinda,PB,285788,district
batinda,PB,1388525,district
batkhinda,PB,1388525,district
batna,BR,1684297,city
batynda,PB,285788,district
baua kalan,JH,9489,city
baud,OD,20424,city
bauda district,OD,441162,district
baudh,OD,441162,district
baunagar,GJ,605882,city
bavunagaru,GJ,605882,city
bawal,HR,16776,city
bawana,DL,73680,city
bawana delhi,DL,73680,city
bawani khera,HR,20289,city
bawngr,GJ,605882,city
bayad,GJ,17886,city
bayana,RJ,38502,city
bayanpur,HR,5406,city
bazpur,UK,23900,city
bbsr,OD,885363,city
bcharatpour,RJ,252838,city
bdgham,JK,0,district
bdlapwr,MH,174226,city
beavar,RJ,151152,city
beawar,RJ,151152,city
becharaji,GJ,12574,city
bedi,GJ,21327,city
bedla,RJ,5766,city
beed,MH,146709,district
beed district,MH,2585049,district
beerwah,JK,8192,city
begamganj,MP,34031,city
begampur,DL,53682,city
begampur,WB,9831,city
begowal,PB,10175,city
begum pur,DL,53682,city
begun,RJ,20836,city
begusalai,BR,252008,city
begusara i,BR,252008,city
begusarai,BR,252008,district
begusaraj,BR,252008,city
begusarajus,BR,252008,city
begusaray,BR,252008,city
begusaraya,BR,252008,district
begusura i,BR,252008,city
behar,BR,297268,city
behat,UP,18223,city
behjoga,PB,5722,city
behlana,CH,8281,city
behror,RJ,29531,city
beipur,KL,70751,city
bejavada,AP,1143232,city
bejawada,AP,1143232,city
bekobar,JH,7184,city
bekousarai,BR,252008,city
bela,BR,26707,city
bela,MH,5914,city
bela,UP,73992,city
bela partabgarh,UP,73992,city
belaga uma,KA,490045,city
belagaavi,KA,490045,city
belagachhia,OD,5516,city
belagam,KA,490045,city
belagama jila,KA,4779661,district
belagama jillo,KA,4779661,district
belagamva,KA,490045,city
belaganva,KA,490045,city
belaganva jil ha,KA,4779661,district
belagavi,KA,490045,district
belagavimandalam,KA,4779661,district
belagoavi,KA,490045,city
belaguntha,OD,11297,city
belari,KA,410445,city
belaris,KA,410445,city
beldanga,WB,27489,city
belgaan,KA,490045,city
belgaavi,KA,490045,city
belgam,KA,490045,city
belgaon,KA,490045,city
belgaum,KA,490045,district
belgaum district,KA,4779661,district
belgaumas,KA,490045,city
beliator,WB,6014,city
bellampalle,TS,66660,city
bellampalli,TS,66660,city
bellari,KA,410445,city
bellary,KA,410445,district
belloleu,TN,484690,city
bellore,TN,484690,city
belluru,KA,7626,city
belma,KA,6452,city
belonia,TR,19996,city
beloniya,TR,19996,city
belpahar,OD,38993,city
belsand,BR,20566,city
belsor,AS,8523,city
beltangadi,KA,7746,city
belthangady,KA,7635,city
belur,KA,22484,city
belur,TN,9281,city
belvata,KA,8605,city
bemetara,CG,28536,district
benares,UP,1164404,city
benaulim,GA,11919,city
beng gallulu,KA,8495492,city
bengalora,KA,8495492,city
bengalour,KA,8495492,city
bengaluras,KA,8495492,city
bengaluro,KA,8495492,city
bengaluru,KA,8495492,district
bengaluru rural,KA,990923,district
bengaluru urban,KA,9621551,district
bengalurus,KA,8495492,city
benguluru,KA,8495492,city
beniganj,UP,10418,city
benipur,BR,75317,city
benkanhalli,KA,10999,city
beohari,MP,24545,city
beppur,KL,70751,city
bepura,KL,70751,city
berasia,MP,30951,city
bereli,UP,745435,city
berhait,JH,9753,city
berhampore,OD,356598,city
berhampore,WB,180547,city
berhampur,OD,356598,city
beri khas,HR,16727,city
beriwala,RJ,11831,city
berkhampur,OD,356598,city
berla,CG,5165,city
bermo,JH,17401,city
berugaumu,KA,490045,city
beswan,UP,5897,city
betamcherla,AP,38994,city
bethamangala,KA,10413,city
betia,BR,132209,city
betiakh,BR,132209,city
betiya,BR,132209,city
betma,MP,15999,city
betti a,BR,132209,city
bettia,BR,132209,city
bettiah,BR,132209,city
bettiakh,BR,132209,city
bettiya,BR,132209,city
betul,MP,103330,district
betul bazar,MP,10630,city
betul district,MP,1575362,district
bewar,UP,23280,city
beyapare,KL,70751,city
beypore,KL,70751,city
beypur,KL,70751,city
bezawada,AP,1143232,city
bezwada,AP,1143232,city
bha indara,MH,809378,city
bhabhar,GJ,21894,city
bhabhra,MP,10968,city
bhabhua,BR,50179,city
bhabua,BR,50179,city
bhachau,GJ,39532,city
bhadarwah,JK,13429,city
bhadasar,RJ,33006,city
bhadauni,BR,20739,city
bhadaur,PB,18561,city
bhadgaon,MH,37214,city
bhadkodara,GJ,13233,city
bhadodara,GJ,1822221,city
bhadohi,UP,78568,district
bhadohi district,UP,1578213,district
bhadra,RJ,40662,city
bhadrachalam,TS,50087,city
bhadrachellam road,TS,50087,city
bhadradri kothagudem,TS,1304811,district
bhadradri kothagudem district,TS,1304811,district
bhadradri kottagudem,TS,1304811,district
bhadrak,OD,121338,district
bhadraka,OD,121338,city
bhadrakh,OD,121338,city
bhadravati,KA,163903,city
bhadravati,MH,60565,city
bhadreswar,WB,121662,city
bhadson,PB,7260,city
bhagaipur,BR,3037766,district
bhagal jagana,GJ,6250,city
bhagalapura,BR,3037766,district
bhagalpur,BR,400146,district
bhagalpur district,BR,3037766,district
bhaganagar,TS,6993262,city
bhagdawada,GJ,12291,city
bhagirathpur,BR,5323,city
bhagta,PB,14467,city
bhagur,MH,12353,city
bhagwantnagar,UP,6596,city
bhainsa,MP,5144,city
bhainsdehi,MP,16400,city
bhairamgarh,CG,9026,city
bhairapura,KA,14276,city
bhaisa,TS,49764,city
bhakarsahi,OD,7110,city
bhakhara,CG,7547,city
bhakli,HR,9970,city
bhalki,KA,40333,city
bhalpara,GJ,14676,city
bhalswa jahangirpur,DL,197148,city
bhalukdubi,AS,9636,city
bhamian kalan,PB,13174,city
bhanadohi,UP,78568,city
bhandara,MH,91845,district
bhandara district,MH,1200334,district
bhandara jil ha,MH,1200334,district
bhandara jila,MH,1200334,district
bhandara jilla,MH,1200334,district
bhandaramandalam,MH,1200334,district
bhandardaha,WB,5079,city
bhander,MP,25204,city
bhanjanagar,OD,20647,city
bhankarpur,PB,10768,city
bhanpura,MP,21013,city
bhanpuri,CG,17270,city
bhanumukkala,AP,14307,city
bhanupratappur,CG,8125,city
bhanur,TS,9203,city
bhanvad,GJ,22142,city
bhapur,OD,6438,city
bharanikavu tekku,KL,15922,city
bharatapura,RJ,252838,city
bharatapuram,RJ,252838,city
bharatbwr,RJ,252838,city
bharatpur,RJ,252838,district
bharatpur,UP,71783,city
bharatpura,RJ,252838,city
bharatpwr rajstan,RJ,252838,city
bhardua,BR,5317,city
bharnagar,GJ,605882,city
bharoch,GJ,169007,city
bharthana,UP,41055,city
bharthana kosad,GJ,5679,city
bharuch,GJ,169007,district
bharuch district,GJ,1551019,district
bharwari,UP,16411,city
bharweli,MP,10357,city
bhat,GJ,6823,city
bhatapara,CG,57537,city
bhatgaon,CG,11204,city
bhati,DL,18864,city
bhatinda,PB,285788,district
bhatkal,KA,32000,city
bhatpara,WB,483129,city
bhattian,PB,11066,city
bhattiprolu,AP,18001,city
bhaunagar,GJ,605882,district
bhauri,RJ,15312,city
bhavanagara,GJ,605882,city
bhavani,TN,39744,city
bhavanisagar,TN,7710,city
bhavnagar,GJ,605882,district
bhawani mandi,MP,42283,city
bhawanigarh,PB,22320,city
bhawanipatna,OD,69045,city
bhawanipur,BR,27000,city
bhayandar,MH,809378,city
bhayander,MH,809378,city
bhayandr,MH,809378,city
bhayavadar,GJ,19458,city
bhayndar,MH,809378,city
bhayundar,MH,809378,city
bheemavaram,AP,146961,city
bheemunipatnam,AP,55082,city
bhelai,CG,27158,city
bhellora,TN,484690,city
bheraghat,MP,6657,city
bhetia,JH,174355,city
bhi oyadi,MH,874032,city
bhi oyani,HR,1634445,district
bhigvan,MH,8753,city
bhikangaon,MP,16217,city
bhikhi,PB,17825,city
bhikkiwind uttar,PB,20526,city
bhikshandarkovil,TN,17257,city
bhila i,CG,627734,city
bhila i nagara,CG,627734,city
bhilad,GJ,9022,city
bhilai,CG,627734,city
bhilai charoda,CG,98008,city
bhilai nagar,CG,627734,city
bhilai nagara,CG,627734,city
bhilaj nagar,CG,627734,city
bhilajus,CG,627734,city
bhilakhedi,MP,9540,city
bhilavara,RJ,2408523,district
bhiloda,GJ,16074,city
bhilsa,MP,155951,city
bhilwara,RJ,359483,district
bhilwara district,RJ,2408523,district
bhim,RJ,11568,city
bhim kanari,JH,5170,city
bhim tal,UK,6625,city
bhimarayanagudi,KA,8029,city
bhimavaram,AP,146961,city
bhimavaram,TS,13841,city
bhimnagar,MH,14394,city
bhimpur,DH,10936,city
bhimunipatnam,AP,55082,city
bhind,MP,197585,district
bhind district,MP,1703005,district
bhinda,MP,197585,city
bhindar,RJ,17878,city
bhinga,UP,22016,city
bhinmal,RJ,47932,city
bhir,MH,146709,district
bhiraadi,RJ,104921,city
bhiraani,HR,1634445,district
bhitarwar,MP,19096,city
bhivadi,RJ,104921,city
bhivandi,MH,874032,city
bhivani,HR,1634445,district
bhivari,RJ,104921,city
bhiwadi,RJ,104921,city
bhiwandi,MH,874032,city
bhiwani,HR,196057,district
bhiwani district,HR,1634445,district
bhiwndi,MH,874032,city
bhogpur,PB,18008,city
bhoja,GJ,148834,city
bhojapura,BR,2728407,district
bhojpal,MP,1798218,city
bhojpur,BR,2728407,district
bhojudih,JH,9109,city
bhokar,MH,32899,city
bhokardan,MH,24416,city
bhokra,MH,8602,city
bholav,GJ,24605,city
bhongaon,UP,29911,city
bhongir,TS,53339,city
bhonrasa,MP,12166,city
bhooj,GJ,148834,city
bhoom,MH,18561,city
bhoopalpalli,TS,712257,district
bhopal,MP,1798218,district
bhopal district,MP,2371061,district
bhopala,MP,1798218,city
bhopalas,MP,1798218,city
bhopalo,MP,1798218,city
bhor,MH,18982,city
bhore,JK,6360,city
bhorgarh,DL,8627,city
bhowali,UK,5685,city
bhrtpwr,RJ,252838,city
bhuban,OD,22200,city
bhubanesbara,OD,885363,city
bhubaneshwar,OD,885363,city
bhubaneswar,OD,885363,city
bhucho mandi,PB,14961,city
bhudgaon,MH,15738,city
bhug,GJ,148834,city
bhugor,RJ,7666,city
bhuindhara,BR,6614,city
bhuj,GJ,148834,city
bhuja,GJ,148834,city
bhuja bhuja nellore,AP,10927,city
bhuji,GJ,148834,city
bhulath gharbi,PB,10669,city
bhulwal,JK,14174,city
bhuma,RJ,5743,city
bhunagar,GJ,605882,city
bhundsi,HR,17410,city
bhupalapally,TS,712257,district
bhupalpally,TS,42387,city
bhuragaon rev town,AS,9845,city
bhuran,HR,5603,city
bhurivel,GJ,5730,city
bhusaval,MH,187421,city
bhusawal,MH,187421,city
bhusawar,RJ,19946,city
bhuvanesvara,OD,885363,city
bhuwana,RJ,17665,city
bhuwaneshwar,MH,8871,city
bhwy,GJ,148834,city
bhywady,RJ,104921,city
bhywany,HR,1634445,district
bi lai,CG,627734,city
biaora,MP,49093,city
bibinagar,TS,8320,city
bichhia,MP,10427,city
bicholi hapsi,MP,8774,city
bicholim,GA,16986,city
bicholim town,GA,16986,city
bicolim,GA,16986,city
bicolima,GA,16986,city
bid,MH,2585049,district
bid rural,MH,146709,city
bida,MH,146709,district
bidadi,KA,9917,city
bidar,KA,216020,district
bidar district,KA,1703300,district
bidara,KA,216020,city
bidaru,KA,216020,city
bidasar,RJ,35683,city
bidh,MH,146709,district
bidhuna,UP,27158,city
bidisa,MP,155951,city
bidisya,MP,155951,city
bidzapur,KA,327427,city
bidzapuras,KA,327427,city
bidzhapur,KA,327427,city
bidzhnor,UP,84593,district
bidzsapur,KA,327427,city
bighapur khurd,UP,6409,city
bihar,BR,297268,city
bihar sharif,BR,297268,city
bihariganj,BR,32805,city
bihat,BR,67952,city
bihpuria,AS,12016,city
bihpuriagaon,AS,11780,city
bihta,BR,47549,city
bijaipur,MP,16964,city
bijanaura,UP,84593,district
bijanaura jila,UP,3682713,district
bijanaura jilla,UP,3682713,district
bijanauramandalam,UP,3682713,district
bijanora,UP,84593,city
bijanora jilla,UP,3682713,district
bijapuleu,KA,327427,city
bijapur,CG,16129,district
bijapur,KA,327427,district
bijapur district,CG,0,district
bijapur district,KA,2177331,district
bijapura,CG,0,district
bijapura,KA,327427,city
bijapura jila,CG,0,district
bijapuram,KA,327427,city
bijapuru,KA,327427,city
bijawar,MP,20513,city
bijayabada,AP,1143232,city
bijayanagarama,AP,228720,city
bijayarada,AP,1143232,city
bijayawada,AP,1143232,city
bijayawara,AP,1143232,city
bijaynagar,RJ,32124,city
bijbehara,JK,24590,city
bijepur,OD,6922,city
bijeraghogarh,MP,8371,city
bijianagalam,AP,228720,city
bijiyanagarama,AP,228720,city
bijni,AS,13257,city
bijnor,UP,84593,district
bijnor district,UP,3682713,district
bijnora,UP,84593,city
bijnur,UP,3682713,district
bijolia,RJ,14140,city
bijrauni,MP,5743,city
bijuri,MP,32682,city
bikaner,RJ,644406,district
bikaner district,RJ,2363937,district
bikanera,RJ,644406,district
bikapur,UP,13177,city
bikharsharif,BR,297268,city
bikkatti,TN,5864,city
bikollim,GA,16986,city
bikorimu,GA,16986,city
bikram,BR,22486,city
bikramganj,BR,48465,city
bilaigarh,CG,5544,city
bilaj,CG,627734,city
bilara,RJ,41710,city
bilari,UP,29666,city
bilariaganj,UP,13244,city
bilasapura,CG,2663629,district
bilasipara,AS,37739,city
bilaspur,CG,365579,district
bilaspur,HP,14037,district
bilaspur,HR,11733,city
bilaspur,UP,39873,city
bilaspur district,CG,2663629,district
bilaspur district,HP,381956,district
bilaspura,CG,365579,city
bilaua,MP,12893,city
bilga,PB,10125,city
bilgi,KA,17792,city
bilgram,UP,27173,city
bilha,CG,11048,city
bilhaur,UP,19333,city
bilimor,GJ,510879,city
bilimora,GJ,510879,city
bilkha,GJ,14421,city
billai,CG,627734,city
biloli,MH,14923,city
bilpura,MP,14349,city
bilsanda,UP,15538,city
bilsi,UP,26320,city
bilthra,UP,17228,city
bimlipatam,AP,55082,city
bin de,MP,197585,city
bina,MP,64529,city
bina etawa,MP,55185,city
bina railway colony,MP,64529,city
bindki,UP,36058,city
binika,OD,15765,city
bir district,MH,2585049,district
bira,MH,146709,city
birabhuma,WB,3502404,district
birai,CG,627734,city
birbhaddar,UK,13058,city
birbhum,WB,3502404,district
birbhum district,WB,3502404,district
birgaon,CG,96294,city
birjapur,CG,0,district
birmitrapur,OD,33442,city
birodhacalama,TN,73585,city
birpara,WB,30000,city
birpur,BR,19932,city
birpur,JK,7177,city
birsinghpur,MP,14339,city
birur,KA,23493,city
birvadi,MH,8829,city
bisakhapatana,AP,1063178,city
bisakhapattama,AP,1063178,city
bisalapura,UP,68355,city
bisalgarh,TR,21085,city
bisalpur,UP,68355,city
bisapuleu,UP,68355,city
bisarupuru,UP,68355,city
bisauli,UP,32154,city
bisenda buzurg,UP,11100,city
bishnah,JK,11645,city
bishnath,AS,19145,city
bishnupur,MN,12167,district
bishnupur,WB,64041,city
bishnupur district,MN,237399,district
bishramganj,TR,0,city
bishrampur,CG,11367,city
bishrampur,JH,42925,city
bishunpur urf maharajganj,UP,7499,city
bisokhar,UP,14332,city
bissamcuttack,OD,8399,city
bissau,RJ,23227,city
biswan,UP,52516,city
biswanath,AS,0,district
biswanath chariali,AS,19145,city
biswanath district,AS,0,district
bisyakapateunam,AP,1063178,city
bithur,UP,10602,city
bivandi,MH,874032,city
biwandi,MH,874032,city
bjnwr,UP,84593,city
bjsaray,BR,252008,city
bkhadrak,OD,121338,city
bkhadrakkh,OD,121338,city
bkhadravati,KA,163903,city
bkhadresuar,WB,121662,city
bkhagalpur,BR,400146,city
bkhajandar,MH,809378,city
bkhalsua dzhakhangirpur,DL,197148,city
bkhandara,MH,91845,district
bkhapal,MP,1798218,city
bkharatpur,RJ,252838,city
bkharuch,GJ,169007,city
bkhatinda,PB,285788,city
bkhatpara,WB,483129,city
bkhavnagarom,GJ,605882,city
bkhetia,JH,174355,city
bkhilai,CG,627734,city
bkhilvara,RJ,359483,city
bkhimavaram,AP,146961,city
bkhind,MP,197585,city
bkhiuadi,RJ,104921,city
bkhivandi,MH,874032,city
bkhivani,HR,196057,district
bkhopal,MP,1798218,city
bkhsh gntwr,AP,4887813,district
bkhsh krshna,AP,4517398,district
bkhsh rajwry,JK,642415,district
bkhubaneshvar,OD,885363,city
bkhudzh,GJ,148834,city
bkhusaval,MH,187421,city
blary,KA,410445,city
blgam,KA,490045,city
blgaywm,KA,490045,city
blkad,KL,132728,city
bllary,KA,410445,city
blndshhr,UP,198612,city
blwama,JK,0,district
bmbyy,MH,12691836,district
bmbyy nw,MH,2600000,city
bnars,UP,1164404,district
bnghalwr,KA,8495492,city
bnglwr,KA,8495492,city
bobbili,AP,56819,city
bobbiri,AP,56819,city
bobruwada,KA,5409,city
bodeli,GJ,12184,city
bodh gaya,BR,38439,city
bodhan,TS,77573,city
bodinayakanur,TN,75680,city
bodinayakkanur,TN,75680,city
bodri,CG,17481,city
bodri,MP,14491,city
bodupal,TS,43692,city
bogadi,KA,9041,city
bohari,AS,8264,city
boisar,MH,36151,city
bokajan,AS,19877,city
bokakhat,AS,10143,city
bokaro,JH,564319,district
bokaro district,JH,2062330,district
bokaro jil ha,JH,2062330,district
bokaro jila,JH,2062330,district
bokaro jilla,JH,2062330,district
bokaro jillo,JH,2062330,district
bokaro steel city,JH,564319,city
bokaromandalam,JH,2062330,district
bol shaja nojda,UP,293908,city
bolangir,OD,98238,district
bolanikhodan,OD,11942,city
bolapura,WB,70998,city
bolapura pascima bangala,WB,70998,city
bolarum,TS,34667,city
bolpur,WB,70998,city
bombai,MH,12691836,city
bombaim,MH,12691836,city
bombaj,MH,12691836,city
bombay,MH,12691836,city
bombay dharavi,MH,700000,city
bombaya,MH,12691836,city
bombej,MH,12691836,city
bombejus,MH,12691836,city
bomdila,AR,8370,city
bommasandra industrial area,KA,15254,city
bomminayakkanpatti,TN,12448,city
bona igamo,AS,738804,district
bonai district,OD,2093437,district
bonaigarh,OD,7080,city
bondantila,KA,5858,city
bonga iga om,AS,738804,district
bonga iganva,AS,738804,district
bongabar,JH,5236,city
bongaigaon,AS,67322,district
bongajgaon,AS,738804,district
bongaon,WB,111693,city
bontapalli,TS,6608,city
boothapandi,TN,15931,city
bopal,GJ,37635,city
bopal,MP,1798218,city
boparu,MP,1798218,city
bora,MP,9886,city
boraj,RJ,8780,city
borawar,RJ,24975,city
bordhoman,WB,301725,city
borgaon,MH,19759,city
borgaon,MP,7497,city
borgolai grant no,AS,5241,city
bori,MH,12072,city
boriavi,GJ,19865,city
boribali,MH,609617,city
borigumma,CG,9785,city
borim,GA,8257,city
borio,JH,6964,city
borivali,MH,609617,city
borivali tarf rahur,MH,5780,city
borivli,MH,609617,city
borkheri,MH,13294,city
borla,CG,5689,city
borlai panchaitan,MH,6952,city
borpukhuri,AS,8318,city
borsad,GJ,63377,city
botad,GJ,130327,district
boudh,OD,441162,district
boudh district,OD,441162,district
boulantsachr,UP,198612,city
bowluvada,AP,5001,city
boyampalaiyam,TN,40503,city
boyapalli,TS,9247,city
brahmakulam,KL,14390,city
brahmana periya agraharam,TN,24798,city
brahmanan di bari,JK,15453,city
brahmani,MH,10341,city
brahmapur,OD,356598,city
brahmapura,OD,356598,city
brahmapuram,OD,356598,city
brahmapuramu,OD,356598,city
brahmapuras,OD,356598,city
brahmavar,KA,165000,city
brajarajanagara,OD,80403,city
brajarajnagar,OD,80403,city
brajaranjanagara,OD,80403,city
brajrajnagar,OD,80403,city
bramapur,OD,356598,city
bramhabarada,OD,10721,city
bramhapuri,MH,36025,city
brhan bwr,MP,757847,district
brhanpwr,MP,757847,district
brhattara nayada,UP,293908,city
brhmapwr,OD,356598,city
briddhanagar,TR,7041,city
brijnagar,RJ,66919,city
brindaban,UP,60195,city
british cochin,KL,633553,city
broach,GJ,169007,district
broach and panch mahals,GJ,2390776,district
broach and panch mahals district,GJ,2390776,district
brod,TN,521891,city
brshy hnd,MH,118722,city
bryly,UP,745435,city
bsalpwr,UP,68355,city
bswa klyan,KA,69717,city
bubaneshuwaru,OD,885363,city
budaun,UP,161555,district
budaun district,UP,3681896,district
budauna,UP,161555,city
budgam,JK,0,district
budge budge,WB,76837,city
budha theh,PB,10979,city
budhana,UP,35442,city
budhapanka,OD,6129,city
budhlada,PB,26172,city
budhni,MP,16808,city
budhpura,RJ,5070,city
budipuram,TN,11022,city
buelendsehr,UP,198612,city
buguda,OD,15176,city
buji,GJ,148834,city
buju,GJ,148834,city
buksar,BR,102861,city
buladasahira,UP,198612,city
buladhana,MH,2586258,district
buland sahar,UP,198612,city
bulanda sahera jillo,UP,3499171,district
bulandasahara,UP,198612,district
bulandasahara jela,UP,3499171,district
bulandasahara jil ha,UP,3499171,district
bulandasahara jila,UP,3499171,district
bulandasahara jilla,UP,3499171,district
bulandasaharamandalam,UP,3499171,district
bulandsahar,UP,198612,city
bulandsahr,UP,198612,city
bulandsara,UP,198612,city
bulandsaras,UP,198612,city
bulandshag ar,UP,3499171,district
bulandshahr,UP,198612,district
bulandshahr district,UP,3499171,district
bulandshakhr,UP,198612,district
bulandshakhre,UP,198612,city
bulandshar,UP,198612,city
buldana,MH,67431,district
buldhana,MH,2586258,district
bullandeusyaleu,UP,198612,city
bulsar,GJ,139764,city
bulsar district,GJ,1705678,district
bumbaj,MH,12691836,city
buna hir,JK,6348,city
bundi,RJ,104919,district
bundi city,RJ,104919,city
bundi district,RJ,1110906,district
bundu,JH,21054,city
bungal,PB,5257,city
bunjwah,JK,15899,city
bur hanpura,MP,757847,district
burahanapura,MP,757847,district
burahanapuram,MP,757847,district
burandosharu,UP,198612,city
buranpur,MP,757847,district
burari,DL,146190,city
burdewan,WB,7717563,district
burdwan,WB,301725,district
burdwan district,WB,7717563,district
burha,MP,84261,city
burhahanapura,MP,757847,district
burhanpur,MP,210886,district
burhar,MP,19289,city
buriya,HR,10903,city
burkhanpur,MP,210886,district
burla,OD,46698,city
buruhanpuru,MP,757847,district
butala,PB,158621,city
buxar,BR,102861,district
buxwaha,MP,10216,city
buzurg,MP,13868,city
bwbal,MP,1798218,city
bwbly,AP,56819,city
bwlndshhr,UP,198612,city
bwlwama,JK,0,district
bwmbay,MH,12691836,city
bwnh,MH,3124458,city
bwnjayjawn,AS,738804,district
bwnsh,JK,0,district
bwntsh,JK,0,district
bwpal,MP,1798218,city
bwrbndr,GJ,152760,city
bwrnya,BR,282248,city
bwry waly,MH,609617,city
byadgi,KA,30014,city
byandar,MH,809378,city
byasanagar,OD,56946,city
bychwlym,GA,16986,city
bydr,KA,216020,city
byjapwr,KA,327427,city
bylary,KA,410445,city
bylgawm,KA,490045,city
bylgwm,KA,490045,city
byndoor,KA,20323,city
bynglwr,KA,8495492,city
bywady,RJ,104921,city
bywandy,MH,874032,city
bywany,HR,1634445,district
cachar,AS,1736617,district
cachar district,AS,1736617,district
cadigarha,CH,970602,city
cakarca,BR,156540,city
cakradharapura,JH,56531,city
cakratarpur,JH,56531,city
calakera,KA,55194,city
calakkeri,KA,55194,city
calandhar,PB,868929,city
calangute,GA,17446,city
calapor,GA,14077,city
calcuta,WB,4631392,city
calcutta,WB,4631392,city
calecute,KL,550440,city
calicut,KL,550440,city
calicutium,KL,550440,city
caligardamana,WB,4631392,city
callakere,KA,55194,city
cam mu,JK,576198,city
cambay,GJ,99164,city
camnaqar,GJ,600943,city
camoli,UK,391605,district
camoli garhavala jila,UK,391605,district
camoli jil ha,UK,391605,district
camoli jilla,UK,391605,district
camoli jillo,UK,391605,district
camolimandalam,UK,391605,district
campai,MZ,125745,district
campay mavattam,MZ,125745,district
campayamandalam,MZ,125745,district
campbell bay,AN,5736,city
campha i jil ha,MZ,125745,district
campha i jila,MZ,125745,district
campha i jilla,MZ,125745,district
campha i jillo,MZ,125745,district
can thn nkhr,WB,180623,city
canacona,KA,12434,city
cananor,KL,62836,city
canapatana,KA,71942,city
candanagar,WB,180623,city
candanagara,WB,180623,city
candanagaro,WB,180623,city
candananagara,WB,180623,city
candarnagar,WB,180623,city
candhigad,CH,970602,city
candigadh,CH,970602,city
candigadha,CH,970602,city
candigara,CH,970602,city
candigarchas,CH,970602,city
candigarh,CH,970602,city
candigarha,CH,970602,city
candola,GA,5354,city
candolim,GA,9197,city
candrapur,MH,328351,city
candrapura,MH,328351,district
candrapuram,MH,328351,city
candrapuras,MH,328351,city
cankamner,MH,67309,city
cannanore,KL,62836,district
cannanore district,KL,2523003,district
cannapatana,KA,71942,city
cannapatna,KA,71942,city
cannapattana,KA,71942,city
cannapattanam,KA,71942,city
cannappattana,KA,71942,city
canning,WB,42132,city
cantannakar,WB,180623,city
canthra pu ra,MH,328351,city
cantikar,CH,970602,city
cantirappur,MH,328351,city
capara,BR,202352,city
capha i zila,MZ,125745,district
capra,BR,202352,city
captainganj,UP,12299,city
carapur,GA,5575,city
carkuja mavattam,CG,2359886,district
casa,JH,141640,city
caspira,JK,1206419,city
cassabe de bicholim,GA,16986,city
catara,JH,0,district
catarpur,MP,142128,city
cattar pur,MP,142128,city
cattarpur,MP,142128,city
caunpur,UP,169572,city
cavay matopur,RJ,121106,city
cavelossim,GA,11983,city
cawnpore,UP,2823249,district
cawnpore district,UP,4581268,district
cawnporne,UP,2823249,city
caypur,RJ,3046163,city
cehor,MP,109118,city
celam,TN,917414,city
celam mavattam,TN,3482056,district
cemsidpur,JH,1339438,city
cen ni,TN,4681087,city
cena i,TN,4681087,city
cenaj,TN,4681087,city
cenajo,TN,4681087,city
cenajus,TN,4681087,city
cenay,TN,4681087,city
cengalapattu,TN,65689,city
cenkalpattu,TN,65689,district
cenna i,TN,4681087,city
cenna i jela,TN,4646732,district
cenna i jil ha,TN,4646732,district
cenna i jila,TN,4646732,district
cenna i jilla,TN,4646732,district
cenna i jillo,TN,4646732,district
cennai,TN,4681087,city
cennai jilla,TN,4646732,district
cennai mavattam,TN,4646732,district
cennaimandalam,TN,4646732,district
cennaj,TN,4681087,city
cennapatna,KA,71942,city
centava,MP,56485,city
centraal delhi,DL,582320,district
central,DL,582320,district
central delhi,DL,582320,district
central ne deli,DL,582320,district
central nyj deli,DL,582320,district
ceyppur,RJ,3046163,city
chabua,AS,8966,city
chachaura,MP,21860,city
chadoora,JK,6482,city
chaibasa,JH,69565,city
chail,UP,8407,city
chainpur,JH,8188,city
chakai,BR,11525,city
chakan,MH,41113,city
chakapara,WB,27320,city
chakardharpore,JH,56531,city
chakardharpur,JH,56531,city
chakghat,MP,10678,city
chakia,BR,20686,city
chakia,UP,14999,city
chakkarappalli,TN,6227,city
chaklasi,GJ,39581,city
chakradharpur,JH,56531,city
chaksu,RJ,33432,city
chakulia,JH,16306,city
chalakilakakara,KL,17088,city
chalakyry,KA,55194,city
chalala,GJ,17081,city
chalantapara pt iv,AS,5744,city
chalisgaon,MH,97551,city
challakere,KA,55194,city
challapalle,AP,16841,city
chalntvani,UK,139497,city
chalthan,GJ,21795,city
cham nkhr,GJ,600943,city
chamarajanagar,KA,69875,district
chamba,HP,21502,district
chamkor,PB,13920,city
chammanad,KL,14323,city
chamoli,UK,391605,district
chamoli district,UK,391605,district
chamolin piirikunta,UK,391605,district
champa,CG,45256,city
champaran east,BR,5099371,district
champaran west,BR,3935042,district
champawat,UK,259648,district
champhai,MZ,125745,district
champhai district,MZ,125745,district
champkhaj,MZ,125745,district
champua,OD,10394,city
chamrajnagar,KA,69875,district
chamseth pu ra,JH,1339438,city
chanaje,MH,16714,city
chanak,WB,148174,city
chanapatna,KA,71942,city
chanapattona,KA,71942,city
chanari,BR,6569,city
chanasma,GJ,15932,city
chanda,MH,328351,city
chandameta,MP,16497,city
chandan hola,DL,6780,city
chandan nagar,WB,180623,city
chandanagaleu,WB,180623,city
chandanagar,WB,180623,city
chandanagari,WB,180623,city
chandannagar,WB,180623,city
chandapuleu,MH,328351,city
chandapuram,TN,14598,city
chandarun,RJ,10655,city
chandauli,UP,25035,district
chandauli district,UP,1952756,district
chandausi,UP,112635,city
chandbali,OD,9918,city
chandel,MN,0,district
chandel district,MN,0,district
chanderi,MP,33081,city
chandernagor,WB,180623,city
chandernagore,WB,180623,city
chandia,MP,15891,city
chandigadh,CH,970602,city
chandigar,CH,970602,city
chandigarh,CH,970602,district
chandigarh,TR,5607,city
chandigarh district,CH,1055450,district
chandigarhi,CH,970602,city
chandigarkh,CH,970602,city
chandigaru,CH,970602,city
chandili,OD,18552,city
chandiman,HR,9051,city
chandkapur,MH,12077,city
chandla,MP,12838,city
chandor,MH,25341,city
chandorapuru,MH,328351,city
chandpur,OD,5565,city
chandpur,UP,73555,city
chandrakona,WB,21855,city
chandrapada,MH,7750,city
chandrapur,CG,7688,city
chandrapur,GJ,8906,city
chandrapur,MH,328351,district
chandrapur baghicha,AS,5106,city
chandrapura,JH,27425,city
chandrapwr,MH,328351,city
chanduasi,UP,112635,city
chandur,MH,26755,city
chandur,TS,11220,city
chandur bazar,MH,18780,city
chandwa,JH,12046,city
chang pai xian,MZ,125745,district
changanacheri,KL,51430,city
changanacherry,KL,51430,city
changanasseri,KL,51430,city
changanassery,KL,51430,city
changlang,AR,6236,district
changsari,AS,5354,city
channagiri,KA,21313,city
channapatan,KA,71942,city
channapateuna,KA,71942,city
channapatna,KA,71942,city
channarayapatna,KA,40417,city
chanod,GJ,18776,city
chanpatia,BR,27095,city
chantarpur,MP,142128,city
chantongia,NL,7532,city
chapakhowa town,AS,10305,city
chapar,AS,20322,city
chapara,BR,202352,city
chapra,AS,11220,city
chapra,BR,202352,city
charaideo,AS,0,district
charaideo district,AS,0,district
charakea,KA,55194,city
charama,CG,9707,city
charhi,JH,6842,city
charingia gaon,AS,5094,city
charipara,TR,19598,city
charkhari,UP,24881,city
charkhi dadri,HR,56337,city
charki dadrai,HR,56337,city
charki dadri,HR,56337,district
charthawal,UP,19942,city
chas,JH,141640,city
chataleupuleu,MP,142128,city
chatarapura,MP,142128,city
chatarapura rajya,MP,142128,city
chatarapuram,MP,142128,city
chatarupuru,MP,142128,city
chathirareddipatti,TN,5360,city
chatibor gaon,AS,8231,city
chatra,JH,49985,district
chatrapatti,TN,6948,city
chatrapura,MP,142128,city
chattarapura,MP,142128,city
chaumu,RJ,64417,city
chauparan,JH,5361,city
chaurai,MP,12956,city
chautapal,TS,19092,city
chavara,KL,42655,city
chdmbrm,TN,62153,city
chechat,RJ,11690,city
chedabalam,TN,62153,city
chegunta,TS,5747,city
chehnai,TN,4681087,city
chekkiad,KL,24246,city
chekonidhara,AS,9026,city
chelakara,KL,8936,city
chelamartam,KL,16844,city
chelambra,KL,34149,city
chelora,KL,20952,city
chelur,KA,5911,city
chemancheri,KL,34819,city
chembagaramanpudur,TN,5028,city
chemmumiahpet,AP,31416,city
chen nai,TN,4681087,city
chen nai xian,TN,4646732,district
chenai,TN,4681087,city
chenaj,TN,4681087,city
chenar village,RJ,5579,city
chendamangalam,KL,29326,city
chendrappini,KL,16404,city
chengala,KL,15588,city
chengalam,KL,16111,city
chengalpat,TN,65689,city
chengalpattu,TN,65689,district
chengalpattu district,TN,2556423,district
chengam,TN,26980,city
chengamanad,KL,29576,city
chengannur,KL,25043,city
chengappalli,TN,6587,city
chennagiri,TN,5338,city
chennai,TN,4681087,district
chennai cennai,TN,4681087,city
chennai district,TN,4646732,district
chennai gu,TN,4646732,district
chennain piirikunta,TN,4646732,district
chennaj,TN,4681087,city
chennamukkapalle,AP,7065,city
chennasamudram,TN,8111,city
chennimalai,TN,16268,city
chennithala,KL,12360,city
cheppad,KL,20052,city
cheranellur,KL,30594,city
cheranmahadevi,TN,18327,city
cheriyamundam,KL,31212,city
cherlopalle,AP,6143,city
cherpu,KL,7864,city
cherpulassery,KL,30000,city
cherra,JH,5279,city
cherrapunjee,ML,11722,city
cherthala,KL,45827,city
cherukavu,KL,30126,city
cherukunnu,KL,16111,city
cheruthazham,KL,29348,city
cheruthuruthi,KL,13828,city
cheruvannur,KL,61614,city
chetput,TN,19827,city
chettinayakkanpatti,TN,17701,city
chettipalaiyam,TN,37620,city
chetwayi,KL,38011,city
chevvoor,KL,16086,city
cheyyar,TN,37802,city
cheyyur,TN,11060,city
chhabra,RJ,32285,city
chhachhrauli,HR,10751,city
chhala,GJ,17323,city
chhanera,MP,22052,city
chhapar,RJ,19744,city
chhapera,MP,8501,city
chhapi,GJ,8379,city
chhapra,BR,202352,city
chhapra,GJ,10147,city
chhaprauli,UP,19224,city
chharra,UP,24535,city
chhata,UP,21260,city
chhatapur,BR,23425,city
chhatarpur,DL,46776,city
chhatarpur,MP,142128,district
chhatarpwr,MP,142128,city
chhatral ina,GJ,10215,city
chhatrapati sambhaji nagar,MH,1175116,city
chhatrapur,OD,22027,city
chhattarpur,MP,142128,city
chhawala,DL,14662,city
chhaya,GJ,47699,city
chhibramau,UP,57071,city
chhindwara,MP,175052,district
chhipa barod,RJ,18837,city
chhiri,GJ,18829,city
chhota gobindpur,JH,31843,city
chhota udaipur,GJ,25787,city
chhota udepur,GJ,25787,city
chhotaudepur,GJ,0,district
chhoti sadri,RJ,18360,city
chhuikhadan,CG,7093,city
chhura,CG,6095,city
chhurikala,CG,8239,city
chhutmalpur,UP,11127,city
chicacole,AP,137944,city
chicacole district,AP,2703114,district
chicalim,GA,7787,city
chichli,MP,10225,city
chicholi,MH,18864,city
chicholi,MP,9282,city
chickmagalur,KA,121484,district
chickmaglur,KA,1137961,district
chidambaram,TN,62153,city
chidamubaramu,TN,62153,city
chidawa,RJ,43953,city
chidiga,AP,6365,city
chik ballapur,KA,63652,city
chik banavar,KA,14409,city
chika,HR,38952,city
chikballapur,KA,1255104,district
chikballapura district,KA,1255104,district
chikhaldara,MH,5158,city
chikhlakasa,CG,6160,city
chikhli,GJ,7480,city
chikhli,MH,57889,city
chikhli kalan,MP,9840,city
chikiti,OD,11645,city
chikjajur,KA,6236,city
chikkaballapur,KA,1255104,district
chikkaballapura,KA,63652,city
chikkaballapura district,KA,1255104,district
chikkabidarakallu,KA,11554,city
chikkamagaluru,KA,121484,district
chikkhli,MH,57889,city
chikmagalur,KA,121484,district
chikmagalur district,KA,1137961,district
chikmanglur,KA,121484,city
chikmugalur,KA,121484,city
chiknayakanhalli,KA,24292,city
chikodi,KA,38307,city
chilakalurupet,AP,101398,city
chilla saroda khadar,DL,11743,city
chilla soroda bangar,DL,83217,city
chillupar,UP,20518,city
chiloda,GJ,9735,city
chima,PB,9894,city
chiman,PB,11615,city
chimbel,GA,15289,city
chinchani,MH,14357,city
chinchinim,GA,7355,city
chincholi,KA,20897,city
chindwara,MP,175052,city
chingleput,TN,65689,city
chingoli,KL,14981,city
chinna andankovil,TN,19779,city
chinna chowk,AP,64053,city
chinna kalaiyamputtur,TN,5162,city
chinna salem,TN,25106,city
chinnachintakunta,TS,5637,city
chinnachowk,AP,64053,city
chinnakkampalaiyam,TN,11546,city
chinnalapatti,TN,26285,city
chinnamanali,TN,6878,city
chinnamanur,TN,42305,city
chinnampalaiyam,TN,8695,city
chinnamudalippatti,TN,8928,city
chinnasekkadu,TN,12396,city
chinnatadagam,TN,8407,city
chinnavadampatti,TN,20122,city
chinniyampalaiyam,TN,8232,city
chinnur,TS,23579,city
chintalavalasa,AP,5921,city
chintamani,KA,76068,city
chintapalle,AP,7888,city
chiplun,MH,55139,city
chipurupalle,AP,25898,city
chirakkal,KL,45601,city
chirala,AP,92942,city
chiramanangad,KL,11060,city
chiranellur,KL,10145,city
chirang,AS,482162,district
chirgaon,UP,14147,city
chirkunda,JH,45508,city
chirmiri,CG,100800,city
chitaguppa,KA,25298,city
chitaldroog,KA,145853,city
chitaldroog district,KA,1659456,district
chitaldrug,KA,145853,district
chitaldurg,KA,145853,city
chitalwana,RJ,8141,city
chitapur,KA,31299,city
chitarpur,JH,22837,city
chitdambaram,TN,62153,city
chitegaon,MH,11507,city
chitkul,TS,5596,city
chitoor,AP,4174064,district
chitor,RJ,116406,district
chitorgarh,RJ,116406,district
chitradurg,KA,145853,city
chitradurga,KA,145853,district
chitradurga district,KA,1659456,district
chitrakaldurga,KA,145853,city
chitrakoot,UP,991730,district
chitrakoot dham,UP,23316,city
chittanda,KL,5936,city
chittanur,TN,10199,city
chittapari,OD,11796,city
chittaranjan,WB,45305,city
chittarkonda,OD,7260,city
chittaurgarh,RJ,116406,district
chittayankottai,TN,13634,city
chitteldrug,KA,145853,city
chittilapilli,KL,6988,city
chittode,TN,8550,city
chittoor,AP,160722,district
chittoor district,AP,4174064,district
chittor,AP,160722,city
chittor,RJ,116406,city
chittorgarh,RJ,116406,district
chittorgarh district,RJ,1544338,district
chittorgarkh,RJ,116406,city
chittorugaru,RJ,116406,city
chittur,AP,160722,city
chittur,KL,32298,city
chitturu,AP,160722,city
chityal,TS,13752,city
chkatarpur,MP,142128,city
chkhapra,BR,202352,city
chkhatarpur,MP,142128,city
chkhindvara,MP,175052,city
chlan thra,PB,868929,city
chlkrh,KA,55194,city
chnay,TN,4681087,city
chnayy,TN,4681087,city
chndn ngr,WB,180623,city
chndngr,WB,180623,city
chndrapwr,MH,328351,city
chndrpwr,MH,328351,city
chobda,MH,72783,city
chockli,KL,33732,city
chodavaram,AP,29000,city
choglamsar,LA,10754,city
chokkanathapuram,TN,15625,city
cholapuram,TN,6803,city
chomu,RJ,64417,city
chomun,RJ,64417,city
choornikkara,KL,43207,city
choozhal,TN,6807,city
chopan,UP,13585,city
chopda,MH,72783,city
choppuda,MH,72783,city
chorod,KL,38245,city
chorwad,GJ,22720,city
chota haibor,AS,6315,city
chota udaipur,GJ,25787,city
chotila,GJ,21364,city
chottanikkara,KL,9308,city
choudwar,OD,52999,city
chowwara,KL,14933,city
chtarapura,MP,1762375,district
chtwr,AP,160722,city
chuganwan,PB,5416,city
chuhal,PB,7304,city
chulissheri,KL,5441,city
chumoukedima,NL,168522,district
chumukedima,NL,25885,city
chunar,UP,36459,city
chunchupally,TS,19944,city
chundal,KL,12502,city
chupra,BR,202352,city
churachandpur,MN,47774,district
churhat,MP,14962,city
churi,JH,24876,city
churu,RJ,120157,district
churu district,RJ,2039547,district
chwpwr,MP,71951,city
chydambaram,TN,62153,city
chynachwwk,AP,64053,city
chynay,TN,4681087,city
chynayy,TN,4681087,city
cidambaram,TN,62153,city
cidambarama,TN,62153,city
cikhali,MH,57889,city
cikkamagaluru,KA,121484,city
cikkantarapat,TS,204182,city
cilcar,AS,178865,city
cillan,ML,143229,city
cillot,MH,58230,city
cilvaca,DH,98265,city
cimakka,KA,322650,city
cimla,HP,173503,city
cimla mavattam,HP,814010,district
cinnacaka,AP,64053,city
cinnacauka,AP,64053,city
cinnacauku,AP,64053,city
cinnar,MH,65299,city
cintuturk mavattam,MH,849651,district
ciri potti ciri ramulu nellur mavattam,AP,2963557,district
cirinakar,JK,1206419,city
cirpur,MH,76905,city
cit tea rkhrh,RJ,116406,city
citamparam,TN,62153,city
citaura,RJ,116406,city
citlakatta,KA,51159,city
citoragara,RJ,116406,city
citorgar,RJ,116406,city
citradurga,KA,145853,district
citradurga jil ha,KA,1659456,district
citradurga jila,KA,1659456,district
citradurga jillo,KA,1659456,district
citradurga nagara,KA,145853,city
citradurgam,KA,145853,city
citradurgamandalam,KA,1659456,district
citraturka,KA,145853,city
cittara,AP,160722,city
cittaudagadha,RJ,116406,city
cittauragadha,RJ,116406,city
cittauragara,RJ,116406,city
cittauragarha,RJ,116406,district
cittiraturkkai mavattam,KA,1659456,district
cittodagadha,RJ,116406,city
cittorkar,RJ,116406,city
cittur,AP,160722,city
cittura,AP,160722,city
citturu,AP,160722,city
citura,AP,160722,city
city of lord anantha,KL,788271,district
city of spices,KL,550440,city
civakaci,TN,234704,city
civil station,GJ,179628,city
ciyoppur,MP,71951,city
clement town,UK,20806,city
closepet,KA,95167,city
cocanada,AP,384182,city
cochim,KL,633553,city
cochin,KL,633553,city
coconada,AP,384182,city
codpur,RJ,1056191,city
coilum,KL,367107,city
coimbatore,TN,2136916,district
coimbatore district,TN,3458045,district
colachel,TN,23227,city
colappur mavattam,MH,4317756,district
colgong,BR,33700,city
collegal,KA,57149,city
colonelganj,UP,25503,city
colovale,GA,5723,city
colva,GA,12000,city
conjeeveram,TN,221715,city
conjevaram,TN,221715,city
conjeveram,TN,221715,city
contai,WB,88702,city
cooch behar,WB,78737,district
cooch behar district,WB,2819086,district
coochbehar,WB,2819086,district
coonoor,TN,45494,city
coorg,KA,554519,district
copada,MH,72783,city
copda,MH,72783,city
copta,MH,72783,city
corlim,GA,6568,city
cortalim,GA,9080,city
cotpur,RJ,1056191,city
coulao,KL,367107,city
covelong,TN,8124,city
cranganore,KL,60190,city
cranganur,KL,60190,city
csennai,TN,4681087,city
csitorgarh,RJ,116406,city
cuddalore,TN,173636,district
cuddapah,AP,344893,district
cuddapah district,AP,2882469,district
cumbum,AP,22653,city
cumbum,TN,68090,city
cuncolim,GA,16623,city
curat,GJ,4591246,city
curchorem,GA,22730,city
curti,GA,16385,city
curtorim,GA,12886,city
curu,RJ,2039547,district
cutch mandi,GJ,51376,city
cutch mandvi,GJ,51376,city
cuttack,OD,610189,district
cuttack district,OD,2624470,district
czandigarh,CH,970602,city
d eharaduna,UK,1696694,district
d ehradun,UK,522081,district
da man,DH,44282,city
da mo,MP,139561,city
da rang xian,AS,928500,district
da usa,RJ,85960,city
dabel,DH,52578,city
dabhade,MH,56435,city
dabhel,DH,52578,city
dabhoi,GJ,56253,city
dabhol,MH,9142,city
daboh,MP,18298,city
dabolim,GA,6700,city
dabra,CG,7854,city
dabra,MP,61277,city
dabwali,HR,62113,city
dadhapatna,OD,5005,city
dadhel,DH,52578,city
dadra,DH,13039,city
dadra and nagar haveli,DH,0,district
dadri,HR,56337,city
dadri,UP,70609,city
daehli,DL,11034555,city
dahali,AS,8397,city
dahanu,MH,50287,city
dahegam,GJ,42632,city
daheli,GJ,10475,city
dahi,MP,8509,city
dahod,GJ,118846,district
dahod district,GJ,2127086,district
dahyt flwr,TN,1614242,district
dahyt kwymbatwr,TN,3458045,district
dahyt namkl,TN,1726601,district
dahyt salm,TN,3482056,district
dahyt tshynay,TN,4646732,district
dakbayan sa bombay,MH,12691836,city
dakhod,GJ,118846,city
dakor,GJ,25658,city
daks hin kananda,KA,2089649,district
dakshin bastar dantewada,CG,0,district
dakshin dinajpur,WB,1676276,district
dakshin dinajpur district,WB,1676276,district
dakshin kannad,KA,2089649,district
dakshin kannanda,KA,2089649,district
dakshina kannada,KA,2089649,district
dakshina kannada district,KA,2089649,district
dakshyn dynajbwr,WB,1676276,district
dakshyna alkanada,KA,2089649,district
daksina dhilli,DL,2731929,district
daksina dilli,DL,2731929,district
daksina dilli jela,DL,2731929,district
daksina dinajapura jela,WB,1676276,district
daksina dinajapura jil ha,WB,1676276,district
daksina dinajapura jila,WB,1676276,district
daksina dinajapura jilla,WB,1676276,district
daksina kannada,KA,2089649,district
daksina kannada jil ha,KA,2089649,district
daksina kannada jila,KA,2089649,district
daksina kannada jilla,KA,2089649,district
daksina pascima dilli,DL,2292958,district
daksina pascima dilli jela,DL,2292958,district
daksina tripura,TR,876001,district
daksinadehalimandalam,DL,2731929,district
daksinadinajapura mandalam,WB,1676276,district
daksinakannadamandalam,KA,2089649,district
daksinapascimadehalimandalam,DL,2292958,district
dalabhang ga,BR,296039,city
dalavaipatti,TN,7732,city
dalavaypuram,TN,5474,city
daleujilling,WB,123797,city
dalhousie,HP,7601,city
dalkola,WB,15285,city
dalli rajhara,CG,44363,city
dallo pura,DL,154791,city
dalmau,UP,11432,city
dalsingh sarai,BR,23862,city
daltan ganj,JH,78396,city
daltanaganja,JH,78396,city
daltanaganjanagaram,JH,78396,city
daltenaganja,JH,78396,city
daltenganj,JH,78396,city
daltong ganjeu,JH,78396,city
daltongandzh,JH,78396,city
daltonganj,JH,78396,city
daltongganj,JH,78396,city
dalupura,DL,154791,city
dam dam,WB,122719,city
damalerimuttur,TN,5250,city
daman,DH,44282,district
daman district,DH,191173,district
damana,DH,44282,city
damanas,DH,44282,city
damani,DH,44282,city
damanum,DH,44282,city
damao,DH,44282,district
damaun,DH,44282,city
dameah,MP,139561,city
damnagar,GJ,17766,city
damodarpur,BR,13884,city
damoh,MP,139561,district
damoha,MP,139561,district
damokh,MP,139561,city
damonojodi,OD,8862,city
dampur,NL,135860,city
damravam,BR,53618,city
damua,MP,24663,city
dan abad,JH,1196214,district
danadeli,KA,52295,city
danapur,BR,152940,city
danbad,JH,1196214,district
danbado,JH,1196214,city
dandedih,JH,7769,city
dandeli,KA,52295,city
dandeli abhayaranyam,KA,52295,city
dandi,MH,8942,city
dang,GJ,228291,district
dangs,GJ,228291,district
dankaur,UP,13020,city
danta,RJ,15594,city
dantevara,CG,0,district
dantewada,CG,0,district
dantewara,CG,13633,city
dao sa,RJ,85960,city
daosa,RJ,85960,city
dapoli,MH,15713,city
daporijo,AR,13405,city
dappar,PB,5936,city
dar jylng,WB,123797,city
darabhaga,BR,296039,city
darabhanga,BR,296039,district
darabhanga jela,BR,3937385,district
darabhanga jil ha,BR,3937385,district
darabhanga jila,BR,3937385,district
darabhanga jilla,BR,3937385,district
darabhanga jillo,BR,3937385,district
darabhangamandalam,BR,3937385,district
daram jela,AS,928500,district
daram jila,AS,928500,district
daram jilla,AS,928500,district
darana jilla,AS,928500,district
daranga jillo,AS,928500,district
darangh,AS,928500,district
darapur,JK,8464,city
darasuram,TN,15326,city
darbanga,BR,296039,city
darbhanga,BR,296039,district
darbhanga district,BR,3937385,district
darbkhanga,BR,296039,district
darbnja,BR,296039,city
dardzhiling,WB,123797,city
dardzilingas,WB,123797,city
dargiling,WB,123797,city
dari,JH,6405,city
dariawad,RJ,11368,city
daringbarhi,OD,6995,city
dariya,CH,14470,city
darjeeling,WB,123797,district
darjeeling district,WB,1846823,district
darjilim,WB,123797,district
darjiling,WB,123797,district
darjilinga,WB,1846823,district
darrang,AS,75540,district
darrang district,AS,928500,district
darranga jil ha,AS,928500,district
darrangamandalam,AS,928500,district
darrangin piirikunta,AS,928500,district
darsi,AP,33418,city
darubanga,BR,296039,city
darumapuri,TN,68619,city
darutonganji,JH,78396,city
darwha,MH,25791,city
daryapur,MH,36463,city
daryapur kalan,DL,6310,city
dasarahalli,KA,0,city
dasinayakkanpatti,TN,5857,city
dasiripuram,TN,9251,city
dasna,UP,27926,city
dasnapur,TS,22216,city
daspalla,OD,6906,city
dasuya,PB,25192,city
dataganj,UP,24562,city
datia,MP,100284,district
datija,MP,100284,city
datiya,MP,786754,district
dattapur,MH,21763,city
daudnagar,BR,52364,city
daulatabad,MH,10000,city
daulatpur,PB,12988,city
daulatpur,WB,7620,city
daund,MH,49450,city
daundi lohara,CG,6045,city
daurala,UP,10915,city
dausa,RJ,85960,district
davanagere,KA,435128,district
davanagere district,KA,1945497,district
davanagiri,KA,435128,city
davangere,KA,435128,district
davangeri,KA,435128,city
davorlim,GA,15350,city
davrapada,MH,5389,city
dayal pur,DL,20589,city
dayapar,GJ,12000,city
dbarabhana,BR,296039,city
ddu nagar,UP,109650,city
de li,DL,11034555,city
de obanda,UP,88171,city
de ogara,JH,203123,city
de oghara,JH,203123,city
de oyasa,MP,289550,city
de uriya,UP,129570,city
debagarh,OD,0,district
debakotai,TN,51865,city
debakotta,TN,51865,city
debakotta i,TN,51865,city
debasa jilla,MP,1563715,district
debipur,WB,9613,city
dediapada,GJ,9026,city
deesa,GJ,111160,city
defence colony,DL,0,city
degalur,MH,54493,city
degalura,MH,54493,city
degaluru,MH,54493,city
degeullo eo,MH,54493,city
deglur,MH,54493,city
deglura,MH,54493,city
degradun,UK,522081,district
deguro,MH,54493,city
dehali,DL,11034555,city
deharaduna,UK,522081,district
dehari,GJ,7892,city
deheradoun,UK,522081,district
dehli,DL,11034555,city
dehra,UK,522081,city
dehra dun,UK,522081,city
dehradun,UK,522081,district
dehradunas,UK,522081,district
dehraduni,UK,1696694,district
dehri,BR,137231,city
dehri,MP,8606,city
dehroti,DL,224281,city
dehu,MH,6133,city
dehu road,MH,48961,city
dekan,MP,7951,city
dekhradun,UK,522081,district
dekhradune,UK,522081,city
deladun,UK,522081,district
delchi,DL,11034555,city
delhi,DL,11034555,city
delhi cantonment,DL,110351,city
delhio,DL,11034555,city
deli,DL,11034555,city
deli noroeste,DL,3656539,district
delis,DL,11034555,city
delkhi,DL,11034555,city
delkhi kantonment,DL,110351,city
delli,DL,11034555,city
dellium,DL,11034555,city
dellium novum,DL,317797,city
delvada,GJ,11912,city
denkanikota,TN,24252,city
deoband,UP,88171,city
deobande,UP,88171,city
deobando,UP,88171,city
deodora,MP,10008,city
deogar,JH,203123,city
deogarh,JH,203123,district
deogarh,OD,22390,district
deogarkh,JH,203123,city
deogeuleu,CG,268806,city
deoghar,JH,203123,district
deogiri,MH,8303,city
deohra,MP,9686,city
deokar,CG,6358,city
deolali,MH,54027,city
deolali cantonment,MH,54027,city
deoli,DL,169122,city
deoli,MH,19288,city
deoli,RJ,22065,city
deolimet,MH,14545,city
deomali,AR,6648,city
deoranian,UP,19788,city
deori,CG,17265,city
deori,MH,14579,city
deori khas,MP,25632,city
deoria,UP,129570,district
deorija,UP,129570,city
depalpur,MP,17474,city
dera colliery township,OD,15787,city
dera mandi,DL,16725,city
dera nanak,PB,7491,city
deraaduna,UK,1696694,district
deraasa,MP,289550,city
deradun,UK,522081,district
deraduna,UK,522081,district
dergaon,AS,20059,city
deri,DL,11034555,city
desaiganj,MH,28781,city
desamangalam,KL,8355,city
deshnoke,RJ,18470,city
desinganadu,KL,367107,city
desula,RJ,7306,city
desur,TN,5312,city
deulgaon raja,MH,30827,city
devabanda,UP,88171,city
devadanapatti,TN,19285,city
devadurga,KA,28929,city
devaghara,JH,203123,district
devakotai,TN,51865,city
devakotta i,TN,51865,city
devakottai,TN,51865,city
devakotti,TN,51865,city
devanahalli,KA,28051,city
devangere,KA,435128,city
devapur,TS,9683,city
devariya,UP,129570,district
devarkonda,TS,29731,city
devarshola,TN,24954,city
devas,MP,289550,district
devasa,MP,289550,city
devasa jil ha,MP,1563715,district
devasa jillo,MP,1563715,district
devasamandalam,MP,1563715,district
devbhumi dwarka,GJ,752484,district
devendranagar,MP,12785,city
dever inder bug,JK,10863,city
devgadh bariya,GJ,21030,city
devgarh,RJ,17604,city
devikapuram,TN,9800,city
devipattinam,TN,11599,city
devrukh,MH,12689,city
devsar,GJ,10346,city
devuakottai,TN,51865,city
dewa,UP,14375,city
dewas,MP,289550,district
dewas district,MP,1563715,district
dewasu,MP,289550,city
dhaka,BR,42063,city
dhakuakhana,AS,13502,city
dhala i,TR,0,district
dhalai,TR,0,district
dhali,TN,6494,city
dhamanagar,OD,22920,city
dhamatari,CG,799781,district
dhamda,CG,9961,city
dhamnod,MP,32093,city
dhampur,UP,49973,city
dhamtari,CG,101677,district
dhana,MP,10641,city
dhanabad,JH,1196214,city
dhanabada,JH,1196214,district
dhanal,MH,6339,city
dhanaula,PB,19920,city
dhanaura,UP,28285,city
dhanbad,JH,1196214,district
dhanbad district,JH,2684487,district
dhanbaid,JH,1196214,city
dhandhuka,GJ,32475,city
dhanegaon,MH,9809,city
dhanera,GJ,29578,city
dhanpuri,MP,45156,city
dhanwar,JH,8777,city
dhar,MP,93917,district
dharamjaigarh,CG,14354,city
dharampur,BR,5291,city
dharampur,GJ,24178,city
dharampuri,MP,16363,city
dharamsala,HP,30764,city
dharangaon,MH,35375,city
dharapur,AS,8095,city
dharapuram,TN,72291,city
dharapurama,TN,72291,city
dharashiv,MH,112085,city
dharavada,KA,1847023,district
dharavada jil ha,KA,1847023,district
dharavada jilla,KA,1847023,district
dharavadamandalam,KA,1847023,district
dharavara jila,KA,1847023,district
dharavi,MH,700000,city
dharchula,UK,7331,city
dhari,GJ,29346,city
dhariwal,PB,20604,city
dharmabad,MH,33741,city
dharmadam,KL,30804,city
dharmanagar,TR,40595,city
dharmapuram,TN,17476,city
dharmapuri,TN,68619,district
dharmaragar,TR,8761,city
dharmaram,TS,11537,city
dharmavaram,AP,121874,city
dharmkot,PB,19057,city
dharni,MP,15761,city
dharuhera,HR,30344,city
dharur,MH,20417,city
dharvada,KA,1847023,district
dharwad,KA,1847023,district
dharwad district,KA,1847023,district
dharwar,KA,1847023,district
dharwar district,KA,1847023,district
dhasa,GJ,14448,city
dhatau,MH,5066,city
dhaulpur,RJ,133075,district
dhaurahra,UP,20098,city
dhawad,KA,1847023,district
dhekiajuli,AS,21579,city
dhemaji,AS,13058,district
dhenkanal,OD,67414,district
dhenkanal district,OD,1192811,district
dhilli,DL,11034555,city
dhilwan,PB,8447,city
dhin,PB,5961,city
dhing,AS,20826,city
dhly,DL,11034555,city
dhly qdym,DL,11034555,city
dhodra mohar,MP,5956,city
dhola,GJ,8206,city
dholka,GJ,80945,city
dholpur,RJ,133075,district
dhone,AP,59272,city
dhorail,GJ,84545,city
dhoraji,GJ,84545,city
dhorimanna,RJ,6513,city
dhradwn,UK,522081,district
dhrangadhra,GJ,75578,city
dhrangadra,GJ,75578,city
dhrol,GJ,26496,city
dhubari,AS,63388,city
dhubri,AS,63388,district
dhuburi,AS,63388,district
dhulagari,WB,21080,city
dhule,MH,375559,district
dhule district,MH,2050862,district
dhule jil ha,MH,2050862,district
dhule jila,MH,2050862,district
dhule jilla,MH,2050862,district
dhulemandalam,MH,2050862,district
dhulia,MH,375559,district
dhulian,WB,77070,city
dhuliya jillo,MH,2050862,district
dhundgal,TN,292512,city
dhupgari,WB,41168,city
dhuri,PB,55225,city
dhuwaran,GJ,11473,city
diamond harbour,WB,41802,city
dibai,UP,37873,city
dibang valley,AR,8004,district
dibang valley district,AR,8004,district
dibraugara,AS,145488,city
dibraugara jila,AS,1326335,district
dibrgara,AS,145488,city
dibrugadh,AS,145488,city
dibrugadha,AS,145488,city
dibrugadha jil ha,AS,1326335,district
dibrugadha jilla,AS,1326335,district
dibrugar,AS,1326335,district
dibrugara,AS,145488,city
dibrugara jela,AS,1326335,district
dibrugara nagaram,AS,145488,city
dibrugarh,AS,145488,district
dibrugarh district,AS,1326335,district
dibrugarha,AS,145488,city
dibrugarha jila,AS,1326335,district
dibrugarhin piirikunta,AS,1326335,district
dibrugarkh,AS,145488,district
dichapura,AS,10812,city
dicholi,GA,16986,city
dicoli,GA,16986,city
didwana,RJ,53749,city
didzioji noida,UP,293908,city
digapahandi,OD,13190,city
digaru gaon,AS,5771,city
digboi,AS,21736,city
digboi oil town,AS,12726,city
dighawani,MP,5953,city
digheli,AS,5285,city
dighwara,BR,32741,city
diglipur,AN,42877,city
diglur,MH,54493,city
digras,MH,44767,city
diguvametta,AP,5166,city
digvijaygram,GJ,6161,city
dil hi,DL,11034555,city
dilhi,DL,11034555,city
dili,DL,11034555,city
dilli,DL,11034555,city
dima hasao,AS,214102,district
dima hasao district,AS,214102,district
dimapur,NL,135860,district
dimaruguri,AS,10235,city
dinajpur dakshin,WB,1676276,district
dinajpur uttar,WB,3007134,district
dinanagar,PB,23976,city
dinapore,BR,152940,city
dinapur cantonment,BR,28723,city
dinapur nizamat,BR,182429,city
dindarpur,DL,35856,city
dindigul,TN,292512,district
dindigula,TN,292512,city
dindori,MP,21323,district
dindukkal,TN,292512,city
dindukkala,TN,292512,city
dinhata,WB,42381,city
diobandeu,UP,88171,city
diphn,AS,61797,city
diphu,AS,61797,city
diphupar a,NL,10246,city
dirba,PB,16952,city
disa,GJ,111160,city
disapura,AS,10812,city
diseupuleu,AS,10812,city
dishpur,AS,10812,city
dispur,AS,10812,city
dispuras,AS,10812,city
distretto del dinajpur meridionale,WB,1676276,district
distretto del dinajpur settentrionale,WB,3007134,district
distretto del kannada meridionale,KA,2089649,district
distretto di aizawl,MZ,400309,district
distretto di ajmer,RJ,2583052,district
distretto di akola,MH,1813906,district
distretto di almora,UK,622506,district
distretto di amreli,GJ,1514190,district
distretto di bahraich,UP,3487731,district
distretto di bareilly,UP,4448359,district
distretto di basti,UP,2464464,district
distretto di belgaum,KA,4779661,district
distretto di bhandara,MH,1200334,district
distretto di bijnor,UP,3682713,district
distretto di bokaro,JH,2062330,district
distretto di budaun,UP,3681896,district
distretto di bulandshahr,UP,3499171,district
distretto di chamoli,UK,391605,district
distretto di champhai,MZ,125745,district
distretto di chennai,TN,4646732,district
distretto di chitradurga,KA,1659456,district
distretto di coimbatore,TN,3458045,district
distretto di darbhanga,BR,3937385,district
distretto di darrang,AS,928500,district
distretto di delhi centro,DL,582320,district
distretto di delhi nord est,DL,2241624,district
distretto di delhi nord ovest,DL,3656539,district
distretto di delhi ovest,DL,2543243,district
distretto di delhi sud,DL,2731929,district
distretto di delhi sud ovest,DL,2292958,district
distretto di dewas,MP,1563715,district
distretto di dharwad,KA,1847023,district
distretto di dhule,MH,2050862,district
distretto di dibrugarh,AS,1326335,district
distretto di durg,CG,3343872,district
distretto di etah,UP,1774480,district
distretto di gonda,UP,3433919,district
distretto di gurdaspur,PB,2298323,district
distretto di gurgaon,HR,1514432,district
distretto di hardoi,UP,4092845,district
distretto di hingoli,MH,1177345,district
distretto di hoshiarpur,PB,1586625,district
distretto di idukki,KL,1108974,district
distretto di indore,MP,3276697,district
distretto di jabalpur,MP,2463289,district
distretto di jaipur,RJ,6626178,district
distretto di jalandhar,PB,2193590,district
distretto di jalna,MH,1959046,district
distretto di jammu,JK,1529958,district
distretto di jaunpur,UP,4494204,district
distretto di jorhat,AS,1092256,district
distretto di jyotiba phule nagar,UP,1840221,district
distretto di kadapa,AP,2882469,district
distretto di kanpur dehat,UP,1796184,district
distretto di kapurthala,PB,815168,district
distretto di karimganj,AS,1228686,district
distretto di kheda,GJ,2299885,district
distretto di kinnaur,HP,84121,district
distretto di kolar,KA,1536401,district
distretto di korea,CG,658917,district
distretto di kurnool,AP,4053463,district
distretto di lakhimpur,AS,1042137,district
distretto di ludhiana,PB,3498739,district
distretto di lunglei,MZ,161428,district
distretto di mainpuri,UP,1868529,district
distretto di mamit,MZ,86364,district
distretto di mandla,MP,1054905,district
distretto di mandsaur,MP,1340411,district
distretto di mathura,UP,2547184,district
distretto di moga,PB,995746,district
distretto di murshidabad,WB,7103807,district
distretto di muzaffarnagar,UP,4143512,district
distretto di muzaffarpur,BR,4801062,district
distretto di nagaon,AS,2823768,district
distretto di namakkal,TN,1726601,district
distretto di nanded,MH,3361292,district
distretto di nellore,AP,2963557,district
distretto di panchkula,HR,561293,district
distretto di patiala,PB,1895686,district
distretto di patna,BR,5838465,district
distretto di prakasam,AP,3397448,district
distretto di raichur,KA,1928812,district
distretto di raigarh,CG,1493984,district
distretto di raipur,CG,4063872,district
distretto di ratnagiri,MH,1615069,district
distretto di salem,TN,3482056,district
distretto di sant kabir nagar,UP,0,district
distretto di serchhip,MZ,64937,district
distretto di shimla,HP,814010,district
distretto di sindhudurg,MH,849651,district
distretto di solapur,MH,4317756,district
distretto di surguja,CG,2359886,district
distretto di thane,MH,11060148,district
distretto di tumkur,KA,2678980,district
distretto di udham singh nagar,UK,1648902,district
distretto di udhampur,JK,554985,district
distretto di ujjain,MP,1986864,district
distretto di vellore,TN,1614242,district
distretto di wardha,MH,1300774,district
distretto di wayanad,KL,817420,district
distretto di yavatmal,MH,2772348,district
district banda,UP,1799410,district
district bijnor,UP,3682713,district
district budaun,UP,3681896,district
district bulandshahr,UP,3499171,district
district daizawl,MZ,400309,district
district dajmer,RJ,2583052,district
district dakola,MH,1813906,district
district dalmora,UK,622506,district
district damreli,GJ,1514190,district
district damroha,UP,1840221,district
district de badaun,UP,3681896,district
district de bahraich,UP,3487731,district
district de bareli,UP,4448359,district
district de basti,UP,2464464,district
district de belgaum,KA,4779661,district
district de bhandara,MH,1200334,district
district de bijnor,UP,3682713,district
district de bokaro,JH,2062330,district
district de bulandshahr,UP,3499171,district
district de chamoli,UK,391605,district
district de champhai,MZ,125745,district
district de chennai,TN,4646732,district
district de coimbatore,TN,3458045,district
district de dakshin dinajpur,WB,1676276,district
district de dakshina kannada,KA,2089649,district
district de darbhanga,BR,3937385,district
district de darrang,AS,928500,district
district de dewas,MP,1563715,district
district de dharwad,KA,1847023,district
district de dhule,MH,2050862,district
district de dibrugarh,AS,1326335,district
district de durg,CG,3343872,district
district de gonda,UP,3433919,district
district de gurdaspur,PB,2298323,district
district de gurgaon,HR,1514432,district
district de hoshiarpur,PB,1586625,district
district de jabalpur,MP,2463289,district
district de jaipur,RJ,6626178,district
district de jalandhar,PB,2193590,district
district de jalna,MH,1959046,district
district de jammu,JK,1529958,district
district de jaunpur,UP,4494204,district
district de jorhat,AS,1092256,district
district de kadapa,AP,2882469,district
district de kanpur dehat,UP,1796184,district
district de kapurthala,PB,815168,district
district de karimganj,AS,1228686,district
district de kheda,GJ,2299885,district
district de kinnaur,HP,84121,district
district de koriya,CG,658917,district
district de kurnool,AP,4053463,district
district de ludhiana,PB,3498739,district
district de lunglei,MZ,161428,district
district de mainpuri,UP,1868529,district
district de mamit,MZ,86364,district
district de mandla,MP,1054905,district
district de mandsaur,MP,1340411,district
district de mathura,UP,2547184,district
district de moga,PB,995746,district
district de murshidabad,WB,7103807,district
district de muzaffarnagar,UP,4143512,district
district de muzaffarpur,BR,4801062,district
district de nagaon,AS,2823768,district
district de namakkal,TN,1726601,district
district de nanded,MH,3361292,district
district de nellore,AP,2963557,district
district de panchkula,HR,561293,district
district de patiala,PB,1895686,district
district de patna,BR,5838465,district
district de prakasam,AP,3397448,district
district de raichur,KA,1928812,district
district de raigarh,CG,1493984,district
district de raipur,CG,4063872,district
district de ratnagiri,MH,1615069,district
district de salem,TN,3482056,district
district de sant kabir nagar,UP,0,district
district de serchhip,MZ,64937,district
district de shimla,HP,814010,district
district de sindhudurg,MH,849651,district
district de solapur,MH,4317756,district
district de surguja,CG,2359886,district
district de thane,MH,11060148,district
district de vellore,TN,1614242,district
district de wardha,MH,1300774,district
district detah,UP,1774480,district
district dhardoi,UP,4092845,district
district dhingoli,MH,1177345,district
district dindore,MP,3276697,district
district du dinajpur septentrional,WB,3007134,district
district dudham singh nagar,UK,1648902,district
district dujjain,MP,1986864,district
district dyavatmal,MH,2772348,district
district etawah,UP,1581810,district
district ferozepur,PB,2029074,district
district gurdaspur,PB,2298323,district
district hamirpur,UP,1104285,district
district jalaun,UP,1689974,district
district jaunpur,UP,4494204,district
district lalitpur,UP,1221592,district
district mainpuri,UP,1868529,district
district mathura,UP,2547184,district
district meerut,UP,3443689,district
district moga,PB,995746,district
district of namakkal,TN,1726601,district
district patiala,PB,1895686,district
district pilibhit,UP,2031007,district
district pratapgarh,UP,3209141,district
district raebareli,UP,3405559,district
district rampur,UP,2335819,district
district saharanpur,UP,3466382,district
district shahid bhagat singh nagar,PB,612310,district
district sultanpur,UP,3797117,district
district unnao,UP,3108367,district
districte d hoshiarpur,PB,1586625,district
districte dajmer,RJ,2583052,district
districte dakola,MH,1813906,district
districte dalmora,UK,622506,district
districte damarajeevi potti sri ramulu nellore,AP,2963557,district
districte damreli,GJ,1514190,district
districte de bahraich,UP,3487731,district
districte de bareilly,UP,4448359,district
districte de basti,UP,2464464,district
districte de belgaum,KA,4779661,district
districte de bhandara,MH,1200334,district
districte de bijapur,KA,327427,city
districte de bijnor,UP,3682713,district
districte de budaun,UP,3681896,district
districte de bulandshahr,UP,3499171,district
districte de chamoli,UK,391605,district
districte de chennai,TN,4646732,district
districte de chitradurga,KA,1659456,district
districte de coimbatore,TN,3458045,district
districte de darbhanga,BR,3937385,district
districte de darrang,AS,928500,district
districte de dewas,MP,1563715,district
districte de dharwar,KA,1847023,district
districte de durg,CG,3343872,district
districte de gonda,UP,3433919,district
districte de gurdaspur,PB,2298323,district
districte de gurgaon,HR,1514432,district
districte de jabalpur,MP,2463289,district
districte de jaipur,RJ,6626178,district
districte de jalandhar,PB,2193590,district
districte de jaunpur,UP,4494204,district
districte de kadapa,AP,2882469,district
districte de kanpur dehat,UP,1796184,district
districte de kheda,GJ,2299885,district
districte de kolar,KA,1536401,district
districte de kurnool,AP,4053463,district
districte de lakhimpur,AS,1042137,district
districte de ludhiana,PB,3498739,district
districte de mainpuri,UP,1868529,district
districte de mandla,MP,1054905,district
districte de mathura,UP,2547184,district
districte de murshidabad,WB,7103807,district
districte de muzaffarnagar,UP,4143512,district
districte de muzaffarpur,BR,4801062,district
districte de nander,MH,3361292,district
districte de north dinajpur,WB,3007134,district
districte de nowgong,AS,2823768,district
districte de patna,BR,5838465,district
districte de raichur,KA,1928812,district
districte de raipur,CG,4063872,district
districte de ratnagiri,MH,1615069,district
districte de salem,TN,3482056,district
districte de sholapur,MH,4317756,district
districte de simla,HP,814010,district
districte de south dinajpur,WB,1676276,district
districte de south kanara,KA,2089649,district
districte de thana,MH,11060148,district
districte de tumkur,KA,2678980,district
districte de wardha,MH,1300774,district
districte detah,UP,1774480,district
districte dhardoi,UP,4092845,district
districte dindore,MP,3276697,district
distrikto kadapa,AP,2882469,district
distrito de aizawl,MZ,400309,district
distrito de ajmer,RJ,2583052,district
distrito de akola,MH,1813906,district
distrito de almora,UK,622506,district
distrito de amreli,GJ,1514190,district
distrito de badaun,UP,3681896,district
distrito de bahraich,UP,3487731,district
distrito de bareilly,UP,4448359,district
distrito de basti,UP,2464464,district
distrito de belgaum,KA,4779661,district
distrito de bhandara,MH,1200334,district
distrito de bijnor,UP,3682713,district
distrito de bokaro,JH,2062330,district
distrito de bulandshahr,UP,3499171,district
distrito de chamoli,UK,391605,district
distrito de champhai,MZ,125745,district
distrito de chennai,TN,4646732,district
distrito de chitradurga,KA,1659456,district
distrito de coimbatore,TN,3458045,district
distrito de dakshin dinajpur,WB,1676276,district
distrito de dakshina kannada,KA,2089649,district
distrito de darbhanga,BR,3937385,district
distrito de darrang,AS,928500,district
distrito de delhi central,DL,582320,district
distrito de delhi noreste,DL,2241624,district
distrito de delhi noroeste,DL,3656539,district
distrito de delhi occidental,DL,2543243,district
distrito de delhi sudoeste,DL,2292958,district
distrito de delhi sur,DL,2731929,district
distrito de dewas,MP,1563715,district
distrito de dharwad,KA,1847023,district
distrito de dhule,MH,2050862,district
distrito de dibrugarh,AS,1326335,district
distrito de diu,DH,52074,district
distrito de durg,CG,3343872,district
distrito de etah,UP,1774480,district
distrito de gonda,UP,3433919,district
distrito de gurdaspur,PB,2298323,district
distrito de gurgaon,HR,1514432,district
distrito de hardoi,UP,4092845,district
distrito de hingoli,MH,1177345,district
distrito de hoshiarpur,PB,1586625,district
distrito de idukki,KL,1108974,district
distrito de indore,MP,3276697,district
distrito de jabalpur,MP,2463289,district
distrito de jaipur,RJ,6626178,district
distrito de jalandhar,PB,2193590,district
distrito de jalna,MH,1959046,district
distrito de jammu,JK,1529958,district
distrito de jaunpur,UP,4494204,district
distrito de jorhat,AS,1092256,district
distrito de jyotiba rao phule nagar,UP,1840221,district
distrito de kapurthala,PB,815168,district
distrito de karimganj,AS,1228686,district
distrito de kheda,GJ,2299885,district
distrito de kinnaur,HP,84121,district
distrito de korea,CG,658917,district
distrito de kurnool,AP,4053463,district
distrito de lakhimpur,AS,1042137,district
distrito de ludhiana,PB,3498739,district
distrito de lunglei,MZ,161428,district
distrito de mainpuri,UP,1868529,district
distrito de mamit,MZ,86364,district
distrito de mandla,MP,1054905,district
distrito de mandsaur,MP,1340411,district
distrito de mathura,UP,2547184,district
distrito de moga,PB,995746,district
distrito de murshidabad,WB,7103807,district
distrito de muzaffarnagar,UP,4143512,district
distrito de muzaffarpur,BR,4801062,district
distrito de nagaon,AS,2823768,district
distrito de namakkal,TN,1726601,district
distrito de nanded,MH,3361292,district
distrito de panchkula,HR,561293,district
distrito de patiala,PB,1895686,district
distrito de patna,BR,5838465,district
distrito de prakasam,AP,3397448,district
distrito de raichur,KA,1928812,district
distrito de raigarh,CG,1493984,district
distrito de raipur,CG,4063872,district
distrito de ramabai nagar,UP,1796184,district
distrito de ratnagiri,MH,1615069,district
distrito de salem,TN,3482056,district
distrito de sant kabir nagar,UP,0,district
distrito de serchhip,MZ,64937,district
distrito de shimla,HP,814010,district
distrito de sindhudurg,MH,849651,district
distrito de solapur,MH,4317756,district
distrito de sri amarajeevi potti sri ramulu nellore,AP,2963557,district
distrito de surguja,CG,2359886,district
distrito de thane,MH,11060148,district
distrito de tumkur,KA,2678980,district
distrito de udham singh nagar,UK,1648902,district
distrito de udhampur,JK,554985,district
distrito de ujjain,MP,1986864,district
distrito de uttar dinajpur,WB,3007134,district
distrito de vellore,TN,1614242,district
distrito de wardha,MH,1300774,district
distrito de wayanad,KL,817420,district
distrito de yavatmal,MH,2772348,district
distrito sul de deli,DL,2731929,district
distrito ysr,AP,2882469,district
disupuru,AS,10812,city
diu,DH,52074,district
divacala,GA,16986,city
diwakari,RJ,11188,city
diyoband,UP,88171,city
diyodar,GJ,14912,city
dkhamtari,CG,101677,city
dkhanbad,JH,1196214,city
dkhar,MP,93917,city
dkharavi,MH,700000,city
dkharmapuri,TN,68619,city
dkharmavaram,AP,121874,city
dkharvad,KA,1847023,district
dkholpur,RJ,133075,city
dkhule,MH,375559,city
dkhulija,MH,2050862,district
dlhy,DL,11034555,city
dlhy aljdydt,DL,317797,district
dnbad,JH,1196214,district
doboka,AS,13118,city
dod ballapur,KA,93105,city
doda,JK,21605,district
doda district,JK,0,district
doddaballapura,KA,93105,city
doha,HR,7642,city
dohad,GJ,118846,district
dohrighat,UP,11180,city
doiwala,UK,8247,city
dokmoka,AS,5478,city
dola,MP,9273,city
dolataganja,JH,78396,city
dombibali,MH,1247327,city
dombivali,MH,1247327,city
dombivli,MH,1247327,city
domchanch,JH,15809,city
dommaranandyala,AP,8337,city
dommasandra,KA,12610,city
dondaicha,MH,46767,city
dondi,CG,8042,city
dong ge,RJ,165294,city
dongargaon,CG,14693,city
dongargarh,CG,37372,city
donimalai township,KA,6672,city
donkamokam,AS,9116,city
dooru verinag,JK,22968,city
doraha,PB,25424,city
dornakal,TS,15350,city
dornapal,CG,7238,city
dostpur,UP,12688,city
dourugapuru,WB,518872,city
dourugu,CG,268806,city
dowleswaram,AP,44637,city
drbnga,BR,296039,city
drbnqa,BR,296039,city
drgapwr,WB,518872,city
drgylyng,WB,123797,city
drug,CG,268806,city
drug district,CG,3343872,district
drug mulla,JK,12930,city
dubrajpur,WB,35087,city
dubri,AS,63388,city
dudhani,MH,12735,city
dudhi,UP,12742,city
dudpatil i,AS,5083,city
dugda,JH,22740,city
dukli,TR,16941,city
dule,MH,375559,city
duleugapuleu,WB,518872,city
duliajan,AS,28626,city
duliajan oil town,AS,28626,city
dum dum,WB,122719,city
dum duma,AS,21706,city
dumaka,JH,1321442,district
dumar kachhar,MP,9480,city
dumara om,BR,53618,city
dumara um,BR,53618,city
dumara una,BR,53618,city
dumaramva,BR,53618,city
dumari urf damodarpur shahjahan,BR,6301,city
dumarkunda,JH,11434,city
dumjor,WB,17972,city
dumka,JH,47663,district
dumka district,JH,1321442,district
dumra,BR,15778,city
dumra,JH,6772,city
dumraon,BR,53618,city
dundigal,TN,292512,city
dundigal,TS,13465,city
dunetha,DH,12470,city
dungamal,OD,6271,city
dungargarh,RJ,53294,city
dungarpur,GJ,6105,city
dungarpur,RJ,47706,district
durena,CG,5892,city
durg,CG,268806,district
durg district,CG,3343872,district
durga,CG,268806,district
durga jil ha,CG,3343872,district
durga jila,CG,3343872,district
durga jilla,CG,3343872,district
durga jillo,CG,3343872,district
durga nagar part v,AS,9051,city
durgamandalam,CG,3343872,district
durgapur,MH,18561,city
durgapur,WB,518872,city
durgapura,WB,518872,city
durgas,CG,268806,city
durkh,CG,268806,city
dusi,TN,5577,city
dwaraka tirumala,AP,5543,city
dwarka,GJ,38873,city
dwas,MP,289550,city
dwghar,JH,203123,city
dwlh,MH,375559,city
dwmbywly,MH,1247327,city
dwmrawn,BR,53618,city
dwrg,CG,268806,city
dwrgapwr,WB,518872,city
dwrj,CG,268806,city
dwrq,CG,268806,city
dyane,MH,49192,city
dybrwjarh,AS,145488,city
dyglwr,MH,54493,city
dylhy,DL,11034555,city
dyndygwl,TN,292512,city
dywakwttay,TN,51865,city
dywas,MP,289550,city
dywband,UP,88171,city
dywbnd,UP,88171,city
dywrya,UP,129570,city
dywrya atrprdysh,UP,129570,city
dzabalpur,MP,1081677,city
dzabalpuras,MP,1081677,city
dzaipur,RJ,3046163,city
dzaipuras,RJ,3046163,city
dzaisalmer,RJ,67604,city
dzajpur,RJ,3046163,city
dzajpura,RJ,3046163,city
dzalandar,PB,868929,city
dzalandhar,PB,868929,city
dzalandhara,PB,868929,city
dzalandharas,PB,868929,city
dzalgaon,MH,460228,city
dzammu,JK,576198,city
dzamnagar,GJ,600943,city
dzamnagara,GJ,600943,city
dzamnagaras,GJ,600943,city
dzamsedpur,JH,1339438,city
dzamsedpura,JH,1339438,city
dzamsedpuras,JH,1339438,city
dzamshedpur,JH,1339438,city
dzamu,JK,576198,city
dzh otibapkhulenagar,UP,1840221,district
dzhabalpur,MP,1081677,district
dzhagadkhari,HR,124894,city
dzhagdalpur,CG,125463,city
dzhagtial,TS,103930,city
dzhajgaon,WB,158664,city
dzhajmau,UP,652831,city
dzhajpur,RJ,3046163,district
dzhajsalmer,RJ,67604,city
dzhalandkhar,PB,868929,district
dzhalgaon,MH,460228,city
dzhalgaone,MH,460228,city
dzhalna,MH,285577,district
dzhalpajguri,WB,107832,city
dzhamalpur,BR,105434,city
dzhammu,JK,576198,district
dzhamnagar,GJ,600943,city
dzhamnagarom,GJ,600943,city
dzhamshedpur,JH,1339438,city
dzhamshehdpur,JH,1339438,city
dzhamu,JK,576198,city
dzhamuria,WB,160242,city
dzhaora,MP,74907,city
dzhaunpur,UP,169572,district
dzhekhanabad,BR,103202,district
dzhetpur,GJ,118302,city
dzhind,HR,167592,city
dzhkhansi,UP,412927,city
dzhkharsuguda,OD,97730,city
dzhkhundzhkhunu,RJ,118473,city
dzhodkhpur,RJ,1056191,city
dzhorkhat,AS,126736,district
dzhunagadkh,GJ,319462,city
dzodhpur,RJ,1056191,city
dzodhpura,RJ,1056191,city
dzodhpuras,RJ,1056191,city
dzodpur,RJ,1056191,city
dzsabalpur,MP,1081677,city
dzsaipur,RJ,3046163,city
dzsaiszalmer,RJ,67604,city
dzsalandhar,PB,868929,city
dzsamnagar,GJ,600943,city
dzsamsedpur,JH,1339438,city
dzsodhpur,RJ,1056191,city
east,DL,1709346,district
east champaran,BR,5099371,district
east delhi,DL,1709346,district
east district,SK,283583,district
east garo hills,ML,317917,district
east garo hills district,ML,317917,district
east godavari,AP,384182,district
east godavari district,AP,5154296,district
east jaintia hills,ML,122436,district
east kameng,AR,78690,district
east kameng district,AR,78690,district
east khandesh district,MH,4229917,district
east khasi hills,ML,825922,district
east khasi hills district,ML,825922,district
east midnapore,WB,5095875,district
east nimar,MP,1310061,district
east siang,AR,99214,district
east siang district,AR,99214,district
east sikkim,SK,283583,district
east sikkim district,SK,283583,district
east singhbhum,JH,2293919,district
east singhbhum district,JH,2293919,district
east singhbum,JH,2293919,district
eastern west khasi hills,ML,115878,district
edaccheri,KL,26819,city
edaicode,TN,25378,city
edakkalathur,KL,8039,city
edakkazhiyur,KL,17335,city
edakkode,KL,12994,city
edapadi,TN,54823,city
edappadi,TN,54823,city
edappal,KL,32550,city
edathala,KL,77811,city
edattala,KL,77811,city
edattirutti,KL,12921,city
edavai,KL,25994,city
edavilangu,KL,20363,city
edlabad,TS,118526,city
egarkunr,JH,11829,city
egra,WB,32832,city
ehluru,AP,218020,city
ehtakh,UP,131023,district
ehtavakh,UP,257448,city
ekamra kshetra,OD,885363,city
ekangar sarai,BR,6672,city
ekasila nagaram,TS,704570,city
eklahare,MH,9376,city
eklahra,MP,7975,city
elahabada,UP,1073438,city
elakhanka,KA,116447,city
elamanchili,AP,27265,city
elamkunnapuzha,KL,26997,city
elampalloor,KL,33959,city
elandacheri,TN,12119,city
elandakuttai,TN,16160,city
elattur,TN,7827,city
elavalli,KL,12819,city
elayavur,KL,33853,city
elayirampannai,TN,6814,city
electronic city phase i,KA,76348,city
elivala,KA,9826,city
ellakkudi,TN,16244,city
ellenabad,HR,37680,city
ellichpur,MH,112311,city
ellore,AP,218020,city
elodeu,TN,521891,city
elourou,AP,218020,city
elumalai,TN,15746,city
elur,KL,31468,city
elura,AP,218020,city
eluras,AP,218020,city
eluru,AP,218020,district
emmiganur,AP,95149,city
emmiganuru,AP,95149,city
english bazar,WB,170039,city
enkakad,KL,9584,city
eral,TN,9478,city
eramala,KL,34658,city
eranakulam,KL,3282388,district
eranapuram,TN,8871,city
erandol,MH,31071,city
eraniel,TN,10375,city
erannoli,KL,25818,city
erattupetta,KL,34814,city
eravattur,KL,17016,city
erei,OD,7890,city
eriyodu,TN,8890,city
ernakulam,KL,633553,district
ernakulam district,KL,3282388,district
eroda,TN,521891,city
erode,TN,521891,district
erraguntla,AP,32574,city
erumaippatti,TN,12085,city
erumapalaiyam,TN,10220,city
eruru,AP,218020,city
eruvadi,TN,18067,city
eruvatti,KL,16905,city
eta jil ha,UP,1774480,district
eta jila,UP,1774480,district
eta jilla,UP,131023,district
eta jillo,UP,1774480,district
etah,UP,131023,district
etah district,UP,1774480,district
etaha,UP,131023,city
etamandalam,UP,1774480,district
etawa,MP,55185,city
etawah,MP,55185,city
etawah,UP,257448,district
etawah district,UP,1581810,district
etikoppaka,AP,12000,city
etmadpur,UP,22697,city
etta mavattam,UP,1774480,district
ettaiyapuram,TN,12956,city
ettapur,TN,10968,city
ettimadai,TN,9352,city
ettumanoor,KL,26993,city
ettumanur,KL,40438,city
exmetabad,GJ,6357693,city
eyyal,KL,6727,city
ezhome,KL,19261,city
ezhudesam,TN,24657,city
ezhupunna,KL,27528,city
fadwdara,GJ,1822221,city
faizabad,UP,153047,district
faizpur,MH,26602,city
fajzabad,UP,153047,city
falakata,WB,20119,city
falna,RJ,24839,city
fanymbdy,TN,95061,city
farah,UP,9236,city
farakhpur,HR,9569,city
farakka,WB,21834,city
faranasy,UP,1164404,district
faridabad,HR,1414050,district
faridabad district,HR,1809733,district
faridabadas,HR,1414050,city
faridabado,HR,1414050,city
faridkot,PB,87695,district
faridnagar,UP,11371,city
faridpur,UP,71783,city
faritani delhi,DL,11034555,city
farrukhabad,UP,241152,district
farrukhabad district,UP,1885204,district
farrukhnagar,HR,13513,city
farrukhnagar,TS,45675,city
farward kahuta,JK,5555,city
farydabad,HR,1414050,city
fatahabad,HR,70777,city
fateh nangal,PB,7721,city
fateh pur beri,DL,8861,city
fatehabad,HR,70777,district
fatehabad,UP,21957,city
fatehabad district,HR,942011,district
fatehganj west,UP,23810,city
fatehgarh,UP,14847,city
fatehgarh churian,PB,18051,city
fatehgarh sahib,PB,600163,district
fatehnagar,RJ,22812,city
fatehpur,RJ,92595,city
fatehpur,UP,166480,district
fatehpur chaurasi,UP,5931,city
fatehpur city,UP,166480,city
fatehpur district,UP,2632733,district
fatehpur sikri,UP,30026,city
fatekhpur,UP,166480,city
fatikrai,TR,5371,city
fatwa,BR,50961,city
fatwah,BR,50961,city
fazika,PB,76492,city
fazilka,PB,76492,district
ferokh,KL,32122,city
ferozepore,PB,110313,district
ferozepore district,PB,2029074,district
ferozepur,PB,110313,district
ferozepur district,PB,2029074,district
ferrukhabad,UP,1885204,district
feruzpur,PB,110313,district
fingeshwar,CG,9752,city
firozabad,UP,306409,district
firozepur,PB,2029074,district
firozpur,PB,110313,district
firozpur district,PB,2029074,district
firozpur jhirka,HR,24750,city
fisakapatnam,AP,4290589,district
fjayawada,AP,1143232,city
forbesganj,BR,50475,city
forest village lakhipathar,AS,6129,city
fort cochin,KL,633553,city
fort gloster,WB,18350,city
freelandgunj,GJ,11657,city
french rocks,KA,20399,city
fridkot,PB,617508,district
frydabad,HR,1414050,city
fshakabatnm,AP,1063178,district
fulchur,MH,5480,city
fulkumari,TR,11160,city
fushangabado,MP,117988,city
fusro,JH,185555,city
fydysha,MP,155951,city
fyjayawada,AP,1143232,city
fysakhabatnam,AP,1063178,district
fyshakhabatnam,AP,1063178,district
fyzabad,UP,153047,district
fyzabad district,UP,2470996,district
fyzynjarm,AP,228720,city
g janpur,UP,200000,city
gabalpuro,MP,1081677,city
gadaciroli,MH,1072942,district
gadag,KA,172612,district
gadag betageri,KA,172813,city
gadag betigeri,KA,172813,city
gadarwara,MP,47604,city
gadchiroli,MH,54152,district
gaddi annaram,TS,53622,city
gaddiannaram,TS,53622,city
gadhada,GJ,29872,city
gadhara,GJ,143644,city
gadhinglaj,MH,27185,city
gadhra,JH,18801,city
gadkhol,GJ,25332,city
gadwal,TS,63177,city
gagatoka,SK,100286,city
gairtganj,MP,18184,city
gaja,BR,474093,city
gajapati,OD,577817,district
gajapati district,OD,577817,district
gajapatinagaram,AP,5687,city
gajdarabad,TS,3943323,district
gajendragarh,KA,32359,city
gajhiyabad,UP,1199191,city
gajhiyabada,UP,1199191,city
gajiabadeu,UP,1199191,city
gajipura,UP,3620268,district
gajiyabada,UP,1199191,city
gajiyabada uttara pradesa,UP,1199191,city
gajpuro,RJ,3046163,city
gajraula,UP,50380,city
gajsinghpur,RJ,9995,city
gajuraaka,AP,258944,city
gajuuaka,AP,258944,city
gajuvaka,AP,258944,city
gajuwaka,AP,258944,city
gajwel,TS,24961,city
gajwwaka,AP,258944,city
gakulnagar,TR,11369,city
galangar,PB,868929,city
galgaon,MH,460228,city
galiakot,RJ,6906,city
galpadar,GJ,13155,city
gamdi,GJ,14582,city
gamharia,JH,7505,city
gamharia,MP,7984,city
gamnagar,GJ,600943,city
gamsedpur,JH,1339438,city
gamu,JK,576198,city
gana,MP,180935,city
ganatoka,SK,100286,city
ganaur,HR,35603,city
gandai,CG,13278,city
ganderbal,JK,28233,district
ganderbal district,JK,0,district
gandevi,GJ,16827,city
gandhi nagar,GJ,1391753,district
gandhi nagar,TN,9773,city
gandhidham,GJ,247992,city
gandhigram,TR,14572,city
gandhinagar,GJ,292797,district
gandhinagar,MH,12601,city
gandhinagar,TN,9114,city
gandhinagar district,GJ,1391753,district
gandhinagara,GJ,292797,city
gandhinagaram,GJ,292797,city
gandhisagar colony,MP,7178,city
gandi dham,GJ,247992,city
gandinagar,GJ,292797,city
gandinagaru,GJ,292797,city
gandipuram,TN,6106,city
gandkhidkham,GJ,247992,city
ganeshpur,MH,9192,city
gangadharpur,WB,7862,city
gangaikondan,TN,10779,city
gangakher,MH,49891,city
ganganagar,RJ,237780,district
gangapur,MH,27745,city
gangapur,RJ,120115,city
gangarampur,WB,65316,city
gangataka,SK,100286,city
gangatok,SK,100286,city
gangatoka,SK,100286,city
gangavalli,TN,12015,city
gangavati,KA,114642,city
gangawati,KA,114642,city
gangoh,UP,59519,city
gangolli,KA,15200,city
gangtok,SK,100286,district
gangtok district,SK,283583,district
gangtoka,SK,100286,city
gangtokas,SK,100286,city
gangtokeu,SK,100286,city
ganguvarpatti,TN,11942,city
ganguwa,HR,25847,city
ganj dundwara,UP,46314,city
ganj muradabad,UP,9970,city
ganjam,OD,356598,district
ganjam district,OD,3529031,district
ganjinagaru,GJ,292797,city
gannavaram,AP,19410,city
gannteakk,SK,100286,city
gantalaka,AP,126270,city
gantoka,SK,100286,city
gantoku,SK,100286,city
garacharma,AN,14419,city
garamur,AS,0,city
garautha,UP,9489,city
gargeswari,KA,5343,city
garhakota,MP,32726,city
garhava,JH,1322784,district
garhchiroh,MH,54152,city
garhchiroli,MH,54152,city
garhdiwala,PB,7593,city
garhi,MP,13625,city
garhi,RJ,5180,city
garhi harsaru,HR,7894,city
garhi pukhta,UP,13381,city
garhmuktesar,UP,37043,city
garhshankar,PB,16955,city
garhwa,JH,46059,district
garhwal,UK,687271,district
garhwal district,UK,687271,district
gariaband,CG,10517,city
gariaband district,CG,0,district
gariadhar,GJ,35692,city
garimellapadu,TS,6296,city
gariyaband,CG,0,district
gariyabanda,CG,0,district
garot,MP,15122,city
garra,MP,5533,city
gasan,KA,155006,city
gasiyabad,UP,1199191,city
gauhati,AS,962334,city
gaukhati,AS,962334,city
gauligeoji,UP,390395,city
gaurela,CG,18165,city
gaurella pendra marwahi,CG,336420,district
gauribidanur,KA,37947,city
gaurigandzh,UP,390395,city
gauriganj,UP,390395,city
gauriganja,UP,390395,city
gauripur,AS,25124,city
gautam buddha nagar,UP,1648115,district
gautampura,MP,14584,city
gavaravaram,AP,10029,city
gawan,UP,8744,city
gaya,BR,474093,district
gaya district,BR,4391418,district
gazi abada,UP,1199191,city
gaziabad,UP,1199191,city
gaziabade,UP,1199191,city
gazijabad,UP,1199191,city
gaziyabada,UP,1199191,city
gazuiyabado,UP,1199191,city
george town,TN,0,city
gerimari chapori,AS,11004,city
geuleiteo noida,UP,293908,city
gevrai,MH,33562,city
geyzing,SK,4013,city
geyzing district,SK,136435,district
gezing,SK,4013,city
ghagga,PB,10162,city
ghaghra,JH,8580,city
ghaji abada,UP,1199191,city
ghajiyabad,UP,1199191,city
ghajiyabada,UP,1199191,city
ghanaur,PB,6985,city
ghandhinagar,GJ,292797,district
ghandinagar,GJ,292797,city
ghanpur,TS,12721,city
ghansor,MP,7120,city
ghantapada,OD,15169,city
ghanteshvar,GJ,5874,city
gharaunda,HR,37816,city
gharghoda,CG,9455,city
gharoli,DL,92540,city
gharonda neemka bangar,DL,37876,city
gharroli,DL,92540,city
ghatal,WB,54658,city
ghatal mahaniawas,HR,6005,city
ghatampur,UP,40435,city
ghatanji,MH,21293,city
ghatkesar,TS,19763,city
ghatsila,JH,40624,city
ghaura,MP,13301,city
ghaziabad,UP,1199191,district
ghaziabadi,UP,1199191,city
ghazibad,UP,1199191,city
ghazipur,BR,11299,city
ghazipur,UP,103095,district
ghazy,UP,1199191,city
gheora,DL,6876,city
ghiror,UP,14011,city
ghitorni,DL,14893,city
ghntwr,AP,670073,district
ghogaon,MP,11054,city
ghogardiha,BR,18257,city
ghogha,GJ,12208,city
ghoh,PB,6883,city
ghorabandha,JH,20718,city
ghoradongri,MP,9745,city
ghorawal,UP,7492,city
ghosi,UP,39138,city
ghoti budrukh,MH,24838,city
ghrb dlhy,DL,2543243,district
ghugus,MH,32654,city
ghulewadi,MH,21860,city
ghumarwin,HP,7899,city
ghwrakhbwr,UP,674246,city
gidam,CG,7440,city
giddalur,AP,35150,city
giddarbaha,PB,45370,city
gidi,JH,13356,city
gingee,TN,27045,city
gir somnath,GJ,1217477,district
gird,MP,2032036,district
gird gwalior,MP,2032036,district
gird gwalior district,MP,2032036,district
girid iha,JH,114533,district
girid iha jila,JH,114533,district
giridh,JH,2445474,district
giridi,JH,114533,city
giridih,JH,114533,district
giridih district,JH,2445474,district
giridikh,JH,114533,city
gkhazipur,UP,103095,city
glbrgh,KA,543147,city
gngtwk,SK,100286,city
gntwr,AP,670073,district
goa velha,GA,5656,city
goalpara,AS,53430,district
goalpara district,AS,1008183,district
gobardanga,WB,43808,city
gobicettipalayama,TN,59523,city
gobichettipalaiyam,TN,59523,city
gobichettipalayam,TN,59523,city
gobichettipalyam,TN,59523,city
gobindapur,AS,11863,city
gobindapur,WB,11781,city
gobindgarh,PB,82266,city
gobindpur,JH,27066,city
godavari,AP,384182,district
godavari district,AP,5154296,district
godda,JH,48480,district
godda district,JH,1313551,district
goddora,GJ,143644,city
godeula,GJ,143644,city
godhara,GJ,143644,city
godhpur,RJ,1056191,city
godhr,GJ,143644,city
godhra,GJ,143644,city
godiputamatiapara,OD,5967,city
godkhra,GJ,143644,city
godkhre,GJ,143644,city
godoli,MH,22517,city
godra,GJ,143644,city
gogapur,MP,7608,city
gogipeth,KA,7544,city
gogri jamalpur,BR,37753,city
gogunda,RJ,8751,city
gohad,MP,58939,city
gohada,MP,58939,city
gohaddo,MP,58939,city
gohadeu,MP,58939,city
gohadi,MP,58939,city
gohana,HR,65708,city
gohand,UP,7286,city
gohpur,AS,12223,city
gokak,KA,79121,city
gokak falls,KA,8080,city
gokal pur,DL,121870,city
gokalpur,DL,121870,city
gokarna,KA,25851,city
gokavaram,AP,16389,city
gokhad,MP,58939,city
gokul shirgaon,MH,8623,city
gokunda,MH,11600,city
gola,UP,58986,city
gola bazar,UP,10936,city
gola gokarannath,UP,58986,city
golaghat,AS,41989,district
golaghatia basti,AS,9809,city
golakeupuleu,UP,674246,city
golakganj,AS,8244,city
golkhera,MP,5409,city
gomati,TR,436868,district
gomoh,JH,31495,city
gonadiya,MH,132813,city
gond pipri,MH,8474,city
gonda,UP,133583,district
gonda city,UP,133583,city
gonda district,UP,3433919,district
gonda jil ha,UP,3433919,district
gonda jila,UP,3433919,district
gonda jilla,UP,3433919,district
gonda jillo,UP,3433919,district
gonda oudh,UP,133583,city
gondal,GJ,112197,city
gondamandalam,UP,3433919,district
gondelour,TN,173636,city
gondia,MH,132813,district
gondija,MH,132813,city
gondiya,MH,132813,district
gondiya jila,MH,132813,city
gondiya jille,MH,132813,city
gong da xian,UP,3433919,district
goniana mandi,PB,15208,city
gonikoppal,KA,8306,city
goona,MP,1241519,district
gooty,AP,48658,city
gopalaganja,BR,2562012,district
gopalasamudram,TN,10694,city
gopalganj,BR,67339,district
gopalpur,OD,7221,city
gopalpur,WB,6890,city
gopamau,UP,13581,city
gopavaram,AP,22936,city
gopichettipalaiyam,TN,59523,city
gopinathpur,JH,5255,city
gorai,MH,29107,city
gorakhapura,UP,674246,district
gorakhapura loka sabha halaka,UP,674246,city
gorakhapura loka sabha nirbacana mandali,UP,674246,city
gorakhapura loka sabha nirvacana ksetra,UP,674246,city
gorakhapuram,UP,674246,city
gorakhpur,HR,13068,city
gorakhpur,UP,674246,district
gorakhpur district,UP,4440895,district
gorakhpuras,UP,674246,city
gorakkhpur,UP,674246,city
gorakpur,UP,674246,city
gorakpura,UP,674246,city
goraksapura,UP,674246,city
gorakupuru,UP,674246,city
gorantla,AP,24586,city
goraya,PB,16462,city
goregaon,MH,7155,city
gormi,MP,20841,city
gorrakunta,TS,13159,city
goruckpur,UP,674246,district
gorur,KA,6192,city
goshainganj,UP,13176,city
goshaingaon,AS,13933,city
gotamara,OD,7420,city
gotan,RJ,17700,city
gotegaon,MP,28074,city
gothara,RJ,16933,city
goundampalayam,TN,83908,city
gouriganji,UP,390395,city
govardhan,UP,20044,city
govindgarh,MP,10547,city
govindgarh,RJ,11552,city
goyali,RJ,5728,city
goyerkata,WB,66358,city
granda noida,UP,293908,city
granite city,RJ,54081,city
grdaspwr,PB,77928,city
greater noida,UP,293908,city
gretar noyida,UP,293908,city
gretara mumba i,MH,12691836,city
gretara no eda,UP,293908,city
gretara no ida,UP,293908,city
gu ahati,AS,962334,city
gu na,MP,180935,city
guardaspur district,PB,2298323,district
gubbi,KA,18446,city
gudaganva,HR,886519,city
gudaganva jillo,HR,1514432,district
gudaganvamandalam,HR,1514432,district
gudalur,TN,173636,city
gudari,OD,6931,city
gudibanda,KA,9441,city
gudivada,AP,118167,city
gudiyatham,TN,93973,city
gudiyattam,TN,93973,city
gudiyetram,TN,93973,city
gudiyetranallur,TN,93973,city
gudlavalleru,AP,10902,city
gudur,AP,74851,city
gudur,KA,11969,city
gudur,TS,5647,city
guduvancheri,TN,44098,city
guhala,RJ,6343,city
guhati,AS,962334,city
guirim,GA,7057,city
gul barga,KA,543147,city
gulabarga,KA,543147,city
gulabpura,RJ,27215,city
gulaothi,UP,46647,city
gulbaleuga,KA,543147,city
gulbarga,KA,543147,district
gulbarga district,KA,2566326,district
gulburga,KA,543147,city
guledagudda,KA,33851,city
guleudapuleu,PB,77928,city
guleugaon,HR,886519,city
gulgam,JK,15587,city
gumala,JH,1025213,district
gumia,JH,48141,city
gumla,JH,51264,district
gumla district,JH,1025213,district
gummidipundi,TN,18891,city
guna,MP,180935,district
gundardehi,CG,8614,city
gundlupet,KA,28105,city
gundupalaijam,PY,300104,city
gundupalaiyam,PY,300104,city
gunghasa,JH,6845,city
gunnaur,UP,20980,city
gunpuram,TS,5182,city
guntakai,AP,126270,city
guntakal,AP,126270,city
guntakal junction,AP,126270,city
guntakala,AP,126270,city
guntakallu,AP,126270,city
guntakul,AP,126270,city
guntouru,AP,670073,city
guntuleu,AP,670073,city
guntupalle,AP,11187,city
guntur,AP,670073,district
guntur,TS,13183,city
guntur district,AP,4887813,district
guntura,AP,670073,city
gunturas,AP,670073,city
gunturu,AP,670073,city
gunturumandalam,AP,670073,city
gunupur,OD,28870,city
guraahati,AS,962334,city
guradasapura,PB,77928,city
guradasapura jil ha,PB,2298323,district
guradasapura jila,PB,2298323,district
guradasapura jilla,PB,2298323,district
guradasapura jillo,PB,2298323,district
guradasapura zil ha,PB,2298323,district
guradasapuramandalam,PB,2298323,district
guragamo,HR,886519,city
guragamva,HR,886519,city
guraganv,HR,886519,city
guraganva,HR,886519,district
guraganva jil ha,HR,1514432,district
guraganva jila,HR,1514432,district
guraganva zila,HR,1514432,district
guragaona,HR,886519,city
guragavam,HR,886519,city
gurdaspur,PB,77928,district
gurdaspur district,PB,2298323,district
gurdaspurin piirikunta,PB,2298323,district
gurgaon,HR,886519,district
gurgaon district,HR,1514432,district
gurgaonas,HR,886519,city
gurgaonin piirikunta,HR,1514432,district
gurgaono,HR,886519,city
gurgaun,HR,1514432,district
gurh,MP,14608,city
gurmatkal,KA,20614,city
gursahaiganj,UP,40214,city
gursarai,UP,25191,city
guru har sahai,PB,17192,city
gurubaruga,KA,543147,city
gurudas pur,PB,77928,city
gurudasapura,PB,77928,city
gurudasapura jilla,PB,2298323,district
gurudasapuram,PB,77928,city
gurudaspur,PB,77928,city
gurudasupuru,PB,77928,city
gurugram,HR,886519,district
gurugram district,HR,1514432,district
gurugrama,HR,886519,city
guruguramu,HR,886519,city
guruvayur,KL,21416,city
guskhara,WB,33780,city
gutlong gaon,AS,10900,city
gutura,AP,670073,city
guvahati,AS,962334,city
guvahatis,AS,962334,city
guvahatti,AS,962334,city
guvakhati,AS,962334,city
guwahati,AS,962334,city
guyahati,AS,962334,city
gvalior,MP,1054420,city
gwahty,AS,962334,city
gwalior,MP,1054420,district
gwalior district,MP,2032036,district
gwaty,AS,962334,city
gwdpwr,RJ,1056191,city
gwntwr,AP,670073,district
gwrdaspwr,PB,77928,city
gwrgan,HR,886519,city
gwrgaw,HR,886519,city
gwrkpwr,UP,674246,city
gyalshing,SK,4013,district
gyalzing,SK,4013,city
gyanpur,UP,200000,city
gyantaka,SK,100286,city
ha ora,WB,1027672,city
ha sang,KA,155006,city
haberi,KA,1597668,district
habibpur,BR,12063,city
habra,WB,139297,city
hacan,KA,155006,city
hadagalli,KA,27967,city
hadgaon,MH,27433,city
hadgood,GJ,14262,city
hadiad,GJ,225071,city
hadiaya,PB,12507,city
hafiz saifganj,BR,240838,city
haflong,AS,43756,city
haidarabad,TS,3943323,district
haidarabada,TS,6993262,city
haidarabadas,TS,6993262,city
haidarabadu,TS,6993262,city
haiderabad,TS,6993262,city
haiderabado,TS,6993262,city
hailakandi,AS,33637,district
haitarapat,TS,6993262,city
hajan,JK,13239,city
hajaribaga,JH,153595,city
hajarmachi,MH,9317,city
hajdarabad,TS,6993262,city
hajderabad,TS,6993262,city
hajipur,BR,147688,city
hajipur,PB,6091,city
hajira ina,GJ,5562,city
hajo,AS,15977,city
haladavani,UK,139497,city
haladuraani tilakara kathagodama,UK,139497,city
haladwani,UK,139497,city
haldaur,UP,18686,city
haldavani,UK,139497,city
haldeuwani,UK,139497,city
haldia,WB,170695,city
haldibari,WB,14099,city
haldvani,UK,139497,city
haldvani kathagodama,UK,139497,city
haldvani va kathagodama,UK,139497,city
haldvanis,UK,139497,city
haldwani,UK,139497,city
haldwani cum kathgodam,UK,139497,city
haldwani kathgodam,UK,139497,city
haldwany,UK,139497,city
halisahar,WB,128172,city
halishahar,WB,128172,city
haliyal,KA,24238,city
halol,GJ,64265,city
haltavani,UK,139497,city
haludbani,JH,25360,city
haludpukhur,JH,10485,city
halvad,GJ,32024,city
halwara,PB,9761,city
hamirapura,UP,1104285,district
hamirgarh,RJ,11678,city
hamirpur,HP,19280,district
hamirpur,UP,34144,district
hamirpur district,UP,1104285,district
hampi,KA,10000,city
hamren,AS,8747,city
hanamkonda,TS,0,district
hanamkonda district,TS,0,district
handia,UP,17861,city
handwara,JK,13600,city
hangal,KA,28159,city
hanna,PB,128137,city
hansi,HR,86770,city
hansot,GJ,12525,city
hanspura,BR,7940,city
hanumana,MP,16771,city
hanumangarh,RJ,155687,district
hanumantanpatti,TN,10619,city
hanur,KA,11066,city
haora,WB,1027672,district
hapur,UP,242920,district
hapur district,UP,0,district
harado i,UP,4092845,district
harado i jil ha,UP,4092845,district
harado i jila,UP,4092845,district
harado i jilla,UP,4092845,district
harado i jillo,UP,4092845,district
haradoyimandalam,UP,4092845,district
haraduraara,UK,186079,city
haradvara,UK,186079,city
haraiya,UP,9000,city
harbatpur,UK,9478,city
harda,MP,74268,district
harda khas,MP,74268,city
hardoi,UP,122635,district
hardoi district,UP,4092845,district
hardoy,UP,4092845,district
harduaganj,UP,12328,city
harduli,MP,7682,city
hardwar,UK,186079,district
harekala,KA,6814,city
hariana,PB,8928,city
haridowaru,UK,186079,city
haridu ara,UK,186079,city
haridvar,UK,186079,city
haridvara,UK,186079,city
haridvaram,UK,186079,city
haridwar,UK,186079,district
harihar,KA,83219,city
harihara,KA,83219,city
hariharpur,JH,6938,city
harij,GJ,20253,city
haringhata,WB,9705,city
haripad,KL,15588,city
haripur,WB,7327,city
harji,RJ,11380,city
harnai,MH,7144,city
harpalpur,MP,18529,city
harpanahalli,KA,47039,city
harrai,MP,11000,city
harsiddhi society ram talavadi mission road nadiad,GJ,0,city
harsud,MP,16736,city
hartoy mavattam,UP,4092845,district
harudowani,UK,139497,city
harur,TN,25469,city
has sana,KA,155006,city
hasan,KA,155006,city
hasana,KA,155006,city
hasanam,KA,155006,city
hasanpur,HR,11569,city
hasanpur,UP,57481,city
hashtsal,DL,176877,city
hasimara,WB,40000,city
hasir,JH,11195,city
hassan,KA,155006,district
hassan district,KA,1776421,district
hasszan,KA,155006,city
hastinapur,UP,24093,city
hat piplia,MP,17419,city
hat saraiya,BR,6863,city
hata,UP,12050,city
hathras,UP,126882,district
hathras district,UP,0,district
hathwa,BR,7156,city
hatlam,MP,264914,city
hatod,MP,10425,city
hatsingimari,AS,0,city
hatta,MP,32465,city
hatti,KA,16278,city
hattin,HR,14421,city
hatwans,MP,12295,city
haura,WB,1027672,city
haveli,MH,0,city
haveri,KA,67102,district
hawai,AR,982,city
hawrah,WB,1027672,city
hayadarabada ema karporesana,TS,6993262,city
hayadrabada,TS,6993262,city
hazaribag,JH,153595,district
hazaribaga,JH,1734495,district
hazaribagh,JH,153595,district
hazaribagh district,JH,1734495,district
hazarybaugh,JH,153595,city
hebbagodi,KA,34827,city
heggadadevankote,KA,14313,city
heingang,MN,6115,city
heli mandi,HR,20906,city
hesabettu,KL,5179,city
hesla,JH,6286,city
hilsa,BR,51052,city
himatnagar,GJ,81137,city
hinakallu,KA,23162,city
hinda una,RJ,105452,city
hindalgi,KA,13741,city
hindaun,RJ,105452,city
hindaun city,RJ,105452,city
hindauna,RJ,105452,city
hindauna siti,RJ,105452,city
hindaunanagaram,RJ,105452,city
hindona,RJ,105452,city
hindoria,MP,16001,city
hindupur,AP,151677,city
hing golli,MH,85103,city
hinganghat,MH,101805,city
hingoli,MH,85103,district
hingoli district,MH,1177345,district
hingoli jil ha,MH,1177345,district
hingoli jila,MH,1177345,district
hingoli jilla,MH,1177345,district
hingoli jillo,MH,1177345,district
hingolimandalam,MH,1177345,district
hingori,MH,85103,city
hinjawadi,MH,11459,city
hinjilicut,OD,24671,city
hinkoli,MH,85103,city
hinkoli mavattam,MH,1177345,district
hirakud,OD,30207,city
hiramandalam,AP,6603,city
hiranagar,JK,9446,city
hirapur,MP,6315,city
hirapur hamesha,MH,6069,city
hirdepur,MP,8100,city
hirekerur,KA,19191,city
hiriyur,KA,56416,city
hirmi,CG,5139,city
hisar,HR,307024,district
hisara,HR,307024,city
hissar,HR,307024,district
hissar district,HR,1743931,district
hisua,BR,32585,city
hnahthial,MZ,7187,district
hodal,HR,50143,city
hodala,HR,50143,city
hojai,AS,36869,district
hojai district,AS,0,district
hojal,AS,36869,city
holalkere,KA,15783,city
holenarasipura,KA,29974,city
homnabad,KA,44483,city
honnali,KA,17928,city
honnavar,KA,19109,city
hooghly,WB,177005,district
hooghly chinsura,WB,177005,city
hooghly chinsurah,WB,177005,city
hooghly district,WB,5519145,district
hos kote,KA,56980,city
hosadurga,KA,28370,city
hosakote,KA,56980,city
hosanagara,KA,5839,city
hosangabad,MP,117988,city
hosangabada,MP,117988,city
hosankapat,MP,117988,city
hosapeta,KA,206167,city
hosapete,KA,206167,city
hoseukote,KA,56980,city
hoshangabad,MP,117988,district
hoshangabad district,MP,1241350,district
hoshiarpur,PB,168653,district
hoshiarpur district,PB,1586625,district
hoshiarpur railroad station,PB,168653,city
hosiyarapura jil ha,PB,1586625,district
hosiyarapura jila,PB,1586625,district
hoskota,KA,56980,city
hoskote,KA,56980,city
hospet,KA,206167,city
hospeta,KA,206167,city
hospete,KA,206167,city
hosukote,KA,56980,city
hosur,TN,229528,city
hosyangabadeu,MP,117988,city
hoszpet,KA,206167,city
howli,AS,18301,city
howraghat,AS,5443,city
howrah,WB,1027672,district
howrah district,WB,4850029,district
hsar,HR,307024,city
huang zhi,TN,221715,city
hubballi,KA,943788,city
hubli,KA,943788,city
hubli city,KA,943788,city
hudkeshwar buzurg,MH,24499,city
hugli,WB,177005,district
hukeri,KA,22988,city
hukumpeta,AP,16985,city
hulikal,TN,12960,city
huliyar,KA,14304,city
hunasamaranahalli,KA,13389,city
hungund,KA,20877,city
hunsur,KA,50865,city
hupari,MH,28953,city
husainabad,JH,29241,city
husainpur,PB,15575,city
husangabada,MP,117988,city
husengabad,MP,117988,city
hushiarpur,PB,168653,city
husi arapura zil ha,PB,1586625,district
hutagalli,KA,18308,city
hwspt,KA,206167,city
hyderabad,TS,6993262,district
hyderabad ap,TS,6993262,city
hyderabad district,TS,3943323,district
hydr abad,TS,6993262,city
hydr abad dkn,TS,6993262,city
hydrabad,TS,6993262,city
iaipura,RJ,3046163,city
iawar,MP,8206,city
ibrahimpatan,TS,12349,city
ibrahimpatnam,AP,29432,city
ibrahimpur,DL,10614,city
icalakaranaji,MH,287353,city
icalakaranji,MH,287353,city
icalkarandzi,MH,287353,city
icalkaranji,MH,287353,city
icchannur,KL,40697,city
ichalkaranji,MH,287353,city
ichchapuram,AP,36493,city
ichchhapor,GJ,12097,city
ichhawar,MP,15221,city
ichokarejndzhi,MH,287353,city
ichora,TS,12358,city
idaiyarpalaiyam,TN,83908,city
idangansalai,TN,33245,city
idappadi,TN,54823,city
idar,GJ,42306,city
idaura,MP,1994397,city
iddakki jillo,KL,1108974,district
idigarai,TN,8686,city
idikki district,KL,1108974,district
idukki,KL,11248,district
idukki district,KL,1108974,district
idukki jil ha,KL,1108974,district
idukki mandalam,KL,1108974,district
idukki zila,KL,1108974,district
idukkin piirikunta,KL,1108974,district
iduvay,TN,8006,city
igatpuri,MH,35461,city
iglas,UP,13746,city
ikauna,UP,14217,city
iklehra,MP,8969,city
ilahabad,UP,1073438,city
ilahabada,UP,1073438,city
ilaiyankudi,TN,24767,city
ilakno,UP,2472011,city
ilampillai,TN,11797,city
ilanji,TN,10282,city
ilkal,KA,60242,city
illulu,AP,218020,city
iluppur,TN,14127,city
impal,MN,277196,city
imphal,MN,277196,city
imphal east,MN,0,district
imphal west,MN,0,district
imphal west district,MN,0,district
imphala,MN,277196,city
impkhal,MN,277196,city
inam maniyachi,TN,18258,city
inda chhoi,HR,7000,city
indapur,MH,26752,city
indargarh,MP,23045,city
indargarh,RJ,7444,city
indaur,MP,1994397,district
indaura,MP,1994397,district
indaura jila,MP,3276697,district
indaura jilla,MP,3276697,district
indaura jillo,MP,3276697,district
indauramandalam,MP,3276697,district
indergarh,UP,17366,city
indhur,MP,1994397,city
indi,KA,38217,city
indoleu,MP,1994397,city
indor,MP,1994397,district
indora,MP,1994397,city
indora jilla,MP,3276697,district
indore,MP,1994397,district
indore district,MP,3276697,district
indore madhya pradesh,MP,1994397,city
indori,MP,1994397,city
indoru,MP,1994397,city
indri,HR,17487,city
indura,MP,1994397,city
indura jil ha,MP,3276697,district
induras,MP,1994397,city
induro,MP,1994397,city
inglisa bajara,WB,170039,city
injambakkam,TN,23346,city
inparu,MN,277196,city
intor,MP,1994397,city
irahabado,UP,1073438,city
iramallur,KL,33829,city
iramanatapuram,TN,65314,city
iramapay nakar mavattam,UP,1796184,district
irattinakiri,MH,76229,city
irattinakiri mavattam,MH,1615069,district
irba,JH,5210,city
iread,TN,521891,city
irikkur,KL,13820,city
irimbiliyam,KL,30635,city
iringal,KL,25894,city
iringappuram,KL,12343,city
irinjalakuda,KL,29208,city
iriveri,KL,17231,city
iroda,TN,521891,city
irodou,TN,521891,city
irodu,TN,521891,city
irongmara,AS,7685,city
iroopara,KL,23113,city
irotu,TN,521891,city
irugur,TN,25691,city
isagarh,MP,12583,city
isan ya dhilli,DL,2241624,district
isapur,MH,9398,city
islamabad,JK,150592,city
islamnagar,UP,29144,city
islampur,BR,35641,city
islampur,RJ,10247,city
islampur,WB,55691,city
ismailabad,HR,13726,city
isnapuram,TS,8276,city
isri,JH,9749,city
itamati,OD,10317,city
itanagar,AR,59490,city
itanagara,AR,59490,city
itanagaram,AR,59490,city
itanagaru,AR,59490,city
itarsi,MP,100574,city
itaunja,UP,6726,city
itava,UP,1581810,district
ittanakar,AR,59490,city
itukki,KL,1108974,district
itukki jilla,KL,1108974,district
itukki mavattam,KL,1108974,district
ja ora,MP,74907,city
jabalapura,MP,1081677,city
jabalapura jil ha,MP,2463289,district
jabalapura jila,MP,2463289,district
jabalapura jilla,MP,2463289,district
jabalapura jillo,MP,2463289,district
jabalapuram,MP,1081677,city
jabalapuramandalam,MP,2463289,district
jabalipura,RJ,54081,city
jabalpuleu,MP,1081677,city
jabalpur,MP,1081677,district
jabalpur district,MP,2463289,district
jabarupuru,MP,1081677,city
jabera,MP,6806,city
jadcherla,TS,17958,city
jadgir,KA,74294,city
jadugora,JH,18563,city
jafarabad,DL,54601,city
jafarabad,GJ,27167,city
jafarpur kalan,DL,6573,city
jaffrabad,DL,54601,city
jaffrabad,TN,8121,city
jagadalapura,CG,125463,city
jagadalpura,CG,125463,city
jagadapatnam,TN,6274,city
jagadhri,HR,124894,city
jagalur,KA,17257,city
jagannath,OD,200564,city
jagannathpur,JH,7310,city
jagannathpur,OD,200564,city
jagara um,PB,65305,city
jagararana,PB,65305,city
jagatsinghapur,OD,33631,district
jagatsinghpur,OD,1136971,district
jagdalpur,CG,125463,city
jagdishpur,UP,31029,city
jagdispur,BR,32447,city
jaggaiahpet,AP,53530,city
jaggayyapeta,AP,41180,city
jagiroad,AS,17739,city
jagitial,TS,983414,district
jagityala,TS,103930,district
jagnair,UP,10023,city
jagra om,PB,65305,city
jagraon,PB,65305,city
jagravam,PB,65305,city
jagtial,TS,103930,city
jahanabad,BR,103202,district
jahanabad,UP,13617,city
jahanabada,BR,1125313,district
jahanabadanagaram,BR,1125313,district
jahangirabad,UP,57363,city
jahangirpur,UP,10042,city
jahazpur,RJ,20586,city
jaigaon,WB,158664,city
jaijepur,CG,7946,city
jailsamer,RJ,67604,city
jainagar,BR,21782,city
jainagar,JH,5347,city
jainagar,RJ,3046163,city
jainpur,UP,11674,city
jaintia hills,ML,395124,district
jainur,TS,6342,city
jaipuleu,RJ,3046163,city
jaipur,RJ,3046163,district
jaipur city,RJ,3046163,city
jaipur district,RJ,6626178,district
jaipur jilla,RJ,6626178,district
jaipura,RJ,3046163,city
jaipuru,RJ,3046163,city
jais,UP,25726,city
jaisalamera,RJ,67604,district
jaisalmeleu,RJ,67604,city
jaisalmer,RJ,67604,district
jaisalmer district,RJ,669919,district
jaisarumeru,RJ,67604,city
jaisinghnagar,MP,8233,city
jaisingpur,MH,48510,city
jait pur,HR,59330,city
jaitaran,RJ,22621,city
jaithari,MP,8396,city
jaito,PB,37377,city
jaitpur,HR,59330,city
jaitwari,MP,9685,city
jajama u,UP,652831,city
jajang,OD,7482,city
jajapur,OD,1827192,district
jajesmow,UP,652831,city
jajmau,UP,652831,city
jajpur,OD,42157,district
jajpur district,OD,1827192,district
jakhal,HR,7411,city
jaladhara,PB,868929,city
jaladhara zila,PB,2193590,district
jalagamo,MH,460228,city
jalagamva,MH,460228,city
jalaganva,MH,460228,city
jalagava,MH,460228,district
jalah,AS,6468,city
jalakandapuram,TN,16184,city
jalalabad,PB,39525,city
jalalabad,UP,35051,city
jalali,UP,18177,city
jalalpore,GJ,17325,city
jalalpur,UP,31388,city
jalana,MH,1959046,district
jalana jil ha,MH,1959046,district
jalana jila,MH,1959046,district
jalana jilla,MH,1959046,district
jalana jillo,MH,1959046,district
jalanamandalam,MH,1959046,district
jalandar,PB,868929,city
jalandara,PB,868929,city
jalandhar,PB,868929,district
jalandhar cantonment,PB,47845,city
jalandhar district,PB,2193590,district
jalandhara,PB,868929,district
jalandhara jila,PB,2193590,district
jalandhara jillo,PB,2193590,district
jalandhari,PB,868929,city
jalantar,PB,868929,city
jalarpet,TN,40959,city
jalaun,UP,55299,district
jalaun district,UP,1689974,district
jalauna,UP,1689974,district
jalaura,RJ,54081,city
jalda,OD,15789,city
jalesar,UP,38614,city
jaleshwar,OD,25747,city
jalgaon,MH,460228,district
jalgaon jamod,MH,28276,city
jalgaw,MH,460228,city
jalgawn,MH,460228,city
jali,KA,10802,city
jalkav,MH,460228,city
jalladiampet,TN,19100,city
jallandaleu,PB,868929,city
jallaram,TS,9329,city
jalna,MH,285577,district
jalna district,MH,1959046,district
jalna jilla,MH,1959046,district
jalna mavattam,MH,1959046,district
jalochi,MH,19346,city
jalor,RJ,54081,district
jalore,RJ,54081,district
jalore district,RJ,1828730,district
jalpaiguri,WB,107832,district
jalpaiguri district,WB,3872846,district
jalukie,NL,8706,city
jam mu,JK,576198,district
jam mu jil ha,JK,1529958,district
jam mu jilla,JK,1529958,district
jam mu jillo,JK,1529958,district
jam mu zila,JK,1529958,district
jam mumandalam,JK,1529958,district
jam ngr,GJ,600943,city
jam njr,GJ,600943,city
jamadoba,JH,34774,city
jamai,MP,22587,city
jamalpur,BR,105434,city
jamanagara,GJ,600943,city
jamanagara jilla,GJ,600943,city
jamanagaram,GJ,600943,city
jamasedapura,JH,1339438,city
jamatara,JH,791042,district
jambai,TN,16522,city
jambusar,GJ,43344,city
jamcetpur,JH,1339438,city
jamjodhpur,GJ,25892,city
jamkhandi,KA,68938,city
jamkhed,MH,34017,city
jammalamadugu,AP,46069,city
jammu,JK,576198,district
jammu cantonment,JK,28396,city
jammu city,JK,576198,city
jammu district,JK,1529958,district
jamna nagar,HR,217071,city
jamnagaleu,GJ,600943,city
jamnagar,GJ,600943,district
jamnagar district,GJ,2160119,district
jamnagari,GJ,600943,city
jamnakar,GJ,600943,city
jamner,MH,46762,city
jamngr,GJ,600943,city
jamnogar,GJ,600943,city
jamsedapura,JH,1339438,city
jamsedpur,JH,1339438,city
jamshedpur,JH,1339438,city
jamshidpur,JH,1339438,city
jamshyd pwr,JH,1339438,city
jamsyedeupuleu,JH,1339438,city
jamtara,JH,29415,district
jamu,JK,576198,city
jamu i,BR,1760405,district
jamui,BR,87357,district
jamul,CG,25878,city
jamunagaru,GJ,600943,city
jamunamukh,AS,7377,city
jamunanagar,HR,217071,city
jamuria,WB,160242,city
jamushedopuru,JH,1339438,city
jamwa ramgarh,RJ,7665,city
janagam,TS,582457,district
janam,AP,55626,city
janapada eta,UP,1774480,district
janapada itava,UP,1581810,district
janapada jalauna,UP,1689974,district
janapada lalitapura,UP,1221592,district
janapada pilibhita,UP,2031007,district
janapada saharanapura,UP,3466382,district
jandiala,PB,25631,city
jandiala guru,PB,29232,city
jandli,HR,14397,city
jangalpur,JH,7603,city
jangaon,TS,52394,city
jangipur,WB,82548,city
jangoan,TS,582457,district
jangoon,TS,52394,city
janjagira campa,CG,1619707,district
janjgir,CG,32833,city
janjgir champa,CG,1619707,district
janmu,JK,576198,city
janpur,BR,10614,city
jansath,UP,19467,city
jaola,MP,74907,city
jaoli,MH,0,city
jaora,MP,74907,city
japalpur,MP,1081677,city
japalpur mavattam,MP,2463289,district
jara,MP,74907,city
jarandaru,PB,868929,city
jarhi,CG,7228,city
jaridih,JH,31882,city
jarjapupeta,AP,5761,city
jarnshedpur,JH,1339438,city
jaro,MP,74907,city
jarod,GJ,7200,city
jarwal,UP,17576,city
jasai,MH,8234,city
jasapura,CG,851669,district
jasdan,GJ,48483,city
jashpur,CG,851669,district
jashpur district,CG,851669,district
jashpur nagar,CG,28301,city
jasidih,JH,16338,city
jaspur,UK,42524,city
jasrana,UP,9883,city
jasrasar,RJ,8000,city
jaswantnagar,UP,27777,city
jaswantpura,RJ,5111,city
jatani,OD,63697,city
jatara,MP,17499,city
jatni,OD,63697,city
jaumpur,UP,4494204,district
jaunapura,UP,169572,district
jaunapura jil ha,UP,4494204,district
jaunapura jila,UP,4494204,district
jaunapura jilla,UP,4494204,district
jaunapura jillo,UP,4494204,district
jaunapuram,UP,169572,city
jaunapuramandalam,UP,4494204,district
jaunpur,UP,169572,district
jaunpur district,UP,4494204,district
jaunpuru,UP,169572,city
jauyanapura,UP,169572,city
javara,MP,74907,city
javatmal,MH,128175,district
javunpur mavattam,UP,4494204,district
jawad,MP,17129,city
jawaharnagar,TS,44562,city
jawala mukhi,HP,5361,city
jawhar,MH,12082,city
jawnpur,UP,169572,city
jayamkondacholapuram,TN,33945,city
jayapur,RJ,3046163,city
jayapura,RJ,3046163,district
jayapura jil ha,RJ,6626178,district
jayapura jila,RJ,6626178,district
jayapura jilla,RJ,6626178,district
jayapura jillo,RJ,6626178,district
jayapuram,RJ,3046163,city
jayapuramandalam,RJ,6626178,district
jayara,MP,74907,city
jayasalamera,RJ,67604,city
jayasankar bhupalapalli,TS,712257,district
jayashankar,TS,712257,district
jayashankar bhupalapalli,TS,712257,district
jayashankar bhupalapally,TS,712257,district
jayashankar bhupalpally district,TS,712257,district
jayashankara bhupalapally,TS,712257,district
jaybwr,RJ,3046163,city
jaykayanagar,WB,160242,city
jaykaynagar,WB,160242,city
jaynagar majilpur,WB,25922,city
jaypur,OD,84830,city
jaypur,RJ,3046163,city
jaypwr,RJ,3046163,city
jbl pwr,MP,1081677,city
jblbwr,MP,1081677,city
jehanabad,BR,103202,district
jehanabada,BR,1125313,district
jeipur,RJ,6626178,district
jejuri,MH,14515,city
jena,JH,8143,city
jesalamera,RJ,67604,city
jetalsar,GJ,14771,city
jetpur,GJ,118302,city
jetpur navagadh,GJ,118302,city
jevargi,KA,25686,city
jewar,UP,29316,city
jeycalmer,RJ,67604,city
jeyepore,OD,84830,city
jeypore,OD,84830,city
jeypore,RJ,3046163,city
jeyppur mavattam,RJ,6626178,district
jeypur,OD,84830,city
jgdlpwr,CG,125463,city
jhabua,MP,35753,district
jhadeshwar,GJ,28148,city
jhagarwas,RJ,5728,city
jhagra pt iii,AS,8838,city
jhagrakhand,CG,7680,city
jhajha,BR,40646,city
jhajjar,HR,48424,district
jhakal mandi,HR,7788,city
jhalavara,RJ,1411129,district
jhalawar,RJ,66919,district
jhalawar district,RJ,1411129,district
jhalida,WB,18057,city
jhalod,GJ,28720,city
jhalore,RJ,1828730,district
jhalrapatan,RJ,37506,city
jhalu,UP,20356,city
jhanjharpur,BR,31283,city
jhansi,UP,412927,district
jhansi district,UP,1998603,district
jharagram,WB,57796,city
jharasugada,OD,97730,city
jharasuguda,OD,97730,city
jharasugura,OD,97730,city
jhargram,WB,57796,district
jharia,JH,86938,city
jhariya,JH,86938,city
jharoda kalan,DL,19578,city
jharoda mazra burari,DL,22878,city
jharsaguda,OD,97730,city
jharsguda,OD,97730,city
jharsogra,OD,97730,city
jharsugra,OD,97730,city
jharsuguda,OD,97730,district
jharsuguda district,OD,579505,district
jharsugude,OD,97730,city
jhinjhak,UP,23499,city
jhinjhana,UP,19711,city
jhinkpani,JH,13068,city
jhompra,OD,6064,city
jhujhunu,RJ,2137045,district
jhulasan,GJ,8000,city
jhumri telaiya,JH,87867,city
jhumri tellaya,JH,87867,city
jhundpura,MP,9803,city
jhunjhunu,RJ,118473,district
jhunjhunu district,RJ,2137045,district
jhunjhunum,RJ,2137045,district
jhunjhunun,RJ,118473,district
jhusi,UP,16642,city
jigani,KA,17036,city
jila aligarha,UP,3673889,district
jila bamda,UP,1799410,district
jila bijanaura,UP,3682713,district
jila bulandasahara,UP,3499171,district
jila hamirapura,UP,1104285,district
jila jaunapura,UP,4494204,district
jila mainapuri,UP,1868529,district
jila mathura,UP,2547184,district
jila meratha,UP,3443689,district
jila pratapagarha,UP,3209141,district
jila rayabareli,UP,3405559,district
jila unnava,UP,3108367,district
jiladiguda,TS,27461,city
jin nai,TN,4681087,city
jin nai xian,TN,4646732,district
jind,HR,167592,district
jining,AR,20684,city
jintur,MH,44291,city
jiran,MP,11518,city
jirapur,MP,21724,city
jiraun kasba,MP,9426,city
jiribam,MN,7343,district
jiribam district,MN,0,district
jiwanpur,UP,43054,city
jlgawn,MH,460228,city
jlna,MH,285577,city
jlndr,PB,868929,city
jmngr,GJ,600943,city
jmshdpwr,JH,1339438,city
jmshyd pwr,JH,1339438,city
jmshydbwr,JH,1339438,city
jmshydpwr,JH,1339438,city
jnwb dlhy,DL,2731929,district
jnwb ghrb dlhy,DL,2292958,district
jobat,MP,11976,city
jobner,RJ,11354,city
joda,OD,46631,city
jodeupuleu,RJ,1056191,city
jodhapura,RJ,1056191,district
jodhapuram,RJ,1056191,city
jodhpur,GJ,47329,city
jodhpur,RJ,1056191,district
jodhpur city,RJ,1056191,city
jodhpur district,RJ,3687165,district
jodiya bandar,GJ,15788,city
jodopuru,RJ,1056191,city
jogbani,BR,39281,city
jogindarnagar,HP,5335,city
jogipet,TS,18494,city
jogulamba gadvala,TS,664971,district
jogulamba gadwal,TS,664971,district
joka,WB,9302,city
jona pur,DL,10635,city
jor hat,AS,126736,district
jor hat mavattam,AS,1092256,district
jora,MP,42153,city
jora khurd,MP,32087,city
jorahata,AS,1092256,district
jorahata jil ha,AS,1092256,district
jorahata jila,AS,1092256,district
jorahata jilla,AS,1092256,district
jorahata jillo,AS,1092256,district
jorahatamandalam,AS,1092256,district
jorethang,SK,9009,city
jorhat,AS,126736,district
jorhat district,AS,1092256,district
jorhatin piirikunta,AS,1092256,district
joshimath,UK,13865,city
joshipur,OD,5101,city
jowai,ML,28430,district
jubbulpore,MP,1081677,city
jubbulpore district,MP,2463289,district
jugial,PB,15210,city
jugo zapadnyj deli,DL,2292958,district
jugsalai,JH,49660,city
jujuvadi,TN,32474,city
jullundur,PB,868929,city
jullundur city,PB,868929,city
jumri tilaiya,JH,87867,city
junagad,GJ,319462,city
junagadh,GJ,319462,district
junagadh district,GJ,2743082,district
junagarh,CG,19656,city
junagarh,GJ,319462,city
junaghur,GJ,319462,city
junnar,MH,25997,city
juzhnaja kannada,KA,2089649,district
juzhnyj deli,DL,2731929,district
juzhnyj dinadzhpur,WB,1676276,district
jwahaty,AS,962334,city
jwdapwr,RJ,1056191,city
jwdbwr,RJ,1056191,city
jwdpwr,RJ,1056191,city
jwn pwr,UP,169572,city
jwnfwr,UP,169572,city
jwnpwr,UP,169572,city
jwnpwr atrprdysh,UP,169572,city
jwntwr,AP,670073,district
jwrakhbwr,UP,674246,city
jwrhat,AS,1092256,district
jwrjawn,HR,886519,city
jyhan abad,BR,1125313,district
jyotiba phule nagar,UP,1840221,district
jyotiba phule nagara jilla,UP,1840221,district
jypwr,RJ,3046163,city
jyslmyr,RJ,67604,city
k v rangareddy,TS,5296741,district
ka irana,UP,80432,city
ka ithala,HR,144915,city
ka na,PB,128137,city
kabalati,LD,11210,city
kabarati,LD,11210,city
kabaratti,LD,11210,city
kabeerdham,CG,822526,district
kabharetti,LD,11210,city
kabilpor,GJ,15699,city
kabiradhama,CG,822526,district
kabiradhama jila,CG,822526,district
kabirdham,CG,822526,district
kabirdham district,CG,822526,district
kabnur,MH,38146,city
kabrai,UP,24771,city
kabri,HR,7049,city
kabwrthala,PB,98916,city
kachchh,GJ,2092371,district
kachhwa,UP,15381,city
kachrapara,WB,136954,city
kachrauli,HR,5400,city
kaciyapat,UP,1199191,city
kadachira,KL,18979,city
kadaiya,DH,12717,city
kadaiyam,TN,5430,city
kadaiyanallur,TN,90364,city
kadakkavoor,KL,25362,city
kadakola,KA,6436,city
kadalura,TN,173636,city
kadaluru,TN,173636,city
kadamakudi,KL,16295,city
kadambuttur,TN,11235,city
kadannappalli,KL,10430,city
kadapa,AP,344893,district
kadapa district,AP,2882469,district
kadapa jila,AP,2882469,district
kadapa zila,AP,2882469,district
kadapamandalam,AP,2882469,district
kadaparai,TN,9574,city
kadappa jil ha,AP,2882469,district
kadappa jilla,AP,2882469,district
kadaruru,TN,173636,city
kadattur,TN,11382,city
kadaura,UP,13784,city
kadayal,TN,21665,city
kadayanallur,TN,90364,city
kaddalora,TN,173636,city
kadi,GJ,81404,city
kadiganahalli,KA,6587,city
kadiganpalli,TN,22714,city
kadikkad,KL,19147,city
kadipikonda,TS,8685,city
kadipur,DL,18369,city
kadipur,UP,7472,city
kadiri,AP,89429,city
kadiyampatti,TN,11390,city
kadma,JH,7239,city
kadmat,LD,5404,city
kadod,GJ,16747,city
kadodara,GJ,27336,city
kadungalur,KL,39666,city
kadur,KA,34151,district
kaelkuettae,WB,4631392,city
kagal,MH,34106,city
kagaznagar,TS,57583,city
kahi kuchi,AS,9917,city
kaij,MH,30704,city
kaikalapettai,TN,23910,city
kaikalur,AP,20763,city
kailana,UP,80432,city
kailaras,MP,25920,city
kailasagiri,TN,9421,city
kailasahar,TR,22405,city
kailashahar,TR,22405,city
kaimganj,UP,32858,city
kaimori,MP,20154,city
kaimur,MP,19343,city
kaimur district,BR,1626384,district
kainoor,KL,7344,city
kaipamangalam,KL,35626,city
kaiparamba,KL,7179,city
kaira,GJ,2299885,district
kaira district,GJ,2299885,district
kairana,UP,80432,city
kairangala,KA,5788,city
kaisaru,HR,144915,city
kaital,HR,144915,city
kaithal,HR,144915,district
kaithala,HR,144915,city
kaithoon,RJ,24260,city
kaittal,HR,144915,city
kajahikode,KL,550440,city
kajhikada,KL,550440,city
kajpura,PB,92301,city
kajtkhal,HR,144915,city
kajuvaka,AP,258944,city
kakalur,TN,14528,city
kakarati,MP,8452,city
kakaya,AS,5550,city
kakching,MN,32138,district
kakching khunou,MN,11379,city
kakdwip,WB,19368,city
kakinada,AP,384182,district
kakkalapalle,AP,30128,city
kakkanad,KL,25531,city
kakkinata,AP,2092374,district
kakkodi,KL,42866,city
kakori,UP,18332,city
kakosi,GJ,9734,city
kakrala,UP,35690,city
kakti,KA,13946,city
kal jan,MH,1262255,city
kal kuta,WB,4631392,city
kal kutta,KL,550440,city
kal kutta,WB,4631392,city
kal kuttae,WB,4631392,city
kalaburagi,KA,543147,district
kalaburgi,KA,543147,city
kaladhungi,UK,6763,city
kaladi,KL,25872,city
kalagarh project colony,UK,13298,city
kalahandi,OD,1576869,district
kalahandi district,OD,1576869,district
kalahasti mandira,AP,80056,city
kalaigaon,AS,5112,city
kalakata,WB,4631392,city
kalakatta,WB,4631392,city
kalakhasti,AP,80056,city
kalakkadu,TN,30921,city
kalaleu,PB,74460,city
kalamassery,KL,71038,city
kalamb,MH,27287,city
kalamnuri,MH,24784,city
kalanaur,HR,23319,city
kalanaur,PB,13671,city
kalanwali,HR,27355,city
kalappanayakkanpatti,TN,10831,city
kalappatti,TN,39586,city
kalas,MH,14858,city
kalavad,GJ,28314,city
kalavai,TN,10057,city
kalavoor,KL,29564,city
kalayat,HR,18660,city
kalburgi,KA,543147,city
kaleuwaleu,KA,77139,city
kalghatgi,KA,16917,city
kalher,MH,15573,city
kaliaganj,WB,51748,city
kaliapani,OD,5028,city
kalicut,KL,550440,city
kalikata,WB,4631392,city
kalikotu,KL,550440,city
kalikuto,KL,550440,city
kalimpong,WB,43000,district
kalimpong kruketi,WB,0,city
kalinagar,UP,10728,city
kalinjur,TN,19828,city
kaliyagan,WB,51748,city
kaliyaganj,WB,51748,city
kalka,HP,34134,city
kalkata,WB,4631392,city
kalkota,WB,4631392,city
kalkouta,WB,4631392,city
kalkueta,WB,4631392,city
kalkuta,WB,4631392,city
kalkutta,WB,4631392,city
kallakele,KA,55194,city
kallakkudi,TN,11604,city
kallakkuricci,TN,1682687,district
kallakkurichchi,TN,40449,city
kallakurichi,TN,1682687,district
kallakurichi district,TN,1682687,district
kallakurikkhi,TN,1682687,city
kallam,MH,25713,city
kallamchavadi,TN,30702,city
kalleribhagam,KL,21723,city
kallettumkara,KL,7097,city
kallidaikurichi,TN,26398,city
kalliyassheri,KL,31122,city
kalliyoor,KL,40816,city
kallukuttam,TN,19093,city
kallupatti,TN,10762,city
kallur tekkumuri,KL,17480,city
kallur vadakummuri,KL,25259,city
kalmeshwar,MH,19578,city
kalna,WB,53964,city
kalol,GJ,134426,city
kalombe,MH,10138,city
kalparapatti,TN,5046,city
kalpatta,KL,31580,city
kalpi,UP,44339,city
kalugumalai,TN,15423,city
kaluleu,KL,62836,city
kaluleu,TN,234191,city
kalundri,MH,8101,city
kalwakurti,TS,28060,city
kalyan,MH,1262255,city
kalyan dombivli,MH,1247327,city
kalyandurg,AP,32328,city
kalyani,KA,69717,city
kalyani,WB,93184,city
kalyanpur,AR,59490,city
kalykwt,KL,550440,city
kam mam,TS,196283,city
kamakhyanagar,OD,16810,city
kamal pur majra burari,DL,43086,city
kamalabaria n c,AS,10071,city
kamalapuram,AP,14677,city
kamalapuram,KA,25552,city
kamalapuram,TS,11493,city
kamalganj,UP,16222,city
kamalnagar,KA,10252,city
kamalpur,TR,10872,city
kaman,RJ,38040,city
kamaraupa jila,AS,1260419,district
kamareddi,TS,80315,district
kamareddipet,TS,80315,city
kamareddy,TS,972625,district
kamaredi,TS,80315,city
kamarhati,WB,332965,city
kamarhatty,WB,332965,city
kamarkhati,WB,332965,city
kamaruddinnagar,DL,25126,city
kamatgi,MH,15620,city
kamayakkavundanpatti,TN,16134,city
kambainallur,TN,12194,city
kambam,TN,68090,city
kambay,GJ,99164,city
kambe,MH,6642,city
kamjong,MN,0,district
kamjong district,MN,0,district
kamle,AR,0,district
kammivapettai,TN,18745,city
kampil,UP,9200,city
kampli,KA,39307,city
kamptee,MH,86793,city
kampti,MH,86793,city
kampur town,AS,10371,city
kamrup,AS,1517542,district
kamrup district,AS,1517542,district
kamrup metro,AS,1260419,district
kamrup metropolitan,AS,1260419,district
kamrup metropolitan district,AS,1260419,district
kamtha,MH,86793,city
kamthi,MH,86793,city
kamuthi,TN,14754,city
kan na,PB,128137,city
kan nuru,KL,62836,city
kanadukattan,TN,5275,city
kanajannur,KL,851406,city
kanakapula,KA,54014,city
kanakapura,KA,54014,city
kanakapwra,KA,54014,city
kanakpur i,AS,6219,city
kanakpur part ii,AS,9519,city
kanakpura,KA,54014,city
kananorskom,KL,62836,city
kanapaka,AP,5960,city
kanapura,UP,2823249,city
kanapura dehata jil ha,UP,1796184,district
kanapura dehata jila,UP,1796184,district
kanapura dehata jilla,UP,1796184,district
kanapura dehata jillo,UP,1796184,district
kanar,MP,10458,city
kanara north district,KA,1437169,district
kanaudzh,UP,76714,city
kanauj,UP,76714,city
kanauja,UP,76714,city
kanauji,UP,76714,city
kanayannur,KL,851406,city
kanchanpur,TR,15341,city
kancharapara,WB,136954,city
kancheepuram,TN,221715,district
kanchi,TN,221715,district
kanchipulam,TN,221715,city
kanchipuram,TN,221715,district
kanchipurami,TN,221715,city
kanchipuramu,TN,221715,city
kanchrapara,WB,136954,city
kanchrapura,WB,136954,city
kanchy pwrm,TN,221715,city
kanchypwram,TN,221715,city
kanci,TN,221715,city
kancipuram,TN,221715,city
kancipurama,TN,221715,city
kancipuramas,TN,221715,city
kancsipuram,TN,221715,city
kandahar,MH,24843,city
kandalloor,KL,19925,city
kandamkunnu,KL,16025,city
kandanissheri,KL,14645,city
kandanur,TN,7696,city
kandanvilai,TN,7401,city
kandari,MH,16353,city
kandasar,OD,6668,city
kandenavolu,AP,460184,city
kandhamal,OD,733110,district
kandhamal district,OD,733110,district
kandhla,UP,43387,city
kandi,WB,54848,city
kandla,GJ,25845,city
kandra,JH,8157,city
kandragadia,OD,5505,city
kandri,MH,10624,city
kandukur,AP,57246,city
kandva,MP,200738,city
kangarali budrukh,KA,10496,city
kangarali khurd,KA,8204,city
kangayam,TN,32147,city
kangeyanallur,TN,15177,city
kangpokpi,MN,7476,district
kangpokpi district,MN,0,district
kangra,HP,9528,district
kangra district,HP,1510075,district
kanhan,MH,22945,city
kanhangad,KL,125564,city
kanhirode,KL,15353,city
kanigiri,AP,25045,city
kanigiri u,AP,37420,city
kanina khas,HR,12989,city
kanisail pt i,AS,7358,city
kaniyambadi,TN,9597,city
kaniyarakod kizhakumuri,KL,13236,city
kaniyur,TN,12011,city
kanjari,GJ,17881,city
kanjhawala,DL,10331,city
kanjikkovil,TN,11294,city
kanjippuram,TN,221715,city
kanjiramkulam,KL,19902,city
kankanhalli,KA,54014,city
kankauli,MH,16398,city
kanke,JH,17560,city
kanker,CG,37442,district
kanker district,CG,748941,district
kankera,CG,748941,district
kankhangad,KL,125564,city
kankipadu,AP,14616,city
kankon,GA,12444,city
kanna,PB,128137,city
kannad,MH,42056,city
kannadiparamba,KL,13677,city
kannamangalam,KL,41260,city
kannamangalam,TN,7399,city
kannampalaiyam,TN,15868,city
kannanendal,TN,31095,city
kannangad,KL,125564,city
kannankurichchi,TN,19765,city
kannanur,TN,7747,city
kannanuru,KL,62836,city
kannapuram,KL,18459,city
kannara,KL,62836,city
kannaudzh,UP,76714,city
kannauj,UP,76714,district
kannauja,UP,76714,city
kannavam,KL,8880,city
kannivadi,TN,10369,city
kanniyakumari,TN,22453,district
kannoci,UP,76714,city
kannod,MP,17744,city
kannoja,UP,76714,city
kannur,KL,62836,district
kannur district,KL,2523003,district
kannur mavattam,KL,2523003,district
kannura,KL,62836,city
kannura jila,KL,2523003,district
kannura jillo,KL,2523003,district
kanodar,GJ,12389,city
kanoor,KL,62836,city
kanor,RJ,13239,city
kanota,RJ,11250,city
kanour,KL,62836,city
kanpour,UP,2823249,city
kanpur,UP,2823249,district
kanpur cantonment,UP,108534,city
kanpur cantt,UP,108534,city
kanpur dehat,UP,1796184,district
kanpur dehat district,UP,1796184,district
kanpur district,UP,4581268,district
kanpur kantonment,UP,108534,city
kanpur nagar,UP,4581268,district
kanpuras,UP,2823249,city
kanpuro,UP,2823249,city
kanpuru,UP,2823249,city
kanpwr,UP,2823249,city
kansad,GJ,28327,city
kansapur,HR,18909,city
kansbahal,OD,9923,city
kanshiram nagar,UP,0,district
kanshybwrm,TN,221715,city
kant,UP,24430,city
kantabamsuguda,AP,6714,city
kantabanji,OD,21819,city
kantai,BR,25051,city
kantaphor,MP,10405,city
kanth,UP,24883,city
kantilo,OD,9181,city
kantinakar,GJ,292797,city
kantshybwram,TN,221715,city
kanur,KL,62836,city
kanura,KL,62836,city
kanuras,KL,62836,city
kanuru,AP,49006,city
kanwala,HR,5024,city
kanwat,RJ,7903,city
kanwr,KL,62836,city
kanyakumari,TN,1870374,district
kapadvanj,GJ,49308,city
kapas herd,DL,74073,city
kapasan,RJ,20869,city
kappal,KA,70698,city
kappiyara,TN,15998,city
kapren,RJ,20748,city
kapuleutalla,PB,98916,city
kapurathala,PB,98916,city
kapurathala jil ha,PB,815168,district
kapurathala jila,PB,815168,district
kapurathala jilla,PB,815168,district
kapurathala jillo,PB,815168,district
kapurathala zil ha,PB,815168,district
kapurathalamandalam,PB,815168,district
kapurtala,PB,98916,district
kapurthala,PB,98916,district
kapurthala district,PB,815168,district
kapurthala town,PB,98916,city
kapurthalan piirikunta,PB,815168,district
kapurtkhala,PB,98916,district
kapurttala,PB,98916,city
kapurutara,PB,98916,city
kapwrtalh,PB,98916,city
kar war,KA,77139,city
kara oyara,KA,77139,city
karachiya,GJ,7103,city
karad,MH,55663,city
karadipatti,TN,7289,city
karagila,LA,16338,city
karaikal,PY,86838,district
karaikal district,PY,200222,district
karaikkal,PY,200222,district
karaikkudi,TN,181851,city
karaikudi,TN,181851,city
karaimaganja jila,AS,1228686,district
karaippudur,TN,28602,city
karaivalimadappur,TN,5626,city
karakkad,KL,39098,city
karakpur,WB,219665,city
karala,DL,35730,city
karamadai,TN,35166,city
karambakkudi,TN,14626,city
karamsad,GJ,35285,city
karamuck,KL,15129,city
karandzha,MH,67907,city
karanja,MH,67907,city
karanja bibi,MH,67907,city
karanjia,OD,22865,city
karanpur,RJ,21604,city
karappa jilla,AP,2882469,district
karar,PB,74460,city
kararaara,KA,77139,city
karari,UP,14403,city
karaualnagar,DL,224281,city
karauli,RJ,82960,district
karavara,KA,77139,city
karavaram,KA,77139,city
karawalnagar,DL,224281,city
karbi anglong,AS,956313,district
karbi anglong district,AS,956313,district
kardhan,HR,18662,city
kareli,MP,29929,city
karera,MP,28705,city
kargahia purab,BR,9995,city
kargal,KA,10847,city
kargil,LA,16338,district
kargil district,LA,0,district
kargilanagaram,LA,16338,city
kargl,LA,16338,city
karhal,UP,26693,city
kari,MP,10409,city
kariapatti,TN,18191,city
karikad,KL,13656,city
karikal,PY,86838,district
karikatto,KL,550440,city
karim nagar,TS,3776269,district
karimaganja,AS,56854,district
karimaganja jela,AS,1228686,district
karimaganja jil ha,AS,1228686,district
karimaganja jila,AS,1228686,district
karimaganja jilla,AS,1228686,district
karimaganja jillo,AS,1228686,district
karimaganjamandalam,AS,1228686,district
karimangalam,TN,13511,city
karimgandzh,AS,1228686,district
karimganj,AS,56854,district
karimganj district,AS,1228686,district
karimganjin piirikunta,AS,1228686,district
karimkancu mavattam,AS,1228686,district
karimnagar,TS,289821,district
karimngar district,TS,3776269,district
karimpur,WB,9565,city
karingal,TN,16691,city
karinganj,AS,1228686,district
karinnagar,TS,289821,district
karivali,MH,12907,city
kariyannur,KL,6363,city
karjan,GJ,30405,city
karjat,MH,34554,city
karkala,KA,25800,city
karkil,LA,16338,city
karma,JH,5753,city
karma tanr,JH,5868,city
karmala,MH,23199,city
karmatanr,JH,6392,city
karmeta,MP,14452,city
karnal,HR,302140,district
karnal district,HR,1505324,district
karnawad,MP,11266,city
karnul,AP,460184,district
karnul,TS,29439,city
karnul mavattam,AP,4053463,district
karnula,AP,460184,city
karnulis,AP,460184,city
karnulu,AP,460184,city
karnulu jilla,AP,4053463,district
karnulumandalam,AP,4053463,district
karo,JH,39305,city
karol bagh,DL,505241,city
karol bagkh,DL,505241,city
karrapur,MP,10647,city
kartarpur,PB,26701,city
karthikappally,KL,19021,city
karugampattur,TN,6343,city
karukkalvadi,TN,12052,city
karumalur,KL,29805,city
karumandi chellipalaiyam,TN,23868,city
karumattampatti,TN,35062,city
karumbakkam,TN,11992,city
karungappalli,KL,25336,city
karunguli,TN,12485,city
karunuru,AP,460184,city
karuppur,TN,13967,city
karur,TN,234191,district
karura,TN,234191,city
karuru,TN,234191,city
karuva,KL,25432,city
karuvanthuruthy,KL,21952,city
karuvellur,KL,13498,city
karvad,GJ,5746,city
karvar,KA,77139,city
karwar,KA,77139,city
karwr,TN,234191,city
kas ganj,UP,99462,city
kasagaja,UP,99462,city
kasaganja,UP,99462,city
kasara,MH,15611,city
kasaragod,KL,54172,district
kasaragod district,KL,1307375,district
kasaragod fort,KL,54172,city
kasargod district,KL,1307375,district
kasauli,HP,5215,city
kasba,BR,30421,city
kasdol,CG,14071,city
kaseuganjeu,UP,99462,city
kasgandzh,UP,99462,city
kasgang,UP,99462,city
kasganj,UP,99462,district
kasganj district,UP,0,district
kasganja,UP,99462,city
kasgnj,UP,99462,city
kashi,UP,1164404,city
kashipur,UK,103138,city
kashipuru,UK,103138,city
kashmir north,JK,1008039,district
kashmir south,JK,1078692,district
kashypwr,UK,103138,city
kasi,UP,1164404,city
kasi pur,UK,103138,city
kasibugga,AP,57507,city
kasinagar,OD,9684,city
kasipalaiyam,TN,73425,city
kasipet,TS,5133,city
kasipuleu,UK,103138,city
kasipur,UK,103138,city
kasipura,UK,103138,city
kaskan,UP,99462,city
kasrawad,MP,22750,city
kasuganji,UP,99462,city
kataiya,BR,20193,city
katak,OD,610189,city
kataka,OD,610189,city
katakam,OD,610189,city
katakku,OD,610189,city
katalur,TN,173636,city
katangi,MH,6440,city
katangi,MP,19040,city
katappa,AP,344893,city
katappa mavattam,AP,2882469,district
katavallur,KL,12912,city
katghora,CG,22690,city
kathanian,PB,10679,city
katheru,AP,23572,city
kathhara,JH,22080,city
kathlal,GJ,22071,city
kathor,GJ,15311,city
kathu a,JK,59866,city
kathua,JK,59866,district
kathua district,JK,616435,district
kathura,JK,59866,city
kathuraa,JK,59866,city
kathuva,JK,59866,city
kathwa,JK,59866,city
kati,MH,12022,city
katihar,BR,240838,district
katihara,BR,3071029,district
katihara jilla,BR,3071029,district
katikhar,BR,240838,district
katirail t e,AS,6182,city
katirur,KL,31087,city
katk,OD,610189,city
katkhua,JK,59866,city
katni,MP,221883,district
katol,MH,43267,city
katoya,WB,78408,city
katpadi,TN,38833,city
katpur,GJ,8677,city
katra,JK,9106,city
katra,UP,6853,city
katras,JH,57349,city
kattak,OD,610189,city
kattakampala,KL,11836,city
kattake,OD,610189,city
kattanam,KL,19764,city
kattatturai,TN,17271,city
kattayama,KL,55374,city
kattihar,BR,3071029,district
kattimancode,TN,8541,city
kattipparutti,KL,40318,city
kattivakkam,TN,36617,city
kattrivedu,TN,7580,city
kattumannarkoil,TN,27294,city
kattupputtur,TN,11040,city
kattur,KL,18017,city
katwa,WB,78408,city
katyhar,BR,3071029,district
kauo,KA,77139,city
kauranwali,PB,5770,city
kaushambi,UP,1599596,district
kaushambi district,UP,1599596,district
kavali,AP,90099,city
kavanur,TN,54986,city
kavarati,LD,11210,city
kavaratis,LD,11210,city
kavaratti,LD,11210,city
kaveripak,TN,14583,city
kaveripatnam,TN,15006,city
kavisuryanagar,OD,17430,city
kavukatti,AS,962334,city
kavundaneri,TN,8485,city
kavundanpalaiyam,TN,9192,city
kawai,RJ,9487,city
kawant,GJ,9553,city
kawar,KA,77139,city
kawardha,CG,46657,city
kawlet,KA,6265,city
kawnpur,MZ,7732,city
kaya,BR,4391418,district
kayalpattinam,TN,40588,city
kayamkulam,KL,68634,city
kayangulam,KL,68634,city
kayankulam,KL,68634,city
kayattar,TN,10400,city
ke ta,RJ,1001694,city
ke zhi,KL,633553,city
keacci,KL,633553,city
keahima,NL,99039,city
kealikkeat,KL,550440,district
kealikkeat jilla,KL,550440,city
keallam,KL,367107,district
keattayam,KL,55374,district
keayilanti,KL,71873,city
kedia,JH,16054,city
keeramangalam,TN,9357,city
keerikkad,KL,10465,city
keevallur,KL,20440,city
keezhkulam,TN,17327,city
kegaon,MH,7485,city
keirao bitra,MN,24900,city
kekri,RJ,41890,city
kelamangalam,TN,13321,city
kelhauri,MP,8796,city
kelwa,RJ,11712,city
kempanayakkanpalaiyam,TN,11103,city
kemri,UP,26726,city
kenda,WB,15131,city
kendrapara,OD,1440361,district
kendrapara district,OD,1440361,district
kendraparha,OD,47006,city
kenduadih,JH,9032,city
kendujhar,OD,60590,district
kenjaru,KA,5338,city
kentak,SK,100286,city
keolari,MP,9654,city
keonjhar,OD,60590,district
keonjhargarh,OD,60590,district
kerkandi,TN,23229,city
keru,RJ,38429,city
kerur,KA,19731,city
kesabpur,WB,10921,city
kesariya,BR,18984,city
keshod,GJ,76193,city
keshorai patan,RJ,24627,city
kesinga,OD,19239,city
keskal,CG,11115,city
kesod,GJ,76193,city
kesrisinghpur,RJ,14010,city
keta mavattam,GJ,2299885,district
kethala,HR,144915,city
kevadiya,GJ,6788,city
khabra,WB,139297,city
khachrod,MP,34191,city
khada,UP,16350,city
khadakvaslal,MH,78684,city
khadakwasla,MH,78684,city
khadkale,MH,13435,city
khadki,MH,75654,city
khadki buzurg,MH,12133,city
khadzhipur,BR,147688,city
khaga,UP,13338,city
khaga ula,BR,51577,city
khagaria,BR,49982,district
khagariya,BR,1666886,district
khagaul,BR,51577,city
khagaula,BR,51577,city
khailar,UP,13334,city
khair,UP,30173,city
khaira,DL,7220,city
khaira,MH,31699,city
khaira bari,AS,10210,city
khairabad,RJ,11993,city
khairabad,UP,42125,city
khairagarh,CG,22564,city
khairagarh,UP,20095,city
khairgarh chhuikhadan gandai,CG,368444,district
khairi,MP,6438,city
khairtal,RJ,38298,city
khajdarabad,TS,6993262,city
khajderabad,TS,6993262,city
khajoori khas,DL,76640,city
khajuraho group of monuments,MP,25662,city
khalari,JH,20010,city
khaldija,WB,170695,city
khaldvani,UK,139497,city
khali kachigam,DH,18434,city
khaliapali,OD,6865,city
khalilabad,UP,45321,city
khalisakhar,WB,128172,city
khallikot,OD,13022,city
kham mam,TS,196283,district
kham mama,TS,196283,city
khamam,TS,196283,city
khamanon kalan,PB,10135,city
khamari,MH,6794,city
khamaria,MP,15019,city
khambayat,GJ,99164,city
khambhalia,GJ,41734,city
khambhaliva,GJ,41734,city
khambhaliya,GJ,41734,city
khambhat,GJ,99164,city
khambra on nakodar road,PB,5483,city
khamgaon,MH,94604,city
khamharia,CG,6998,city
khammam,TS,196283,district
khammam district,TS,2797370,district
khammamamet,TS,2797370,district
khammamett,TS,196283,city
khammamette,TS,196283,city
khan pur dhani,DL,6994,city
khana,PB,128137,city
khanapur,KA,19309,city
khanapuram haveli,TS,53442,city
khandakwalsa,MH,78684,city
khandava,MP,200738,city
khandbara,MH,6511,city
khandela,RJ,29044,city
khandesh east district,MH,4229917,district
khando oya,MP,200738,city
khandoraa,MP,200738,city
khandpara,OD,9038,city
khandva,MP,200738,city
khandwa,MP,200738,district
khandwa district,MP,1310061,district
khaniadhana,MP,15877,city
khanna,PB,128137,city
khanpur,GJ,0,city
khanpur,RJ,14854,city
khanpur,UP,14688,city
khanr,MP,10653,city
khansi,HR,86770,city
khanumangarkh,RJ,155687,city
khaora,WB,1027672,city
khapa,MH,15175,city
khapar,MH,7235,city
khapat,GJ,16744,city
khapur,UP,242920,city
kharach,GJ,5436,city
kharagapura,WB,219665,city
kharagauna,MP,1873046,district
kharaghara,MH,80612,city
kharaghoda,GJ,11944,city
kharagpur,BR,31385,city
kharagpur,WB,219665,city
kharakvasla,MH,78684,city
kharar,PB,74460,city
kharar,WB,12049,city
kharara,PB,74460,city
kharbav,MH,5250,city
khardah,WB,128346,city
khardaha,WB,128346,city
khardakh,WB,128346,city
khardi,MH,5579,city
khardoj,UP,122635,district
khardvar,UK,186079,city
kharela,UP,13798,city
khargapur,MP,14813,city
khargapura,WB,219665,city
kharghar,MH,80612,city
khargon,MP,116150,city
khargone,MP,116150,district
khargone district,MP,1873046,district
khargpur,WB,219665,city
khargupur,UP,9576,city
kharhial,OD,15087,city
khariar road,OD,18967,city
kharidvar,UK,186079,city
kharijapikon,AS,5550,city
kharkhari,JH,5656,city
kharkhauda,HR,25051,city
kharkhauda,UP,13189,city
kharod,CG,10193,city
kharora,CG,9236,city
kharsawan,JH,7216,city
kharsia,CG,18939,city
kharupatia,AS,18599,city
khasan,KA,155006,city
khashcal,DL,176877,city
khatauli,UP,64731,city
khatawly,UP,64731,city
khategaon,MP,25413,city
khatiguda,OD,6361,city
khatima,UK,15714,city
khatkhras,UP,126882,city
khatra,WB,16484,city
khatuyali,UP,64731,city
khauja i,MZ,11022,city
khaur,JK,6690,city
khaveri,KA,1597668,district
khavjvala,MZ,11022,city
khawzawl,MZ,11022,district
khazaribag,JH,153595,city
khed,MH,16892,city
kheda,GJ,25575,district
kheda district,GJ,2299885,district
kheda jil ha,GJ,2299885,district
kheda jilla,GJ,2299885,district
kheda jillo,GJ,2299885,district
khedamandalam,GJ,2299885,district
khedan piirikunta,GJ,2299885,district
khedbrahma,GJ,29402,city
khekra,UP,42408,city
khem karan,PB,13446,city
khera jila,GJ,2299885,district
khera jilla,GJ,2299885,district
khera kalan,DL,8252,city
khera khurd,DL,9777,city
kheragarh,UP,20095,city
kheralu,GJ,21843,city
kherdi,MH,12397,city
kheri,UP,26327,district
kheri district,UP,4021243,district
kheri nangal,HR,18195,city
kheri sampla,HR,10891,city
kherli,RJ,17634,city
kherliganj,RJ,7022,city
kherwara,RJ,7581,city
khetia,MH,15744,city
khetri,RJ,18209,city
khilchipur,MP,18928,city
khindaun,RJ,105452,city
khindupur,AP,151677,city
khingangkhat,MH,101805,city
khingoli,MH,85103,district
khiri,UP,4021243,district
khirkiya,MP,22737,city
khisar,HR,307024,city
khliehriat,ML,0,city
kho chi khod,KL,550440,city
khongapani,CG,17400,city
khoni,MH,26016,city
khonsa,AR,10187,city
khopoli,MH,71141,city
khor,MP,5683,city
khorda,OD,2251673,district
khordha,OD,46205,district
khore,JK,6931,city
khori kalan,HR,6007,city
khoshangabad,MP,117988,city
khoshiarpur,PB,168653,district
khoskote,KA,56980,city
khospet,KA,206167,city
khosur,TN,229528,city
khotran,PB,5046,city
khowai,TR,20046,district
khoya i,TR,0,district
khragpwr,WB,219665,city
khreuh,JK,9851,city
khubli dkharvad,KA,943788,city
khuda alisher,CH,6831,city
khudaganj,UP,12636,city
khugli,WB,177005,city
khujner,MP,10785,city
khuldabad,MH,15749,city
khun tur,AP,670073,city
khunsur,KA,50865,city
khunti,JH,36390,district
khunti district,JH,0,district
khurai,MP,51108,city
khuraja,UP,105909,city
khurdha,OD,2251673,district
khurga,UP,105909,city
khurja,UP,105909,city
khuru khram,HR,886519,city
khusropur,BR,15731,city
khutar,UP,15618,city
kiadgira,TS,6711,city
kichha,UK,34904,city
kidarakulam,KL,29624,city
kikana,KL,9735,city
kil bhuvanagiri,TN,21956,city
kil ha harikrisanagarha,RJ,154886,city
kila ambur,TN,6233,city
kilakarai,TN,38355,city
kilampadi,TN,6422,city
kilapavoor,TN,22231,city
kilattingal,KL,15185,city
kilkunda,TN,8886,city
killai,TN,13608,city
killannur,KL,20339,city
kilpuduppakkam,TN,6912,city
kilvayattanankuppam,TN,5321,city
kilvelur,TN,8272,city
kinattukkadavu,TN,8653,city
kinaura zila,HP,84121,district
kinna ura jilla,HP,84121,district
kinnara jela,HP,84121,district
kinnaur,HP,84121,district
kinnaur district,HP,84121,district
kinnaur mavattam,HP,84121,district
kinnaura jil ha,HP,84121,district
kinnaura jila,HP,84121,district
kinnaura jilla,HP,84121,district
kinnauramandalam,HP,84121,district
kinnora jillo,HP,84121,district
kinwat,MH,28454,city
kiphire,NL,16487,district
kiphire district,NL,0,district
kirakat,UP,14034,city
kirandul,CG,19053,city
kiranur,TN,11667,city
kiraoli,UP,21024,city
kirari sulemannagar,DL,283211,city
kiratpur,UP,60223,city
kiri buru,OD,9719,city
kirippatti,TN,10208,city
kirkee,MH,75654,city
kirkee cantonment,MH,78684,city
kirnapur,MP,6137,city
kirodimalnagar,CG,13102,city
kirusnanakar,WB,145926,city
kiruttinakiri,TN,71323,city
kisanagadha,RJ,154886,city
kisanaganja,BR,1690400,district
kisanagara,RJ,154886,city
kisanagarha,RJ,154886,city
kishanganij,BR,105782,city
kishanganj,BR,105782,district
kishanganj bazar,BR,105782,city
kishangarh,RJ,154886,city
kishangarkh,RJ,154886,city
kishanpur,UP,6104,city
kishni,UP,9852,city
kishtwar,JK,20553,district
kishtwar district,JK,0,district
kismatpur,TS,7288,city
kistna,AP,192827,district
kistna district,AP,4517398,district
kithor,UP,25262,city
kiyamgei,MN,5336,city
kizhake chalakudi,KL,49525,city
kizhakkumbagam,KL,10791,city
kizhariyur,KL,15116,city
kizhuparamba,KL,22062,city
kizhuppillikkara,KL,5275,city
kizhuvalam koonthalloor,KL,30770,city
kkhagaul,BR,51577,city
kkhammam,TS,196283,city
kkhana,PB,128137,city
kkhanduasi,UP,112635,city
kkharar,PB,74460,city
kkhatauli,UP,64731,city
kkheda,GJ,2299885,district
kkhilakalurupet,AP,101398,city
kkhirmiri,CG,100800,city
klbrkt,KA,543147,city
klgam,JK,0,district
klgham,JK,0,district
klkta,WB,4631392,city
klkth,WB,4631392,city
klkwth,WB,4631392,city
knur,KL,62836,city
knwr,KL,62836,city
ko ibatura,TN,2136916,city
ko imabatore,TN,2136916,city
ko imbatora,TN,2136916,city
ko imbatura,TN,2136916,city
ko imbatura jil ha,TN,3458045,district
koalna,WB,53964,city
koath,BR,18890,city
kobhilapatti,TN,95057,city
kobilapatti,TN,95057,city
koca bihara,WB,2819086,district
kocabihara,WB,2819086,district
kocci,KL,633553,city
koch bihar,WB,78737,district
kochi,KL,633553,city
kochin,KL,633553,city
kochpara,AS,7540,city
koci,KL,633553,city
koczin,KL,633553,city
kodad,TS,64234,city
kodagu,KA,554519,district
kodagu district,KA,554519,district
kodaikanal,TN,36501,city
kodala,OD,13965,city
kodamthuruth,KL,21295,city
kodannur,KL,7655,city
kodar,TS,64234,city
kodarama,JH,0,district
kodarma,JH,87867,district
kodarma district,JH,0,district
kodavasal,TN,14639,city
koderma,JH,0,district
kodial,KA,499487,city
kodigenahalli,KA,5727,city
kodikkulam,TN,12713,city
kodinar,GJ,41492,city
kodivalasa,TN,9024,city
kodiyal,KA,499487,city
kodoli,MH,26106,city
kodumudi,TN,13225,city
kodungallur,KL,60190,city
kodur,KL,45459,city
koduvayur,KL,20703,city
koelwar,BR,25494,city
kohat,MP,58939,city
kohima,NL,99039,district
koil,UP,753207,city
koilpatti,TN,95057,city
koimbatoleu,TN,2136916,city
koimbator,TN,2136916,city
koimbatore,TN,2136916,city
koimbatur,TN,2136916,district
koipadi,KL,18121,city
koira,OD,6763,city
kojambuttur,TN,2136916,city
kojhikora,KL,550440,city
kojikode,KL,550440,city
kojikodeu,KL,550440,city
kokernag,JK,6553,city
kokhima,NL,99039,city
kokima,NL,99039,city
kokotamangalam south,KL,17047,city
kokrajhar,AS,34136,district
kol hapura,MH,3876001,district
kolaccheri,KL,17095,city
kolakata,WB,4631392,city
kolam,KL,367107,city
kolambe,KA,5592,city
kolamo,KL,367107,city
kolappalur,TN,9607,city
kolar,KA,138462,district
kolar,MP,87882,city
kolar district,KA,1536401,district
kolar mavattam,KA,1536401,district
kolara jil ha,KA,1536401,district
kolara jila,KA,1536401,district
kolaras,MP,19781,city
kolasib,MZ,25000,district
kolasib district,MZ,83955,district
kolavallur,KL,19817,city
kolayat,RJ,9684,city
kolazhi,KL,11540,city
kolhapur,MH,549236,district
kolikkot,KL,550440,city
kolikkota,KL,550440,city
kolikkotu,KL,550440,city
kolikod,KL,550440,city
kolikoda,KL,550440,city
kolikora,KL,550440,city
kolkat,WB,4631392,city
kolkata,WB,4631392,district
kolkate,WB,4631392,city
kolkato,WB,4631392,city
kolkatta,WB,4631392,city
kolkhapur,MH,549236,city
kolki,MH,8054,city
kollam,KL,367107,district
kollama,KL,367107,city
kollancode,TN,38385,city
kollankoil,TN,9196,city
kollegal,KA,57149,city
kollegalam,KA,57149,city
kollivayal,TN,21943,city
kolvi,RJ,8584,city
komalapuram,KL,47126,city
komarapalayam,TN,195071,city
kombai,TN,15960,city
kompalli,TS,15575,city
konaje,KA,11368,city
konanur,KA,9555,city
konarka,OD,16834,city
konaseema,AP,1719093,district
konch,UP,52773,city
kondaganva,CG,0,district
kondagaon,CG,30921,district
kondagaon district,CG,0,district
kondalampatti,TN,20318,city
kondalwadi,MH,14770,city
kondamallapally,TS,9683,city
kondamanayakkanpatti,TN,6892,city
kondapalle,AP,38714,city
kondasamudram,TN,21335,city
kondegaon,CG,30921,city
kondhi,MH,10497,city
kondichettippatti,TN,10300,city
kondli,DL,38207,city
kondotty,KL,28794,city
kondur,TN,12506,city
konganapuram,TN,9286,city
koni,CG,7065,city
konnagar,WB,76082,city
konnur,KA,19386,city
konra,JH,8258,city
konta,TS,7038,city
konta mavattam,UP,3433919,district
koolimuttam,KL,8823,city
koonimedu,TN,7528,city
koora,CG,8857,city
koothanallur,TN,25423,city
koothappar,TN,15943,city
koovappady,KL,29339,city
kopaganj,UP,33539,city
kopagaon,MH,65273,city
kopal,KA,70698,city
kopala,KA,70698,city
kopaleugaon,MH,65273,city
kopali,JH,43256,city
kopar gav,MH,65273,city
koparagamo,MH,65273,city
koparagamva,MH,65273,city
koparaganva,MH,65273,city
koparagava taluka,MH,65273,city
kopargan,MH,65273,city
kopargaon,MH,65273,city
koparkan,MH,65273,city
kopawor,JK,21771,city
kopbal,KA,70698,city
kopiccettippalaiyam,TN,59523,city
koppa,KA,5124,city
koppal,KA,70698,district
koppal district,KA,1389920,district
koppala,KA,70698,city
koppana agrahara,KA,20622,city
kopparu,KA,70698,city
koraba,CG,1206640,district
koraba jila,CG,419146,city
koradacheri,TN,6450,city
koradi,MH,6321,city
korakhpur,UP,674246,city
korakpur,UP,674246,city
koraput,OD,47468,district
koraput district,OD,1379647,district
koratagere,KA,15265,city
koratla,TS,66504,city
koratti,KL,17618,city
korba,CG,419146,district
korbi anglong,AS,956313,district
korea,CG,658917,district
koregaon,MH,25846,city
korija,CG,658917,district
koriya,CG,658917,district
koriya district,CG,658917,district
koriya jil ha,CG,658917,district
koriya jila,CG,658917,district
koriya jilla,CG,658917,district
koriya jillo,CG,658917,district
koriya mavattam,CG,658917,district
koriyamandalam,CG,658917,district
korochi,MH,20420,city
korpa,CG,419146,city
korramu,KL,367107,city
korukata,WB,4631392,city
korukollu,AP,8543,city
korwai,MP,15136,city
kosamba,GJ,33221,city
kosi,UP,52492,city
kosigi,AP,15455,city
kosmi,MP,8970,city
kot fatah,PB,7412,city
kot isa khan,PB,12800,city
kot kapura,PB,91979,city
kota,CG,18405,city
kota,RJ,1001694,district
kota,UP,14632,city
kota district,RJ,1951014,district
kotagiri,TN,28848,city
kotah,RJ,1001694,district
kotah city,RJ,1001694,city
kotamangalam,KL,38837,city
kotaparh,CG,16326,city
kotar,MP,7520,city
kotara,GJ,143644,city
kotayam,KL,55374,city
kotba,CG,6805,city
kotdwara,UK,27009,city
kotekara,KA,16505,city
koteshwar,KA,10229,city
kothagudem,TS,79819,city
kothakota,TS,19042,city
kothanallur,TN,17662,city
kotharia,GJ,53794,city
kothi,MP,8793,city
kothri kalan,MP,10526,city
kotivakkam,TN,20217,city
kotkapura,PB,80741,city
kotla,HP,5000,city
kotla mahigiran,DL,7376,city
kotma,MP,31756,city
kotputli,RJ,49202,city
kotra,UP,8534,city
kotta,RJ,1001694,city
kottagudem,TS,79819,city
kottaikadu,TN,28172,city
kottaikavundanpatti,TN,7891,city
kottaikuppam,TN,31726,city
kottaiyur,TN,14766,city
kottajam,KL,55374,city
kottakkal,KL,44382,city
kottangara,KL,44402,city
kottapalli,TS,9899,city
kottapeta,TS,12740,city
kottappally,KL,21169,city
kottapuram,KL,6727,city
kottarakara,KL,29788,city
kottaram,TN,11055,city
kottavalasa,AP,14321,city
kottayam,KL,55374,district
kottayama,KL,55374,city
kottayamu,KL,55374,city
kottur,TN,26627,city
kotturu,KA,26289,city
kottuvalli,KL,42922,city
kotur,TS,10519,city
kotwa,MP,13916,city
kovai,TN,2136916,city
kovalam,KL,6000,city
kovilkandi,KL,71873,city
kovilpalaiyam,TN,5025,city
kovilpalaiyampudur,TN,12044,city
kovilpatti,TN,95057,city
kovur,AP,35600,city
kovur,TN,54986,city
kovvur,AP,40379,city
koyambattur,TN,2136916,city
koyambattura,TN,2136916,city
koyambatturu,TN,2136916,city
koyambatturumandalam,TN,3458045,district
koyambatura,TN,2136916,city
koyambatura jila,TN,3458045,district
koyampattur,TN,2136916,city
koyamputtur,TN,2136916,city
koyamputtur mavattam,TN,3458045,district
koyamuttur,TN,2136916,city
koyanbuttouru,TN,2136916,city
koyanbuttouru xian,TN,3458045,district
koyilandi,KL,71873,city
koyilandy,KL,71873,city
koynanagar,MH,28091,city
kozhancheri,KL,12021,city
kozhikkot,KL,550440,city
kozhikod,KL,550440,city
kozhikode,KL,550440,district
kozhukkallur,KL,14007,city
kozhukkully,KL,9918,city
kozikkot,KL,550440,city
kozikode,KL,550440,city
kozsikode,KL,550440,city
kra daadi,AR,0,district
kra daadi district,AR,0,district
kralapur,JK,13889,city
krdasfwr,PB,77928,city
krghyl,LA,16338,city
krishna,AP,192827,district
krishnagar,WB,145926,city
krishnagar city,WB,145926,city
krishnagiri,TN,71323,district
krishnagiri,WB,145926,city
krishnanagar,WB,145926,city
krishnapur,WB,7325,city
krishnapuram,KL,26705,city
krishnarajasagara,KA,35805,city
krishnarajpet,KA,25946,city
krishnarayapuram,TN,10792,city
krishnasamudram,TN,13146,city
krishnigar,WB,145926,city
krnwl,AP,460184,district
krshna,AP,4517398,district
krshnagry,TN,71323,city
krsnagiri,TN,71323,city
krsnanagara,WB,145926,city
krushnanandapur,OD,8974,city
krwar,KA,77139,city
krwr,TN,234191,city
kshy ngr,UP,3564544,district
kuch bihar,WB,78737,city
kuchaman,RJ,61969,city
kuchaman city,RJ,61969,city
kuchawan,RJ,61969,city
kuchera,RJ,23468,city
kuchi bandar,KL,633553,city
kuchinda,OD,15576,city
kucinakar,UP,3564544,district
kuda,NL,16108,city
kudachi,KA,23154,city
kudal,MH,16015,city
kudali,KL,15236,city
kudalloleu,TN,173636,city
kudalur,TN,173636,city
kudanthai,TN,167155,city
kudappanakkunnu,KL,41583,city
kuddalor,TN,173636,city
kuddalore,TN,173636,city
kudla,KA,499487,city
kudligi,KA,26680,city
kudlu,KL,26235,city
kudus,MH,7204,city
kudwa,MH,11549,city
kuhalur,TN,11753,city
kui long,KL,367107,city
kujjanur,TN,7024,city
kuju,JH,21356,city
kukat palli,TS,341709,city
kukatapalle,TS,341709,city
kukatapalli,TS,341709,city
kukatpalle,TS,341709,city
kukatpalli,TS,341709,city
kukatpally,TS,341709,city
kukdeshwar,MP,11956,city
kukkatapalli,TS,341709,city
kukkatpalli,TS,341709,city
kukkudakhandi,OD,7361,city
kukshi,MP,28331,city
kulappuram,TN,7677,city
kulasegaram,TN,17267,city
kulasekarapuram,KL,26907,city
kulathummal,KL,40448,city
kulattuppalaiyam,TN,17819,city
kulattur,TN,12748,city
kulbarga,KA,543147,city
kuleunuel,AP,460184,city
kulgam,JK,23584,district
kulittalai,TN,27910,city
kullada,OD,5645,city
kullamalai,KL,367107,city
kullattur,TN,27374,city
kullu,HP,437903,district
kullursandai,TN,5383,city
kulpahar,UP,18976,city
kulparka,KA,543147,city
kulti,WB,305405,city
kulu,HP,19831,district
kumar kaibarta gaon,AS,8056,city
kumaragiri,TN,13344,city
kumaralingam,TN,13642,city
kumaranellur,KL,7553,city
kumarapalaiyam,TN,15706,city
kumarapalajam,TN,195071,city
kumarapalayam,TN,195071,city
kumarapuram,KL,26943,city
kumarapuram,TN,14728,city
kumarghat,TR,13054,city
kumarmunda,OD,9043,city
kumarpur,JH,7153,city
kumbakonam,TN,167155,city
kumbakonama,TN,167155,city
kumbalam,KL,29193,city
kumbalangy,KL,42367,city
kumbalgod,KA,10178,city
kumbhakeanam,TN,167155,city
kumbhakonam,TN,167155,city
kumbhakonama,TN,167155,city
kumbhkot,RJ,6602,city
kumbhraj,MP,19707,city
kumbi,MN,9546,city
kumhari,CG,38334,city
kumher,RJ,23540,city
kumpakonam,TN,167155,city
kumsi,KA,6468,city
kumta,KA,36719,city
kumuram bheem asifabad,TS,0,district
kumuram bhim asiphabad,TS,0,district
kuna,MP,180935,city
kunamkulam,KL,63903,city
kunch,UP,52773,city
kunda,UP,24948,city
kundapura,KA,30444,city
kundarkhi,UP,27197,city
kundgol,KA,18726,city
kundla,GJ,76809,city
kundli,HR,21633,city
kundrathur,TN,54986,city
kunigal,KA,34155,city
kuniyamuttur,TN,95924,city
kunjanpalaiyam,TN,14834,city
kunjatturu,KL,13633,city
kunkuri,CG,13846,city
kunnamakulama,KL,63903,city
kunnamangalam,KL,47396,city
kunnamkulam,KL,63903,city
kunnankulam,KL,63903,city
kunnatnad,KL,22881,city
kunnattur,TN,8774,city
kunnimangalam,PY,18965,city
kunnumma,KL,14918,city
kunnummal,KL,18031,city
kuntakkal,AP,126270,city
kuntur,AP,670073,city
kuppam,AP,21963,city
kupwara,JK,14711,district
kupwara district,JK,0,district
kurali,PB,31060,city
kurandvad,MH,22372,city
kuranula,AP,460184,city
kuranula zila,AP,4053463,district
kurara,UP,12730,city
kurattissery,KL,11849,city
kurduvadi,MH,23131,city
kureekkad,KL,13348,city
kurgahalli,KA,7065,city
kurgunta,KA,8682,city
kurichchi,TN,123667,city
kurichi,TN,123667,city
kurikkhkkhi,TN,123667,city
kurikuppi,KA,22560,city
kurinjippadi,TN,39514,city
kurishunagiri,TN,71323,city
kurja nakaram,UP,105909,city
kurkavun,HR,886519,city
kurkhera,MH,7430,city
kurmul,AP,460184,city
kurmur,OD,8504,city
kurnala,AP,460184,city
kurnool,AP,460184,district
kurnool district,AP,4053463,district
kurnoolin piirikunta,AP,4053463,district
kurnul,AP,460184,city
kurnula,AP,460184,district
kurnula jil ha,AP,4053463,district
kurnula jila,AP,4053463,district
kurnula jilla,AP,4053463,district
kurpah,AP,344893,city
kurpania,JH,7789,city
kurseong,WB,46427,city
kurtaspur,PB,77928,city
kurthaur,BR,9880,city
kuruccettiram,HR,964655,district
kurud,CG,13783,city
kurukkuppatti,TN,5037,city
kuruksetra,HR,964655,district
kuruksetram,HR,964655,district
kurukshetra,HR,964655,district
kurukszetra,HR,964655,district
kurumathur,KL,18641,city
kurumbalur,TN,12420,city
kurumbapet,PY,32871,city
kurumpilavu,KL,14329,city
kurung kumey,AR,0,district
kurung kumey district,AR,0,district
kuruppanayakkanpalaiyam,TN,7484,city
kurusetra,HR,964655,district
kuruvattur,KL,34241,city
kurwai,MP,15487,city
kusavampatti,TN,10356,city
kushalgarh,RJ,10666,city
kushalnagar,KA,15326,city
kushi nagar,UP,3564544,district
kushinagar,UP,274403,district
kushinagar district,UP,3564544,district
kushinagara,UP,3564544,district
kushtagi,KA,24878,city
kusinagaleu,UP,3564544,district
kusinagar,UP,3564544,district
kusinagara,UP,3564544,district
kusinagaram,UP,3564544,district
kusinagaras,UP,3564544,district
kusinara,UP,3564544,district
kusmi,CG,7448,city
kusum pur,DL,17028,city
kutaba ullapura,TS,225816,city
kutakeu,OD,610189,city
kutbullapura mandala,TS,225816,city
kutch,GJ,2092371,district
kutch district,GJ,2092371,district
kuthalam,TN,16125,city
kutiatodu,KL,23669,city
kutiyana,GJ,16877,city
kuttaka,OD,610189,city
kuttali,KL,11389,city
kuttampuzha,KL,25436,city
kuttankuli,TN,5118,city
kuttikkattur,KL,25929,city
kuttippuram,KL,25750,city
kuttuparamba,KL,29619,city
kuttur,KL,12179,city
kuttyattur,KL,13244,city
kutur,AP,74851,city
kuvahatti,AS,962334,city
kuvakatti,AS,962334,city
kuvettu,KA,7041,city
kuwarbav,MH,6497,city
kuzhithurai,TN,21307,city
kvilon,KL,367107,city
kvsbullapur,TS,225816,city
kw ratti,LD,11210,city
kwakta,MN,8579,city
kwaraty,LD,11210,city
kwkatpalh,TS,341709,city
kwlam,KL,367107,city
kwlgam,JK,0,district
kwlgham,JK,0,district
kwljam,JK,0,district
kwlkata,WB,4631392,city
kwlm,KL,367107,city
kwnamkwlm,KL,63903,city
kwppal,KA,70698,city
kwrnwwl,AP,460184,city
kwrwkshtra,HR,922088,district
kwshy ngr,UP,3564544,district
kwshynjar,UP,3564544,district
kwta,RJ,1001694,city
kwtayam,KL,55374,city
kwymbatwr,TN,2136916,city
kwymbtwr,TN,2136916,city
kyathampalle,TS,42275,city
kyelang,HP,14182,city
kyrana,UP,80432,city
kythal,HR,144915,city
l a sagaram,AP,19904,city
l b nagar,TS,261987,city
la ebalelli,UP,186433,city
labbaikkudikkadu,TN,11891,city
lachhmangarh,RJ,53392,city
lachhmangarh sikar,RJ,53392,city
lachmangarh,RJ,53392,city
ladakh,LA,133487,district
ladakh district,LA,133487,district
ladhaura,MP,12974,city
ladnu,RJ,65575,city
ladnun,RJ,65575,city
ladpur,DL,5529,city
ladrawan,HR,6905,city
ladwa,HR,28887,city
lahar,MP,35674,city
laharpur,UP,55911,city
lahaul and spiti district,HP,31564,district
lahauran bara,PB,10218,city
lahoul and spiti,HP,31564,district
lahul and piti,HP,31564,district
lahul and spiti,HP,31564,district
laigaleu,CG,150019,city
laipuleu,CG,1027264,city
laitumkhrah,ML,27219,city
lakema,NL,5084,city
lakh nea,UP,2472011,city
lakhana u,UP,2472011,district
lakhanau,UP,2472011,city
lakhanpur,CG,6270,city
lakheri,RJ,29572,city
lakhi nepali,AS,5348,city
lakhimapura,AS,59841,city
lakhimapura jela,AS,1042137,district
lakhimapura jil ha,AS,1042137,district
lakhimapura jila,AS,1042137,district
lakhimapura jilla,AS,1042137,district
lakhimapura jillo,AS,1042137,district
lakhimapura khiri,UP,4021243,district
lakhimapuramandalam,AS,1042137,district
lakhimpur,AS,59841,district
lakhimpur,UP,140223,city
lakhimpur district,AS,1042137,district
lakhimpur kheri,UP,4021243,district
lakhimpurin piirikunta,AS,1042137,district
lakhinpur,AS,145488,city
lakhipur,AS,15633,city
lakhisarai,BR,99979,district
lakhisaraya,BR,1000912,district
lakhna,UP,11389,city
lakhnadon,MP,17302,city
lakhnau,UP,2472011,city
lakhtar,GJ,14534,city
lakhyabad,WB,33162,city
lakhympwr,AS,59841,city
lakimpur district,AS,1042137,district
lakkampatti,TN,11716,city
lakkanahalli,TN,39697,city
lakkhimpur,UP,140223,city
lakkhnau,UP,2472011,city
lakkhnau shaary,UP,2472011,city
lakkimpur mavattam,AS,1042137,district
laknaou,UP,2472011,city
laknau,UP,2472011,city
laknauo,UP,2472011,city
laknava,UP,2472011,city
lakno,UP,2472011,city
laksar,UK,19270,city
lakshadweep,LD,0,district
lakshadweep district,LD,0,district
lakshettipet,TS,11322,city
lakshmeshwar,KA,36754,city
lakshminarayanapuram,TN,12648,city
laksmanagarha,RJ,53392,city
laksnau,UP,2472011,city
lal bahadur nagar,TS,261987,city
lal bakhadur nagar,TS,261987,city
lala,AS,11771,city
lalam,KL,8571,city
lalbahadur nagar,TS,261987,city
lalganj,BR,37098,city
lalganj,UP,23728,city
lalgola,WB,28442,city
lalgudi,TN,23740,city
lalipura,UP,126475,city
lalit pur,UP,126475,city
lalitapura,UP,126475,district
lalitapuram,UP,126475,city
lalitpur,UP,126475,district
lallispuleu,UP,126475,city
lalpettai,TN,16561,city
lalpur,GJ,15076,city
lalru,PB,21394,city
lalsingi,OD,7078,city
lalsot,RJ,34363,city
lamshang,MN,10593,city
lan qi,JH,1120374,city
lanchi,JH,1120374,city
lanja,MH,14377,city
lanji,MP,13558,city
lanka,AS,36805,city
lansdowne,UK,8198,city
lapanga,JH,8017,city
laruara,BR,9376,city
lasalgaon,MH,17360,city
lassodyameri,MP,10225,city
latehar,JH,26981,district
latehara,JH,726978,district
lateri,MP,18844,city
lathi,GJ,22745,city
lathikata,OD,7405,city
latr,MH,382940,city
latur,MH,382940,district
latur district,MH,2454196,district
latura,MH,382940,district
latwr,MH,382940,city
laungowal,PB,21880,city
lauri,MP,22002,city
lavachha,GJ,8549,city
lawa sardargarh,RJ,6600,city
lawan,CG,8984,city
lawar khas,UP,19556,city
lawngtlai,MZ,20830,district
laxmangarh,RJ,53392,city
laxmidevipally,TS,13442,city
lebachhara,TR,5273,city
leh,LA,133487,district
leh district,LA,133487,district
leh ladakh,LA,133487,district
lehragaga,PB,22588,city
lei wa,MP,235654,city
lelanga,CG,8208,city
lemmi,AR,0,city
leokeunau,UP,2472011,city
lepa rada,AR,0,district
leteri,MP,15519,city
libaspur,DL,44375,city
lido tikok,AS,5091,city
lido town,AS,11717,city
lilia,GJ,10359,city
limbdi,GJ,42769,city
limbodi,MP,9488,city
lin lei xian,MZ,161428,district
lingiadih,CG,22209,city
lingsugur,KA,35411,city
lkhnw,UP,2472011,city
lknaw,UP,2472011,city
lnglyy,MZ,57011,city
lochapada,OD,16377,city
lodhikheda,MP,9994,city
loha,MH,24125,city
lohaghat,UK,6758,city
lohara,CG,7017,city
lohara,MH,22664,city
loharadaga,JH,461790,district
loharadagga,JH,461790,district
loharda,MP,9202,city
lohardaga,JH,57411,district
loharu,HR,13937,city
lohian,PB,10362,city
lohit,AR,145726,district
lohit district,AR,145726,district
lohit frontier division,AR,145726,district
lohogaon,MH,13529,city
loisinga,OD,6220,city
lokhardaga,JH,461790,district
lonand,MH,18723,city
lonar,MH,23416,city
lonauli,MH,58562,city
lonavala,MH,58562,city
lonavla,MH,58562,city
londa,KA,6131,city
lone,UP,516082,city
longding,AR,0,district
longding district,AR,0,district
longleng,NL,7613,district
longowal,PB,23851,city
loni,UP,516082,city
loniya,MP,14989,city
lormi,CG,15156,city
losal,RJ,28504,city
lower dibang valley,AR,0,district
lower dibang valley district,AR,0,district
lower siang,AR,0,district
lower siang district,AR,0,district
lower subansiri,AR,83030,district
luckeesarai,BR,99979,city
luckesserai,BR,99979,city
lucknow,UP,2472011,district
lucknow city,UP,2472011,city
lucknow district,UP,4589838,district
ludhi ana,PB,1618879,city
ludhi ana jilla,PB,3498739,district
ludhi ana zil ha,PB,3498739,district
ludhiana,PB,1618879,district
ludhiana district,PB,3498739,district
ludhianan piirikunta,PB,3498739,district
ludhijana,PB,1618879,city
ludhiyana,PB,1618879,district
ludhiyana jil ha,PB,3498739,district
ludhiyana jila,PB,3498739,district
ludhiyana jilla,PB,3498739,district
ludhiyana jillo,PB,3498739,district
ludhiyanamandalam,PB,3498739,district
ludijana,PB,1618879,city
ludkhiana,PB,1618879,city
ludkhijana,PB,1618879,district
lugale i zila,MZ,161428,district
lugki,UK,103894,city
luknow,UP,2472011,city
lumding railway colony,AS,31347,city
lun gale i,MZ,57011,city
lun gale i jillo,MZ,161428,district
lunavada,GJ,36954,city
lunawada,GJ,36954,city
lungalai,MZ,57011,city
lungalaimandalam,MZ,161428,district
lungale i jila,MZ,161428,district
lungale i jilla,MZ,161428,district
lungle i,MZ,57011,city
lungle i jil ha,MZ,161428,district
lungleh,MZ,57011,city
lunglei,MZ,57011,district
lunglei district,MZ,161428,district
lungliah,MZ,57011,city
lungsod ng agra,UP,1430055,city
lungsod ng mumbai,MH,12691836,city
lunle i,MZ,57011,city
lunley,MZ,57011,city
lunley mavattam,MZ,161428,district
lutiyana,PB,1618879,city
lwngly,MZ,57011,city
ma inapuri,UP,94619,city
ma isora,KA,920550,city
ma ona,UP,76973,city
ma u,UP,246050,city
ma unatha bhanjana,UP,246050,city
maan,MH,7527,city
machai,KA,18073,city
machalpur,MP,9476,city
macherla,AP,57290,city
machhiwara,PB,24916,city
machhlishahr,UP,25247,city
machilipatnam,AP,192827,city
macilipatnam,AP,192827,city
madabaramu,TN,119105,city
madambakkam,TN,17058,city
madanapalle,AP,180180,city
madanapalle mandala,AP,180180,city
madanapalli,AP,180180,city
madanayakahalli,KA,12563,city
madanpur,WB,12959,city
madattukkulam,TN,20620,city
madavaram,TN,119105,city
madavarama,TN,119105,city
madayi,PY,35888,city
madayikonam,KL,14155,city
maddham gram,WB,161126,city
maddur,KA,28754,city
maderaspatanum,TN,4681087,city
madgaon,GA,87650,city
madhabarama,TN,119105,city
madhapar,GJ,32293,city
madhavaram,TN,119105,city
madhavarama,TN,119105,city
madhepura,BR,54472,district
madhipura,BR,54472,city
madhira,TS,22716,city
madhoganj,UP,10299,city
madhogarh,MP,5249,city
madhogarh,UP,10530,city
madhuban,BR,17510,city
madhuban,TR,16579,city
madhubani,BR,75736,district
madhugiri,KA,29159,city
madhupur,JH,55238,city
madhupura,BR,54472,city
madhura,TN,1465625,city
madhura,UP,330511,city
madhuraboyala,TN,86195,city
madhurai,TN,1465625,city
madhurampur dehri,BR,137231,city
madhuru,KL,12685,city
madhya dhilli,DL,582320,district
madhya dilli,DL,582320,district
madhyadehalimandalam,DL,582320,district
madhyagrama,WB,161126,city
madhyamagrama,WB,161126,city
madhyamgram,WB,161126,city
madikeri,KA,33540,city
madipakkam,TN,35752,city
madkai,GA,6215,city
madkhavaram,TN,119105,city
madkhjamgram,WB,161126,city
madkhubani,BR,75736,city
madkhurampur dekhri,BR,137231,city
madourai,TN,1465625,city
madras,TN,4681087,city
madugula,AP,14741,city
madukkarai,TN,30357,city
madukkur,TN,16266,city
madulai,TN,1465625,city
madura,TN,1465625,district
madura i,TN,1465625,city
madurabhoyala,TN,86195,city
madurai,TN,1465625,district
madurai district,TN,3038252,district
maduraivayal,TN,19208,city
maduraj,TN,1465625,city
madurajus,TN,1465625,city
madurantakam,TN,30796,city
maduravoyal,TN,86195,city
madwray,TN,1465625,city
magadi,KA,27605,city
magam,JK,5470,city
magarlor,CG,6280,city
maghar,UP,17011,city
mahabaleshwar,MH,13598,city
mahabalipuram,TN,15172,city
mahaban,UP,9514,city
mahabub nagar,TS,4053028,district
mahabubabad,TS,770170,district
mahabubnagar,TS,4053028,district
mahad,MH,27536,city
mahadula,MH,21481,city
mahagama,JH,10969,city
mahalingpur,KA,36055,city
mahalpur,PB,11360,city
maham,HR,20484,city
mahamaya nagar,UP,0,district
mahamaya nagar district,UP,0,district
mahapoli,MH,5666,city
maharaganj,UP,30548,city
maharajgani,BR,24282,city
maharajganj,UP,6442,district
maharajpur,MP,23328,city
mahasamund,CG,54413,district
mahasamunda,CG,1032754,district
mahboobabad,TS,42851,city
mahboobganj,MH,146709,city
mahboobnagar,TS,190400,district
mahbubabad,TS,42851,city
mahbubganj,MH,146709,city
mahbubnagar,TS,190400,district
mahbubnagar district,TS,4053028,district
mahe,KL,41816,city
mahe,PY,41816,district
mahe district,PY,41816,district
mahemdavad,GJ,35368,city
mahendergarh,HR,922088,district
mahendragara,HR,922088,district
mahendragarh,HR,29128,district
mahendragarha,HR,922088,district
mahendragarth,HR,922088,district
mahendranagar,GJ,12565,city
mahesana,GJ,190753,district
maheshari,HR,9180,city
maheshlundi,JH,7389,city
maheshtala,WB,448317,city
maheshwar,MP,24411,city
mahgawan,MP,21335,city
mahiari,WB,17051,city
mahindale,MH,7977,city
mahisagar,GJ,0,district
mahisagara,GJ,0,district
mahishadal,WB,17988,city
mahisur,KA,920550,city
mahisura,KA,920550,city
mahlidih,JH,6381,city
mahmudabad,UP,45921,city
mahna,PB,27733,city
mahnar bazar,BR,48293,city
maho o senanibasa,MP,81702,city
mahoba,UP,89170,district
mahoba quarter,UP,875958,district
maholi,UP,19343,city
mahora senanibasa,MP,81702,city
mahragaon,MP,5625,city
mahrajganj,UP,2684703,district
mahroni,UP,8898,city
mahu,MP,81702,city
mahu khurd,RJ,10971,city
mahuda,JH,5196,city
mahudha,GJ,17722,city
mahum,MP,81702,city
mahur,AS,7176,city
mahura,GJ,98519,city
mahuva,GJ,98519,city
mahuver,GJ,10749,city
mahwa,RJ,24846,city
maibong,AS,8364,city
maicur,KA,920550,city
maidan garhi,DL,11111,city
maihar,MP,40192,city
maikala,KA,499487,city
mailadutturai,TN,86660,city
mailani,UP,14212,city
mailaram,TS,11759,city
maimpuri,UP,1868529,district
mainaguri,WB,29459,city
mainapuri,UP,94619,district
mainapuri jil ha,UP,1868529,district
mainapuri jila,UP,1868529,district
mainapuri jilla,UP,1868529,district
mainapuri jillo,UP,1868529,district
mainapuri zila,UP,1868529,district
mainapurimandalam,UP,1868529,district
maindargi,MH,12363,city
maingalura,KA,499487,city
mainpuli,UP,94619,city
mainpuri,UP,94619,district
mainpuri district,UP,1868529,district
mainpuri mavattam,UP,1868529,district
mairabari town,AS,7177,city
mairang,ML,14363,city
mairwa,BR,23565,city
maisoleu,KA,920550,city
maisoru,KA,920550,city
maisur,KA,920550,city
maisura,KA,920550,city
maisuru,KA,920550,city
maithon,JH,18830,city
majahpharapura,BR,354462,city
majalgaon,MH,49453,city
majgaon,AS,8154,city
majhauli,MP,11892,city
majhauli khetal,BR,6820,city
majhgawan,MP,8290,city
majhiaon kalan,JH,18349,city
majhiari,JK,5033,city
majhihara,OD,5598,city
majholi,MP,13210,city
majitha,PB,14503,city
majnpuri,UP,94619,district
majsor,KA,920550,city
majsur,KA,920550,city
majszur,KA,920550,city
majuli,AS,0,district
makajgyry,TS,150000,city
makhbubnagar,TS,190400,city
makhdumpur,BR,31994,city
makheshtala,WB,448317,city
makhjan,MH,10000,city
makhoba,UP,875958,district
makhu,PB,14658,city
makkinayakkinpatti,TN,8134,city
makrana,RJ,94487,city
makron,MP,11678,city
makronia,MP,23861,city
maksi,MP,20094,city
maktampur,GJ,10704,city
makum,AS,16923,city
malabwram,KL,101386,city
malada,WB,170039,district
maladaha,WB,3988845,district
malaimachchampatti,TN,12936,city
malajkhand,MP,34176,city
malakajagiri,TS,150000,city
malakanagiri,OD,31007,city
malakpur kohi rangpur,DL,23726,city
malanpur,MP,7492,city
malapouram,KL,101386,city
malappuram,KL,101386,district
malappurama,KL,101386,city
malapurama,KL,101386,city
malapuramas,KL,101386,city
malaudh,PB,7567,city
malavalli,KA,38129,city
malayadi,TN,7812,city
malayinkeezhu,KL,37350,city
malda,WB,170039,district
malda district,WB,3988845,district
maldah,WB,3988845,district
maldhe,MH,11881,city
malegaon,MH,481228,city
maler kotla,PB,135424,city
malerkotla,PB,135424,district
malhar,CG,8505,city
malhargarh,MP,8332,city
malhipur,BR,12439,city
malicherla,AP,5229,city
malihabad,UP,16649,city
maliya,GJ,15964,city
malkajaganja,TS,150000,city
malkajgiri,TS,150000,city
malkajkiri,TS,150000,city
malkangiri,OD,613192,district
malkapur,MH,67740,city
malkera,JH,12591,city
mallankinar,TN,12986,city
mallapulam,KL,101386,city
mallapuram,TN,12705,city
mallar,KA,7765,city
mallasamudram,TN,18820,city
mallur,TN,10524,city
malout,PB,81406,city
malpe,KA,23496,city
malpur,GJ,6971,city
malpura,RJ,36028,city
malsian,PB,12780,city
malsisar,RJ,13719,city
malur,KA,40050,city
malvan,MH,18858,city
mamidalapadu,AP,26694,city
mamit,MZ,7884,district
mamit district,MZ,86364,district
mamit mavattam,MZ,86364,district
mamita jil ha,MZ,86364,district
mamita jila,MZ,86364,district
mamita jilla,MZ,86364,district
mamita jillo,MZ,86364,district
mamita zila,MZ,86364,district
mamitamandalam,MZ,86364,district
mammit,MZ,86364,district
mamnur,TS,6319,city
mamsapuram,TN,18635,city
mamun,PB,32689,city
mana camp,CG,11953,city
manakkody,KL,7150,city
manakunnam,KL,39538,city
manali,HP,8096,city
manali,TN,35248,city
manalur,KL,17757,city
manalurpettai,TN,8523,city
manamadurai,TN,32257,city
manamodu,TN,9017,city
manantheri,KL,14667,city
manapakkam,TN,13344,city
manappakkam,TN,8851,city
manapparai,TN,40510,city
manasa,MP,26551,city
manasa,PB,769751,district
manavadar,GJ,30850,city
manavalakurichi,TN,10969,city
manavalassery,KL,7364,city
manaveli,PY,15666,city
manawar,MP,30393,city
manceri,KL,97102,city
manchar,MH,18876,city
mancheral,TS,89935,city
mancherial,TS,89935,district
manciryal,TS,0,district
manciryala,TS,89935,city
mand ja,KA,137358,city
manda,MH,7605,city
mandai,MP,6743,city
mandakad,TN,13317,city
mandal,GJ,13345,city
mandal,RJ,23478,city
mandala jil ha,MP,1054905,district
mandala jila,MP,1054905,district
mandala jilla,MP,1054905,district
mandala jillo,MP,1054905,district
mandalamandalam,MP,1054905,district
mandalgarh,RJ,21569,city
mandamarri,TS,66176,city
mandapam,TN,18427,city
mandapeta,AP,56063,city
mandasa,AP,9287,city
mandasa ura jilla,MP,1340411,district
mandasaura,MP,141667,city
mandasaura jil ha,MP,1340411,district
mandasaura jila,MP,1340411,district
mandasaura jilla,MP,1340411,district
mandasaura jillo,MP,1340411,district
mandasauramandalam,MP,1340411,district
mandasor,MP,141667,district
mandasor district,MP,1340411,district
mandavla,RJ,6683,city
mandawa,RJ,23335,city
mandawar,RJ,10979,city
mandawar,UP,21339,city
mandaya,KA,137358,city
mandi,HP,28217,district
mandi dabwal,HR,52873,city
mandi dabwali,HR,52873,city
mandia,KA,137358,city
mandideep,MP,59654,city
mandir hasaud,CG,12807,city
mandiya,KA,137358,city
mandja,KA,137358,city
mandla,MP,55133,district
mandla district,MP,1054905,district
mandleshwar,MP,12343,city
mandoli,DL,120417,city
mandosauru,MP,141667,city
mandrem,GA,8336,city
mandsa ur,MP,141667,city
mandsaur,MP,141667,district
mandsaur district,MP,1340411,district
mandu,JH,10223,city
mandu,MP,10657,city
mandura,UP,330511,city
mandvi,GJ,51376,city
mandya,KA,137358,district
manegaon,MP,12599,city
manendragarh,CG,33071,city
manendragarh chirimiri bharatpur,CG,365277,district
maner,BR,40068,city
manesar,HR,23448,city
manethi,HR,5070,city
mang galloleu,KA,499487,city
mangalagiri,AP,107197,city
mangalam,AP,19318,city
mangalam,TN,17699,city
mangalapadi,KL,12790,city
mangaldai,AS,25989,city
mangalooru,KA,499487,city
mangalor,KA,499487,city
mangalora,KA,499487,city
mangalore,KA,499487,city
mangaloro,KA,499487,city
mangalur,KA,499487,city
mangalura,KA,499487,city
mangaluru,KA,499487,city
mangalvedha,MH,21824,city
mangampeta,AP,5175,city
mangan,SK,43709,district
mangaroru,KA,499487,city
mangasamudram,AP,8113,city
mangattidam,KL,18627,city
mangawan,MP,13700,city
manger,BR,213303,city
manghlwr,KA,499487,city
manglapuram,KA,499487,city
manglaur,UK,46395,city
manglwr,KA,499487,city
manglya,MP,10393,city
mango,JH,223805,city
mangral,GJ,69779,city
mangrol,GJ,69779,city
mangrol,RJ,25073,city
mangrul pir,MH,30983,city
mangvadi,MH,7685,city
mani majra,HR,15489,city
maniar,UP,20462,city
manideep,MP,59654,city
manihari,BR,26629,city
manikkapuram,TN,6215,city
manikpur,UP,14415,city
manimutharu,TN,11323,city
manipal,KA,34370,city
manipura,KA,5001,city
maniyur,KL,21820,city
manjakollai,TN,5040,city
manjalumoodu,TN,6840,city
manjanadi,KA,10401,city
manjathala,TN,14383,city
manjeri,KL,97102,city
manjeshvar,KL,8927,city
manjhanpur,UP,16939,city
mankachar,ML,31091,city
mankalakiri,AP,107197,city
mankalur,KA,499487,city
mankapur,UP,9746,city
mankuwa,GJ,11975,city
manmad,MH,80058,city
mannachanallur,TN,25931,city
mannanchori,KL,32139,city
mannaraguri,TN,66999,city
mannarai,TN,17261,city
mannarakkat,KL,50921,city
mannargudi,TN,66999,city
mannarkuti,TN,66999,city
manohar thana,RJ,11292,city
manoharpur,JH,13189,city
manoharpur,RJ,28928,city
manoharpur,TR,14105,city
manor,MH,10421,city
manpur,MP,7621,city
mansa,GJ,30347,city
mansa,PB,82956,district
mansa district,PB,769751,district
mansar,MH,6901,city
mansur chak,BR,5359,city
manthani,TS,15661,city
mantiya,KA,137358,city
mantla mavattam,MP,1054905,district
manu,TR,8515,city
manuguru,TS,32539,city
manvi,KA,46465,city
manwal,PB,6496,city
manwath,MH,32488,city
maoli,RJ,9199,city
mappilaiurani,TN,40035,city
mapusa,GA,40122,city
maraana,UP,76973,city
maradu,KL,44704,city
maragondahalli,KA,8824,city
marahra,UP,18873,city
marai kalan,JH,10447,city
maraimalainagar,TN,81872,city
marakkanam,TN,22034,city
marampilly,KL,23272,city
marancheri,KL,35011,city
marandahalli,TN,12451,city
marar,JH,5298,city
marattakara,KL,15817,city
marayur,KL,25000,city
margao,GA,87650,city
margherita,AS,26914,city
marhaura,BR,29932,city
mariahu,UP,22248,city
mariani,AS,23640,city
marigaon,AS,29164,district
markapur,AP,71092,city
markkayankottai,TN,6135,city
marko,GA,87650,city
marmagao,GA,102345,city
marmagoa,GA,102345,city
marmugao,GA,102345,city
maro,CG,6596,city
marrapuramu,KL,101386,city
marthandam,TN,20938,city
marturu,KL,18890,city
marudur,TN,10925,city
marungur,TN,11236,city
marutharod,KL,24963,city
marwad,DH,7443,city
marwar junction,RJ,12004,city
masaurhi,BR,59803,city
masaurhi buzurg,BR,59803,city
masaurki,BR,59803,city
mashat,DH,12139,city
masila,WB,11461,city
masinayakkanpatti,TN,9098,city
masinigudi,TN,9642,city
masratu,JH,5996,city
masulipatam,AP,192827,city
masulipatao,AP,192827,city
masulipatnam,AP,192827,city
matabhanga,WB,22642,city
matanappalli,AP,180180,city
matarbari,TR,6530,city
mataundh,UP,8591,city
matavaram,TN,119105,city
mathadahatti,KA,5884,city
matheran,MH,5287,city
mathur,TN,27674,city
mathura,UP,330511,district
mathura district,UP,2547184,district
mathura jela,UP,2547184,district
mathura jil ha,UP,2547184,district
mathura jila,UP,2547184,district
mathura jilla,UP,2547184,district
mathura jillo,UP,2547184,district
mathura zila,UP,2547184,district
mathurai,TN,1465625,district
mathuramandalam,UP,2547184,district
mathurapur,BR,7627,city
matigara,JH,5685,city
matkhura,UP,330511,district
matoura,UP,330511,city
mattan,JK,9246,city
mattanur,KL,47078,city
mattigiri,TN,23129,city
mattur,TN,5605,city
matula,UP,330511,city
matura,UP,330511,city
matura mavattam,UP,2547184,district
maturai,TN,1465625,city
maturavayal,TN,86195,city
matwra,UP,330511,city
mau,UP,2205968,district
mau aimma,UP,20123,city
mau nath bhanjan,UP,246050,city
mau nathbhanjan,UP,246050,city
mauda,MH,14606,city
maudaha,UP,37844,city
mauganj,MP,26420,city
mauli jagran,CH,10786,city
maunath bhanjan,UP,246050,city
maur,PB,31849,city
mauranwan,UP,14916,city
maval,MH,15612,city
mavana,UP,76973,city
mavelikara,KL,28300,city
mavitayi,KL,12286,city
mavoor,KL,29781,city
mavu,UP,246050,city
mawana,UP,76973,city
mawlai,ML,55012,city
mawlai mawiong,ML,55012,city
mawpat,ML,6184,city
mayabandar,AN,23912,city
mayakonda,KA,6445,city
mayalanduthura i,TN,86660,city
mayang imphal,MN,24239,city
mayapur,WB,10871,city
mayar,HR,6039,city
mayavaram,TN,86660,city
mayaveram,TN,86660,city
mayiladi,TN,10070,city
mayiladuthurai,TN,86660,district
mayiladuthurai district,TN,918356,district
mayiladuthuraya,TN,86660,city
mayiladuturai,TN,86660,city
mayilatuturai,TN,86660,city
mayswr,KA,920550,city
mayuram,TN,86660,city
mayurbhanj,OD,116849,district
mayurbhanj district,OD,2519738,district
mayyanad,KL,40039,city
mayyazhi,PY,41816,district
mayyil,KL,12490,city
mdnply,AP,180180,city
mdwray,TN,1465625,city
mdwrayy,TN,1465625,city
mechcheri,TN,25676,city
medak,TS,46880,district
medak district,TS,3033288,district
medaka,TS,3033288,district
medankarwadi,MH,12576,city
medcal malkajigiri,TS,2542203,district
medchal,TS,35611,city
medchal malkajgiri,TS,2542203,district
meddappakkam,TN,45356,city
medininagar,JH,78396,city
medininagara,JH,78396,city
medinipur,WB,153349,city
medinipur east,WB,5095875,district
medinipur west,WB,5913457,district
medpalli,TS,10787,city
medziphema,NL,8738,city
meenambakkam,TN,24334,city
meerpet,TS,32013,city
meerut,UP,1223184,district
meerut city,UP,1223184,city
meerut district,UP,3443689,district
meethari marwar,RJ,14760,city
meghahatuburu,JH,5992,city
meghnagar,MP,12929,city
meghraj,GJ,11363,city
mehatpur basdehra,HP,9218,city
mehidpur,MP,34362,city
mehkar,MH,45248,city
mehmand,CG,8231,city
mehmood pora,JK,10910,city
mehnagar,UP,14897,city
mehndawal,UP,25495,city
mehsana,GJ,190753,district
mehsana district,GJ,2035064,district
mehsi,BR,25995,city
mekhsana,GJ,190753,city
mel pattambakkam,TN,6887,city
mel seval,TN,8435,city
melmadai,TN,43797,city
melpedu,TN,5743,city
melur,TN,40017,city
meluteu,UP,1223184,city
memari,WB,44448,city
mendarda,GJ,17166,city
meng mai,MH,12691836,city
mengalora,KA,499487,city
mennanyam,KL,15768,city
menpuri,UP,94619,city
meppadam,KL,17067,city
meppayyur,KL,13922,city
mera,JH,7051,city
merath,UP,1223184,city
meratha,UP,1223184,district
meratkh,UP,1223184,city
merato,UP,1223184,city
mercara,KA,554519,district
mermugao,GA,102345,city
merta,RJ,46070,city
merta road,RJ,16905,city
meru,JH,7780,city
methala,KL,60190,city
methukummal,TN,19417,city
metpalle,TS,50902,city
metpalli,TS,50902,city
mettamalai,TN,5175,city
mettupalaiyam,TN,69213,city
mettupalayam,TN,69213,city
mettupalayam coimbatore,TN,69213,city
mettupalayam koyambatturu,TN,69213,city
mettupalayama,TN,69213,city
mettuppalaiyam,TN,69213,city
mettur,TN,56743,city
meusana,GJ,190753,city
mevata zila,HR,0,district
mewat,HR,0,district
mewat district,HR,0,district
meyinpuri,UP,94619,city
mhaisura,KA,920550,city
mharal bk,MH,29462,city
mhasal,MH,8883,city
mhasla,MH,9679,city
mhaswad,MH,24120,city
mhova kyantonmenta,MP,81702,city
mhow,MP,81702,city
mhow cantonment,MP,81702,city
mhow gaon,MP,81702,city
mhowgaon,MP,81702,city
miao,AR,5841,city
midalam,TN,8625,city
midnapor,WB,153349,city
midnapore,WB,153349,city
midnapur,WB,153349,city
mihona,MP,16935,city
mikir hills,AS,956313,district
milak,UP,28505,city
milattur,TN,8131,city
milavittan,TN,45863,city
minad,KL,29716,city
minakshinayakkanpatti,TN,6182,city
minakshipuram,TN,7846,city
minalur,KL,6120,city
minicoy,LD,10447,city
minjur,TN,28337,city
minnampalli,TN,9031,city
mir jalaguda,TS,104918,city
mir pur turk,DL,19098,city
mira bhayandar,MH,809378,city
miranpur,UP,27390,city
miranpur katra,UP,29626,city
mirarr,UP,1223184,city
mirat,UP,1223184,city
mirat nagaram,UP,1223184,city
mirata,UP,1223184,city
miratas,UP,1223184,city
mirganj,BR,26240,city
mirganj,UP,15335,city
mirialguda,TS,104918,city
mirik,WB,10109,city
miriyalguda,TS,104918,city
mirjhapar,GJ,7109,city
mirpur,PB,5967,city
mirut,UP,1223184,city
miruta,UP,1223184,city
miryalaguda,TS,104918,city
miryalguda,TS,104918,city
mirzapur,UP,220029,district
mirzapur cum vindhyachal,UP,220029,city
mirzapuro,UP,220029,city
mirzarpur,UP,220029,city
misrikh,UP,15007,city
mithapur,GJ,10508,city
mithepur,DL,69837,city
mitraon,DL,6512,city
mlapwrm,KL,101386,city
mlkajgyry,TS,150000,city
mmbay,MH,12691836,district
mmbyy,MH,12691836,district
mndswr,MP,141667,city
mnglwr,KA,499487,city
mnjyry,KL,97102,city
mntqt ajmr,RJ,2583052,district
mntqt akwla,MH,1813906,district
mntqt almwra,UK,622506,district
mntqt amraly,GJ,1514190,district
mntqt andwr,MP,3276697,district
mntqt awdhambwr,JK,554985,district
mntqt awjayn,MP,1986864,district
mntqt awrnk abad,MH,3701282,district
mntqt aytah,UP,1774480,district
mntqt ayzawl,MZ,400309,district
mntqt bahraysh,UP,3487731,district
mntqt baryly,UP,4448359,district
mntqt basty,UP,2464464,district
mntqt batyala,PB,1895686,district
mntqt bhandara,MH,1200334,district
mntqt bljawm,KA,4779661,district
mntqt bwdan,UP,3681896,district
mntqt bwlandshahr,UP,3499171,district
mntqt byjnwr,UP,3682713,district
mntqt dhrwad,KA,1847023,district
mntqt dhwly,MH,2050862,district
mntqt dwas,MP,1563715,district
mntqt ghwrdasbwr,PB,2298323,district
mntqt hardwy,UP,4092845,district
mntqt hwshyrbwr,PB,1586625,district
mntqt hynjwly,MH,1177345,district
mntqt jalna,MH,1959046,district
mntqt jaybwr,RJ,6626178,district
mntqt jblbwr,MP,2463289,district
mntqt jwanbwr,UP,4494204,district
mntqt jwnda,UP,3433919,district
mntqt kabwrthala,PB,815168,district
mntqt lwdyana,PB,3498739,district
mntqt lwnjly,MZ,161428,district
mntqt mamyt,MZ,86364,district
mntqt manbwry,UP,1868529,district
mntqt mandla,MP,1054905,district
mntqt mandswr,MP,1340411,district
mntqt mathwra,UP,2547184,district
mntqt mwja,PB,995746,district
mntqt mwzafarnjr,UP,4143512,district
mntqt nandyd,MH,3361292,district
mntqt ranshy,JH,2914253,district
mntqt ratnjary,MH,1615069,district
mntqt rayshwr,KA,1928812,district
mntqt shamfy,MZ,125745,district
mntqt shytradwrja,KA,1659456,district
mntqt swlabwr,MH,4317756,district
mntqt syrshyb,MZ,64937,district
mntqt thyn,MH,11060148,district
mntqt twmkwr,KA,2678980,district
mntqt wardha,MH,1300774,district
mntqt yafatmal,MH,2772348,district
modakkurichchi,TN,9907,city
modameedipalle,AP,11397,city
modasa,GJ,67648,city
modassa,GJ,67648,city
modinagar,UP,475843,city
moembaai,MH,12691836,city
moga,PB,163397,district
moga district,PB,995746,district
moga jil ha,PB,995746,district
moga jila,PB,995746,district
moga jilla,PB,995746,district
moga jillo,PB,995746,district
moga zil ha,PB,995746,district
mogamandalam,PB,995746,district
mogan piirikunta,PB,995746,district
moghal sarai,UP,109650,city
moghulserdai,UP,109650,city
mogral,KL,8912,city
mogu,PB,163397,city
mohali,PB,166864,district
mohali district,PB,994628,district
mohan,UP,14709,city
mohana,OD,5197,city
mohanpur,BR,5815,city
mohanpur,UP,5596,city
mohanur,TN,14315,city
mohgaon,MP,10446,city
mohindargarh,HR,922088,district
mohindergarh,HR,922088,district
mohiuddinnagar,BR,14938,city
mohla manpur ambagarh chouki,CG,283947,district
mohmaiki,AS,5639,city
mohpa,MH,7140,city
mohpada,MH,9694,city
moirang,MN,19893,city
moka,PB,163397,city
moka mavattam,PB,995746,district
mokama,BR,60678,city
mokamah,BR,60678,city
mokameh,BR,60678,city
mokeri,KL,19684,city
mokhali,PB,166864,city
mokokchung,NL,35913,district
mokokchung district,NL,194622,district
molakalumuru,KA,15797,city
molarband,DL,91402,city
molasur,TN,8887,city
molena,MP,200482,city
mominabad,MH,74114,city
mon,NL,250260,district
monghyr,BR,213303,district
monghyr district,BR,1367765,district
monoharpur,WB,23362,city
moonak,PB,18141,city
moonniyur,KL,55535,city
moothakunnam,KL,27458,city
moparipalaiyam,TN,10923,city
mora,GJ,510879,city
moradabad,UP,721139,district
moradabad district,UP,4772006,district
moragudi,AP,6812,city
morak,RJ,9204,city
moram,MH,18371,city
morampudi,AP,15346,city
moran town,AS,8434,city
moranha,AS,7136,city
morar,MP,48464,city
morattuppalaiyam,TN,5798,city
morbi,GJ,210451,district
moreh,MN,16847,city
morena,MP,200482,district
morewadi,MH,7222,city
morigaon,AS,29164,district
morina,MP,200482,city
morinda,PB,24022,city
morjim,GA,6760,city
mormugao,GA,102345,city
morongial,AS,10318,city
morsi,MH,37333,city
morvi,GJ,210451,city
morwa,GJ,20168,city
mota natava,GJ,6001,city
moth,UP,14077,city
mothihari,BR,126158,city
motihan,BR,126158,city
motihari,BR,126158,city
motikhari,BR,126158,city
motipur,BR,28572,city
mouzafarpour,BR,354462,city
mowad,MH,9045,city
mrad ngr,UP,89482,city
mradngr,UP,89482,city
mu duo,KA,52199,city
mu saffa phex,BR,354462,city
muba i,MH,12691836,city
mubarakpur,UP,53263,city
mubarakpur dobas,DL,12043,city
mubarikpur,PB,5217,city
mucaparnakar mavattam,UP,4143512,district
mucaparpur,BR,354462,city
mucaparpur mavattam,BR,4801062,district
mucapparpur,BR,354462,city
muchiri,KL,60190,city
muchiripattinam,KL,60190,city
mudabettu,KA,5018,city
mudahala,KA,52199,city
mudalgi,KA,29128,city
mudashedde,KA,8155,city
mudbidri,KA,30632,city
muddanuru,AP,9775,city
muddebihal,KA,34217,city
mudgal,KA,22731,city
mudgere,KA,9677,city
mudhol,KA,52199,city
mudhola,KA,52199,city
mudkhed,MH,23517,city
mudkhol,KA,52199,city
mudki,PB,10415,city
mudol,KA,52199,city
mudoru,KA,52199,city
mudukulathur,TN,14789,city
muduperar,KA,5686,city
mugalivakkam,TN,25117,city
mughal sarai,UP,109650,city
mugkhalsarai,UP,109650,city
muhamma,KL,25861,city
muhammadabad,UP,33186,city
mujapaleupuleu,BR,354462,city
mujaphapharapura jela,BR,4801062,district
mujaphar pur,BR,354462,city
mujapharanagara,UP,349706,city
mujapharanagara jilla,UP,4143512,district
mujapharapura jilla,BR,4801062,district
mujapharpur,BR,354462,city
mujaphpharanagara,UP,349706,district
mujaphpharanagara jilla,UP,4143512,district
mujaphpharanagara jillo,UP,4143512,district
mujaphpharanagaram,UP,349706,city
mujaphpharanagaramandalam,UP,4143512,district
mujaphpharapura,BR,354462,district
mujaphpharapura jila,BR,4801062,district
mujaphpharapura jilla,BR,4801062,district
mujaphpharapura jillo,BR,4801062,district
mujhaphpharanagara,UP,349706,city
mujhaphpharanagara jil ha,UP,4143512,district
mujhaphpharapura,BR,354462,city
mujhaphpharapura jil ha,BR,4801062,district
mujhaphpharapuramandalam,BR,4801062,district
mukand pur,DL,57135,city
mukandgarh,RJ,18469,city
mukandpur,DL,57135,city
mukasi pidariyur,TN,14143,city
mukerian,PB,29841,city
mukher,MH,28647,city
mukhiguda,OD,6155,city
mukkudal,TN,14983,city
mukondapalli,TN,39245,city
muktsar,PB,116747,district
mulaguntapadu,AP,7145,city
mulaikkaraippatti,TN,11112,city
mulakumud,TN,19538,city
mulamthuruthy,KL,25852,city
mulanpur,PB,6165,city
mulanur,TN,15223,city
mulavukad,KL,21833,city
mulbagal,KA,57276,city
mulgund,KA,18928,city
mulki,KA,17274,city
mullanpur,PB,16356,city
mullanwala,PB,16183,city
mullassheri,KL,12165,city
multai,MP,29976,city
mulugu,TS,297671,district
muluppilagadu,KL,23709,city
mulur,KA,5445,city
mum bi,MH,12691836,city
mumba i,MH,12691836,district
mumba i upanagara,MH,9356962,district
mumbai,MH,12691836,district
mumbai city district,MH,9356962,district
mumbai district,MH,0,district
mumbai suburban,MH,9356962,district
mumbaj,MH,12691836,city
mumbaja,MH,12691836,city
mumbajo,MH,12691836,city
mumbajus,MH,12691836,city
mumbay,MH,12691836,city
mumpai,MH,12691836,city
mun naru,KL,68000,city
munar,KL,68000,city
munara,KL,68000,city
munbai,MH,12691836,city
mundali,UP,12287,city
mundargi,KA,24919,city
mundathikod,KL,7672,city
munderi,KL,21676,city
mundgod,KA,18866,city
mundi,MP,12889,city
mundka,DL,54541,city
mundra,GJ,20338,city
mundwa,RJ,17465,city
mungaoli,MP,26192,city
mungeli,CG,36450,district
munger,BR,213303,district
munger district,BR,1367765,district
mungera,BR,1367765,district
mungrol,GJ,69779,city
munirabad,KA,8672,city
munnar,KL,68000,city
munnara,KL,68000,city
munnuru,KA,8864,city
muphajjarapura,BR,354462,city
murada nagara,UP,89482,city
muradabad,UP,721139,city
muradabad pahari,DL,21502,city
muradanagara,UP,89482,city
muradnagar,UP,89482,city
muragacha,WB,10324,city
muraidih,JH,6360,city
muraina,MP,200482,city
murakambattu,AP,6812,city
murat nakar,UP,89482,city
muravnagar,UP,89482,city
murbad,MH,18725,city
murcitapat mavattam,WB,7103807,district
murda,GA,7517,city
murgud,MH,11194,city
muri,WB,12744,city
murliganj,BR,28691,city
murmari,MH,7576,city
mursan,UP,12310,city
murshidabad,WB,39557,district
murshidabad district,WB,7103807,district
mursidabad,WB,7103807,district
mursidabada jela,WB,7103807,district
mursidabada jil ha,WB,7103807,district
mursidabada jila,WB,7103807,district
mursidabada jilla,WB,7103807,district
mursidabada jillo,WB,7103807,district
mursidabadamandalam,WB,7103807,district
murtajapur,MH,40295,city
murud,MH,12665,city
murudeshwara,KA,17938,city
murugampalaiyam,TN,26349,city
murwara,MP,221883,city
musafir khana,UP,8081,city
mushabani,JH,32761,city
mushalpur,AS,0,city
musiri,TN,30209,city
mussoorie,UK,25753,city
mustafabad,DL,127167,city
mustafabad,HR,9042,city
mutge,KA,7561,city
muthukulam,KL,20740,city
muthupet,TN,21722,city
muthutala,KL,24861,city
mutol,KA,52199,city
muttanampalaiyam,TN,26014,city
muttargi,TS,8777,city
muttayyapuram,TN,32494,city
muttra,UP,330511,district
muttra district,UP,2547184,district
muttukavundanpudur,TN,10259,city
muttur,TN,13212,city
muvattupula,KL,29664,city
muvattupuzha,KL,30397,city
muyirikkodu,KL,60190,city
muzafarnagar,UP,349706,city
muzafarpur,BR,354462,city
muzafarpura,BR,354462,city
muzafarpuras,BR,354462,city
muzaffara nagara,UP,349706,city
muzaffara nagara jila,UP,4143512,district
muzaffarnagar,UP,349706,district
muzaffarnagar district,UP,4143512,district
muzaffarpur,BR,354462,district
muzaffarpur district,BR,4801062,district
muzaffarunagaru,UP,349706,city
muzaffarupuru,BR,354462,city
muzhucode,TN,8000,city
muziris,KL,60190,city
mwana,UP,76973,city
mwdwl,KA,52199,city
mwga,PB,163397,city
mwga pnjab,PB,163397,city
mwmbay,MH,12691836,district
mwmbyy,MH,12691836,city
mwnar,KL,68000,city
mwryna,MP,200482,city
myangalora,KA,499487,city
mydynyngar,JH,78396,city
mymbais,MH,12691836,city
myn pwry,UP,94619,city
myrwt,UP,1223184,city
mysooru,KA,920550,city
mysore,KA,920550,district
mysore district,KA,3001127,district
mysuru,KA,920550,district
myswr,KA,920550,city
mzfr ngr,UP,349706,city
mzfr pwr,BR,354462,city
mzfrbwr,BR,354462,city
mzfrngr,UP,349706,district
mzfrpwr,BR,354462,city
n ju deli,DL,317797,city
na i dilli,DL,11034555,city
na oyalagara,RJ,63948,city
na oyi mumba i,MH,2600000,city
nabadurip,WB,111123,city
nabadwip,WB,111123,city
nabarangapur,OD,1220946,district
nabarangapur district,OD,1220946,district
nabarangpur,OD,1220946,district
nabarangpur district,OD,1220946,district
nabha,PB,67972,city
nabi mumba i,MH,2600000,city
nabimumbai,MH,2600000,city
nabimunbai,MH,2600000,city
nabinagar,BR,23984,city
nachane,MH,11688,city
nachiyar koil,TN,7505,city
nacik,MH,1486053,city
nadaikavu,TN,8727,city
nadapuram,KL,40230,city
nadbai,RJ,26411,city
nadera,MH,550564,city
nadia,WB,111123,district
nadia district,WB,5167600,district
nadiad,GJ,225071,city
nadigaon,UP,7597,city
nadim tiruvuru,AP,18567,city
nadisal,KA,11611,city
nadiya,WB,5167600,district
nadiyad,GJ,225071,city
naduvannur,KL,25979,city
naduvattam,KL,21273,city
naduvattam,TN,11674,city
nadzhafgarkh,DL,1365000,city
nagalapuram,AP,34026,city
nagam,JK,7365,city
nagamangala,KA,17776,city
nagamangalam,TN,5785,city
nagamo,AS,2823768,district
nagamo jela,AS,2823768,district
nagamo jila,AS,2823768,district
nagamo jilla,AS,2823768,district
naganva jil ha,AS,2823768,district
nagaon,AS,121628,district
nagaon district,AS,2823768,district
nagaonin piirikunta,AS,2823768,district
nagapatinam,TN,102905,city
nagapattinam,TN,102905,district
nagapattinamu,TN,102905,city
nagappattinam,TN,102905,city
nagappattinamu,TN,102905,city
nagapur,MH,2405665,city
nagapura,MH,2405665,district
nagapuram,MH,2405665,city
nagar,RJ,25572,city
nagar karnul,TS,29439,district
nagari,AP,62253,city
nagarkoil,TN,224849,city
nagarkovil,TN,224849,city
nagarkurnool,TS,0,district
nagarkurnool district,TS,0,district
nagaur,RJ,105218,district
nagaur district,RJ,3307743,district
nagaur marwar,RJ,105218,city
nagaura,RJ,3307743,district
nagav,AS,2823768,district
nagavamandalam,AS,2823768,district
nagavaram,TS,30502,city
nagda,MP,103501,city
nagda dhar,MP,103501,city
nagercoil,TN,224849,city
nagerkojl,TN,224849,city
nageupuleu,MH,2405665,city
naghbwr,MH,2405665,city
nagina,HR,11417,city
nagina,UP,76593,city
naginimora,NL,8116,city
nagireddipalli,AP,12318,city
nagod,MP,22568,city
nagojanahalli,TN,9953,city
nagore,RJ,3307743,district
nagothana,MH,12549,city
nagpore,MH,2405665,city
nagpur,MH,2405665,district
nagpur division,MH,4653570,district
nagpura,MH,2405665,city
nagpuras,MH,2405665,city
nagpuro,MH,2405665,city
nagpwr,MH,2405665,city
nagram,UP,9858,city
nagri,CG,13308,city
nagri,MP,7034,city
nagri kalan,JH,9410,city
nagrota,HP,6125,city
nagrota,JK,13836,city
nagrota bagwan,HP,5900,city
nagupuru,MH,2405665,city
nahan,HP,28899,city
naharlagun,AR,36158,city
nahira,AS,11790,city
nahorkatiya,AS,18937,city
nai ledri,CG,5334,city
naidad,GJ,225071,city
naigarhi,MP,10404,city
naihati,WB,253221,city
naikhati,WB,253221,city
naila,CG,40561,city
naini tal,UK,42309,district
naini tal district,UK,954605,district
nainital,UK,954605,district
nainitala,UK,954605,district
nainpur,MP,24914,city
nainwa,RJ,19485,city
nairuti dhilli,DL,2292958,district
naiveli,TN,179150,city
najafgarh,DL,1365000,city
najafgarli,DL,1365000,city
najafugaru,DL,1365000,city
najaphagara,DL,1365000,city
najaphagarha,DL,1365000,city
najapkar,DL,1365000,city
najfargharh,DL,1365000,city
najibabab,UP,84006,city
najibabad,UP,84006,city
najwan,AS,2823768,district
nakalbari,WB,57283,city
nakamo mavattam,AS,2823768,district
nakappattinam,TN,102905,city
nakarkovil,TN,224849,city
nakkapalle,AP,7603,city
nakodar,PB,36973,city
nakodara,PB,36973,city
nakon,AS,121628,city
nakpur,MH,2405665,city
nakrekal,TS,29126,city
naksalbari,WB,57283,city
nakur,UP,23084,city
nal khera,MP,16690,city
nalaganada,TS,154326,city
nalagarh,HP,10708,city
nalagonda,TS,154326,district
nalambur,TN,21973,city
nalanda,BR,2877653,district
nalbari,AS,27839,district
nalco,OD,19644,city
naldurg,MH,18341,city
naleunaul,HR,74581,city
nalgonda,TS,154326,district
nalgonda district,TS,3488809,district
nalgonda jilla,TS,3488809,district
nalgonda nagaram,TS,154326,city
nalhati,WB,25878,city
naliya,GJ,10587,city
naljwnda,TS,154326,city
nalkonta,TS,154326,city
nallakavundanpalaiyam,TN,7796,city
nallavila,TN,16138,city
nallippalaiyam,TN,5078,city
nalloor,TN,17989,city
nallur,TN,70115,city
nalvadi,MH,12119,city
namaci,SK,146850,district
namagiripettai,TN,22098,city
namakkal,TN,55997,district
namakkal district,TN,1726601,district
namakkal mavattam,TN,1726601,district
namakkala jil ha,TN,1726601,district
namakkala jila,TN,1726601,district
namakkala jilla,TN,1726601,district
namakkalamandalam,TN,1726601,district
namakkaru xian,TN,1726601,district
nambiyur,TN,16379,city
nambol,MN,22512,city
nambutalai,TN,7914,city
namcay,AR,14246,city
namchi,SK,12190,district
namchi district,SK,146850,district
namli,MP,9774,city
namminikara,KL,18067,city
namrup,AS,18432,city
namsai,AR,14246,district
namsai district,AR,0,district
nan ded,MH,550564,city
nan theth,MH,550564,city
nanakwada,GJ,10172,city
nanauru,HR,74581,city
nanauta,UP,18738,city
nand jal,AP,211424,city
nanda,MH,9378,city
nandair,MH,550564,city
nandambakkam,TN,8540,city
nandarabara,MH,111037,district
nandarbar,MH,111037,city
nandd,MH,550564,city
nanded,MH,550564,district
nanded district,MH,3361292,district
nanded jilla,MH,3361292,district
nandeda,MH,550564,district
nandeda jil ha,MH,3361292,district
nandeda jilla,MH,3361292,district
nandedamandalam,MH,3361292,district
nandedeu,MH,550564,city
nandedo,MH,550564,city
nandej,GJ,9176,city
nandelav,GJ,13583,city
nander,MH,550564,district
nandera,MH,550564,city
nandera jila,MH,3361292,district
nandesari ina,GJ,8290,city
nandgad,KA,8837,city
nandgaon,MH,24209,city
nandgaon,UP,10449,city
nandial,AP,211424,city
nandigama,AP,38219,city
nandikotkur,AP,45343,city
nandouabaru,MH,111037,city
nandri,RJ,20827,city
nanduleubaleu,MH,111037,city
nandura,MH,44419,city
nandurabara,MH,111037,district
nandurbar,MH,111037,district
nandwrbar,MH,111037,city
nandyal,AP,211424,district
nandyala,AP,211424,city
nandyd,MH,550564,city
nangal,PB,48497,city
nangal chaudhri,HR,8538,city
nangavalli,TN,10809,city
nangavaram,TN,17629,city
nangli,PB,20440,city
nangli sakrawat,DL,37706,city
nangloi,DL,205596,city
nangloi dzhat,DL,205596,city
nangloi jat,DL,205596,city
nanguneri,TN,6969,city
nanhera,HR,6035,city
nani daman,DH,62000,city
nanjangud,KA,50598,city
nanjangud town,KA,50598,city
nanjikkottai,TN,32689,city
nankpour,MH,2405665,city
nanminda,KL,27316,city
nannambra,KL,40543,city
nannilam,TN,12618,city
nanpara,UP,46280,city
nanpur,MP,5632,city
nantet,MH,550564,city
nantet mavattam,MH,3361292,district
nantetu,MH,550564,city
nanturpar,MH,111037,city
naoghar,MH,6603,city
napasar,RJ,21750,city
nar nwl,HR,74581,city
naracapuram mantalam,AP,59306,city
narai mumba i,MH,2600000,city
naraina,RJ,17048,city
naraingarh,HR,22832,city
naraini,MP,15077,city
narainpur,CG,22106,city
narakal,KL,23760,city
narana ula,HR,74581,city
naranammalpuram,TN,17094,city
naranapuram,TN,11665,city
naranaula,HR,74581,city
narasannapeta,AP,26280,city
narasapur,AP,59306,city
narasapuram,AP,59306,city
narasapuram mandala,AP,59306,city
narasara opet,AP,117489,city
narasara opeta,AP,117489,city
narasaraopet,AP,117489,city
narasaravupeta,AP,117489,city
narasimhanaickenpalayam,TN,17858,city
narasimharajapura,KA,7775,city
narasingam,TN,5971,city
narasingapuram,AP,10875,city
narasingapuram,TN,23084,city
narath,KL,13092,city
narauli,UP,17945,city
naraura,UP,22432,city
naravarikuppam,TN,20946,city
narayanapura,CG,0,district
narayanapuram,AP,14227,city
narayanavanam,AP,11432,city
narayangarh,MP,10233,city
narayankher,TS,15610,city
narayanpet,TS,41752,district
narayanpur,CG,0,district
naregal,KA,17403,city
narela,DL,800000,city
nargund,KA,36291,city
narharpur,CG,6500,city
nari,GJ,9467,city
narikombu,KA,7800,city
narkatiaganj,BR,49507,city
narkher,MH,21127,city
narmada,GJ,590297,district
narmadapuram,MP,117988,city
narmadapuram district,MP,1241350,district
narmadapurama,MP,117988,city
narna ul,HR,74581,city
narnal,HR,74581,city
narnaul,HR,74581,city
narnaula,HR,74581,city
narnaund,HR,17242,city
narnwl,HR,74581,city
naroda,GJ,5366,city
naroli,DH,16260,city
narot mehra,PB,8885,city
narra,JH,5390,city
narsala,MH,17330,city
narsampet,TS,30963,city
narsapur,AP,59306,city
narsapuram,TS,6647,city
narsimahpur,MP,59966,city
narsimhapur,MP,59966,district
narsingarh,TR,7404,city
narsinghgarh,MP,32329,city
narsinghpur,MP,59966,district
narsingi,TS,9449,city
narsinhapur,MP,1091854,district
narsipatnam,AP,33757,city
narwana,HR,62090,city
narwanal,HR,62090,city
narwar,MP,19385,city
narwar district,MP,1726050,district
naryanpur,AS,6001,city
nashik,MH,1486053,district
nashik division,MH,6107187,district
nashiku,MH,1486053,city
nashk,MH,1486053,city
nasik,MH,1486053,city
nasika,MH,1486053,district
nasikas,MH,1486053,city
nasikeu,MH,1486053,city
nasiko,MH,1486053,city
nasirabad,RJ,51747,city
nasiyanur,TN,10970,city
nask,MH,1486053,city
naspur,TS,31244,city
nasriganj,BR,23819,city
nasrullahganj,MP,23788,city
nasvadi,GJ,8076,city
nasyk,MH,1486053,city
naszik,MH,1486053,city
natathara,KL,11969,city
nateputa,MH,17930,city
natham,TN,23660,city
nathampannai,TN,8915,city
nathdwara,RJ,42016,city
nattakam,KL,38599,city
nattalam,TN,7674,city
nattappettai,TN,19883,city
nattarampalli,TN,10390,city
nattarasankottai,TN,5920,city
naubaisa goan,AS,5015,city
naubatpur,BR,25011,city
naugachhia,BR,49069,city
naurhiya,MP,6529,city
nausari,GJ,171109,city
naushahra,JK,10408,city
nautan,BR,0,city
nautanwa,UP,32587,city
navada,BR,2219146,district
navadvip,WB,111123,city
navadwip,WB,111123,city
naval gad,RJ,63948,city
navalagadha,RJ,63948,city
navalgadh,RJ,63948,city
navalgarhi,RJ,63948,city
navalgarkh,RJ,63948,city
navalgund,KA,24613,city
navalkar h,RJ,63948,city
navalpattu,TN,16788,city
navalur,TN,7610,city
navamumba i,MH,2600000,city
navanagar,GJ,600943,city
navangar,GJ,600943,city
navapur,MH,34207,city
navasari,GJ,171109,city
naveen,UP,293908,city
navelim,GA,12469,city
navi moembaai,MH,2600000,city
navi mumba i,MH,2600000,city
navi mumbai,MH,2600000,city
navi mumbai panvel raigarh,MH,195373,city
navi mumbaj,MH,2600000,city
navi mumbayi,MH,2600000,city
navi mumpai,MH,2600000,city
navkawada,MH,5634,city
navoor,KA,5365,city
navsari,GJ,171109,district
nawa,RJ,22088,city
nawabgang,UP,79246,city
nawabganj,UP,79246,city
nawada,BR,98029,district
nawada district,BR,2219146,district
nawadah,BR,2219146,district
nawagarh,CG,10541,city
nawalgaleu,RJ,63948,city
nawalgarh,RJ,63948,city
nawanagar,GJ,600943,city
nawanshahr,JK,14884,city
nawanshahr,PB,46024,district
nawanshahr district,PB,612310,district
nawapara,CG,29315,city
nawarangpur district,OD,1220946,district
nawaruga,RJ,63948,city
nawasahr,PB,612310,district
nawy mwmbay,MH,2600000,city
naxalbari,WB,57283,city
naya baradwar,CG,8793,city
naya dilli,DL,317797,city
naya gaon,PB,50869,city
nayagarh,OD,17030,district
nayagarh district,OD,962789,district
nayanakulam,TN,23284,city
nayudupet,AP,45769,city
nazarathpettai,TN,8660,city
nazareth,TN,16584,city
nazira,AS,14302,city
neayda,UP,293908,city
neb sarai,DL,15640,city
nebheli,TN,179150,city
nedumangad,KL,60161,city
nedumbassery,KL,29706,city
nedumpana,KL,29454,city
nedumpura,KL,12399,city
neduva,KL,35996,city
needamangalam,TN,9336,city
neelagiri,TN,16197,city
neelankarai,TN,76600,city
neem ka thana,RJ,36231,city
neemrana,RJ,7143,city
neemuch,MP,826067,district
neemuch,RJ,128561,city
neemuch district,MP,826067,district
negapainttam city,TN,102905,city
negapatam,TN,102905,city
negapattinam,TN,102905,city
neiveli,TN,179150,city
nejveli,TN,179150,city
nelamangala,KA,37232,city
nelankarai,TN,76600,city
nellai,TN,1435844,city
nellare,AP,547621,city
nellaura,AP,547621,city
nellaura jilla,AP,2963557,district
nellikkuppam,TN,46678,city
nellimarla,AP,20498,city
nellora,AP,547621,city
nellora jil ha,AP,2963557,district
nellora jila,AP,2963557,district
nellora jilla,AP,2963557,district
nellora jillo,AP,2963557,district
nellore,AP,547621,district
nellore district,AP,2963557,district
nellur,AP,547621,city
nelluru,AP,547621,district
nelluru nagaram,AP,547621,city
nellurumandalam,AP,2963557,district
nelluvayi,KL,5994,city
nelor,AP,547621,city
nelora zila,AP,2963557,district
neloris olki,AP,2963557,district
nemili,TN,10806,city
neo delchi,DL,317797,city
nepanagar,MP,32611,city
neral,MH,18429,city
nerinjippettai,TN,6791,city
neripperichal,TN,53579,city
nerkunram,TN,59790,city
nerul,GA,5042,city
nerupperichchal,TN,53579,city
neruru,AP,547621,city
neu delhi,DL,317797,city
nev deli,DL,317797,city
new bombay,MH,2600000,city
new bongaigaon railway colony,AS,14896,city
new cantonment,DL,110351,city
new delhi,DL,11034555,district
new dilli,DL,317797,city
new okhla industrial development authority,UP,293908,city
new patna,BR,1684297,city
neyabeli,TN,179150,city
neyattinkara,KL,88104,city
neykkarappatti,TN,12090,city
neykuppai,TN,7165,city
neyveli,TN,179150,city
neyyattinkara,KL,88104,city
neyyur,TN,12917,city
ngur,MZ,32734,city
nichlaul,UP,17567,city
nicobar,AN,36842,district
nicobar islands,AN,36842,district
nicobars,AN,36842,district
nidadavole,AP,44173,city
nidanpur pt ii,AS,7954,city
nihtaur,UP,48389,city
nijamabad,TS,311152,city
nijamabadu,TS,2551335,district
nilagiri,OD,17264,city
nilagiri,TN,735394,district
nilaiyur,TN,14684,city
nilakiri mavattam,TN,735394,district
nilakottai,TN,22197,city
nilambur,KL,46366,city
nilambur,TN,8382,city
nilanakara i,TN,76600,city
nilanga,MH,36172,city
nilankara i,TN,76600,city
nilankarai,TN,76600,city
nilankaraj,TN,76600,city
nildoh,MH,38157,city
nileshwar,KL,25405,city
nilgiri,TN,735394,district
nilgiris,TN,735394,district
nilgiris district,TN,735394,district
nilithi,DL,43371,city
nilokheri,HR,17938,city
nilpur,PB,8391,city
nimac,RJ,0,city
nimaca,RJ,0,city
nimach,RJ,128561,city
nimaj,RJ,20424,city
nimakkh,RJ,128561,city
nimaparha,OD,19289,city
nimar district,MP,1310061,district
nimbahera,RJ,61949,city
nimbhora budrukh,MH,7501,city
nimpani,MH,62865,city
nimuca,RJ,0,city
ningthoukhong,MN,13078,city
nipani,MH,62865,city
niramargar,KA,5503,city
nirmal,TS,88433,district
nirmala,TS,88433,city
nirmali,BR,20189,city
nirsa,JH,14794,city
nisang,HR,17438,city
nithari,DL,50464,city
niu deli,DL,317797,city
nivari,MP,23724,city
niw telhi,DL,317797,city
niwai,RJ,37765,city
niwari,MP,404807,district
niwari,UP,10330,city
niwas,MP,8248,city
niwde li,DL,317797,city
niz bahjani,AS,5183,city
niz hajo,AS,15188,city
niz katigorah pt iii,AS,5687,city
niz mankata,AS,5924,city
nizamabad,TS,311152,district
nizamabad,UP,13895,city
nizamabad district,TS,2551335,district
nizampur,MH,7696,city
nju delkhi,DL,317797,city
nkorakpour,UP,674246,city
nkountour,AP,670073,city
nkournkaon,HR,886519,city
nkwdr,PB,36973,city
nlwr,AP,547621,city
nndwrbar,MH,111037,district
nndyd,MH,550564,city
no eda,UP,293908,city
no era,UP,293908,city
no goreswar,AS,5631,city
no ida,UP,293908,city
noamundi,JH,17954,city
nohan,PB,9439,city
nohar,RJ,49835,city
nohsa,BR,16680,city
noida,UP,293908,city
nojda,UP,293908,city
noka,RJ,62699,city
nokha,BR,27302,city
nokha,RJ,62699,city
nokha mani,RJ,62699,city
nokhamandi,RJ,62699,city
noklak,NL,55606,district
noney,MN,0,district
noney district,MN,0,district
nongpoh,ML,17055,city
nongstoin,ML,28742,city
nongthymmai,ML,38004,city
nongumlong,ML,7381,city
noordoost delhi,DL,2241624,district
noordwest delhi,DL,3656539,district
noria,JK,9662,city
north,DL,887978,district
north and middle andaman,AN,0,district
north barrackpore,WB,148174,city
north bastar kanker,CG,748941,district
north cachar hills,AS,214102,district
north delhi,DL,887978,district
north delhi district,DL,887978,district
north dinajpur,WB,3007134,district
north district,SK,43709,district
north east,DL,2241624,district
north east delhi,DL,2241624,district
north garo hills,ML,0,district
north goa,GA,818008,district
north guwahati,AS,17516,city
north kanara,KA,1437169,district
north lakhimpur,AS,59841,city
north parganas,WB,10009781,district
north sikkim,SK,43709,district
north sikkim district,SK,43709,district
north tripura,TR,693947,district
north twenty four parganas,WB,10009781,district
north west,DL,3656539,district
north west delhi,DL,3656539,district
northern,SK,43709,district
nosari,GJ,171109,city
nov delhio,DL,317797,city
nova bombaim,MH,2600000,city
nova delhi,DL,317797,city
nova deli,DL,317797,city
nova deli na i dilli,DL,317797,city
nova goa,GA,70991,city
nove dilli,DL,317797,city
novmumbajo,MH,2600000,city
nowanagar,GJ,600943,city
nowangabra,JK,5634,city
nowanuggur,GJ,600943,city
nowgong,AS,121628,city
nowgong,MP,40580,city
nowrangapur,OD,1220946,city
nowrangpur,OD,1220946,city
nowrozabad,MP,21883,city
noyada,UP,293908,city
noyida,UP,293908,city
noyta,UP,293908,city
noyta perunakar,UP,293908,city
nrml,TS,88433,city
ntarmpchan nka,BR,296039,city
ntarnk,CG,268806,city
ntr,AP,2218591,district
nuahata,OD,5920,city
nuapada,OD,610382,district
nuapatna,OD,8057,city
nueba deli,DL,317797,city
nueva delhi,DL,317797,city
nuh,HR,0,district
numaligarh,AS,7386,city
numbai,MH,12691836,city
nuova delhi,DL,317797,city
nurmahal,PB,14560,city
nurpur,BR,7202,city
nurpur,HP,9807,city
nurpur,UP,39077,city
nurpur kalan,PB,9437,city
nuvem,GA,9288,city
nuzvid,AP,58590,city
nwy mmbyy,MH,2600000,city
nwyda,UP,293908,city
nwyda alkbry,UP,293908,city
nwyda bzrg,UP,293908,city
nyamti,KA,10338,city
nyja deli,DL,317797,city
nylwr,AP,547621,city
nylwry,AP,547621,city
nymwch,RJ,0,city
nyrla,DL,800000,city
nyu deli,DL,317797,city
nyudelli,DL,317797,city
nyuderi,DL,317797,city
nyw dlhy,DL,317797,city
nywaly,TN,179150,city
nywdlhy,DL,317797,city
obra,BR,14786,city
obra,UP,56110,city
ocakotte,KA,56980,city
ochira,KL,28412,city
odagaon,OD,5401,city
odaipatti,TN,13892,city
odaiyakulam,TN,13370,city
odalagurai jila,AS,831668,district
oddanchathiram,TN,30064,city
odlabari,WB,12311,city
odugattur,TN,8998,city
oggiyamduraipakkam,TN,76600,city
oinam,MN,7161,city
ojara,MH,51297,city
ojhai,MH,51297,city
ojhar,MH,51297,city
ojhara,MH,51297,city
okha,GJ,62052,city
okha port,GJ,62052,city
okni,JH,11106,city
olagadam,TN,9958,city
olavanna,KL,43895,city
old delhi,DL,11034555,city
olpad,GJ,14091,city
omalur,TN,16279,city
omkareshwar,MP,10063,city
onda,GA,5863,city
ong gol,AP,208344,city
ongallur i,KL,16998,city
ongallur ii,KL,26273,city
ongol,AP,208344,city
ongola,AP,208344,city
ongole,AP,208344,city
ongolu,AP,208344,city
ongore,AP,208344,city
onkol,AP,208344,city
oodeypore,RJ,451100,city
oopal,TS,118259,city
oossoor,TN,229528,city
ootacamund,TN,233426,city
ooty,TN,233426,city
orai,UP,158265,city
oran,UP,6495,city
orathanadu,TN,10247,city
orchha,MP,11511,city
ordnance factory itarsi,MP,7878,city
orikkai,TN,12638,city
orla,JH,5809,city
orrappalam,KL,53792,city
orugallu,TS,704570,city
orumanayur,KL,14064,city
orvad,GJ,5420,city
osamanabada,MH,112085,city
osmanabad,MH,112085,district
osmanabad district,MH,1657576,district
osmanabada,MH,112085,city
osmania university,TS,6762,city
otapallam,KL,53792,city
othukkungal,KL,39139,city
ottaikkalmantapam,TN,12207,city
ottakkadai,TN,15152,city
ottapalam,KL,53792,city
ottapalama,KL,53792,city
ottapalem,KL,53792,city
ottaparamu,KL,53792,city
ottappalam,KL,53792,city
ottappalama,KL,53792,city
ottapparai,TN,9493,city
ottappatti,TN,9016,city
oudh,UP,53293,city
oulasnankar,MH,516584,city
ountoupi,KA,165000,city
outabgarh,DL,7639,city
outzen,MP,515215,city
ovari paravarnattam,TN,5694,city
oyaradha,MH,113759,city
ozar,MH,51297,city
ozhukarai,PY,300104,city
p j cholapuram,TN,7484,city
pa scima tripura,TR,1725739,district
pacakula zila,HR,561293,district
pacavakalyan,KA,69717,city
pachchal,TN,16789,city
pachgaon,MH,22353,city
pachhar,MP,81828,city
pachmarhi,MP,12062,city
pachor,MP,27396,city
pachora,MH,59609,city
pachperwa,UP,15056,city
pacode,TN,24050,city
padaivedu,TN,10451,city
padam,LA,25000,city
padampur,OD,16387,city
padampur,RJ,18454,city
paddhari,GJ,10547,city
padghe,MH,6633,city
padharapura,MH,98923,city
padiyam,KL,11623,city
padiyanallur,TN,23819,city
padmabil,AS,6874,city
padmanabhapuram,TN,21342,city
padmapur,OD,17625,city
padoli,MH,5275,city
padra,GJ,46660,city
padrauna,UP,47181,city
padri,BR,7566,city
pahalgam,JK,9264,city
pahasu,UP,18854,city
pahaturkkar,HR,170767,city
paiguri,WB,107832,city
pail,PB,7923,city
painkulam,TN,23630,city
paippad,KL,21338,city
paithan,MH,41536,city
paiyur,TN,7555,city
pakala,AP,24680,city
pakalkot,KA,111933,city
pakalpur,BR,400146,city
pakarayic mavattam,UP,3487731,district
pakhanjur,CG,10201,city
pakhar,RJ,11960,city
pakhi khanauri,PB,14096,city
pakke kessang,AR,15358,district
pakridayal,BR,29582,city
pakur,JH,45840,district
pakura,JH,900422,district
pakyong,SK,94344,district
pal lahara,OD,5749,city
pal wol,HR,131926,city
pala oyala,HR,131926,city
palachaurai,MP,7061,city
palacole,AP,81199,city
palaghara,MH,0,district
palaghata,KL,132728,city
palai,KL,22056,city
palaiyam,TN,15336,city
palaiyampatti,TN,18576,city
palakad,KL,132728,city
palakkad,KL,132728,district
palakkad district,KL,2952254,district
palakkada,KL,132728,city
palakkara,KL,132728,city
palakkat,KL,132728,district
palakkatu,KL,132728,city
palakkodu,TN,20959,city
palakol,AP,81199,city
palakollu,AP,81199,city
palakurthy,TS,7380,city
palamau,JH,1939869,district
palamau district,JH,1939869,district
palamedu,TN,10493,city
palamu,JH,1939869,district
palangarai,TN,17248,city
palani,TN,70467,city
palanisettipatti,TN,14879,city
palanpur,GJ,141592,city
palappallam,TN,18589,city
palaraala,HR,131926,city
palari,CG,8567,city
palasa,AP,65833,city
palasa kasibugga,AP,57507,city
palavakkam,TN,26766,city
palavala,HR,131926,city
palavala jila,HR,0,district
palavala zila,HR,131926,city
palavansathu,TN,22176,city
palawala,HR,131926,city
palayad,KL,18141,city
palda,MP,18697,city
palej,GJ,12334,city
palera,MP,17493,city
palesvar,OD,144373,city
palghar,MH,72335,district
palghat,KL,132728,city
pali,CG,5514,city
pali,MH,9176,city
pali,MP,22324,city
pali,RJ,230075,district
pali,UP,9098,city
pali district,RJ,2037573,district
pali marwar,RJ,230075,city
palia kalan,UP,38547,city
palidevad,MH,9194,city
palitana,GJ,64497,city
paliyad,GJ,10862,city
palkonda,AP,29378,city
palladam,TN,42225,city
pallakadeu,KL,132728,city
pallappalaiyam,TN,11910,city
pallappatti,TN,30624,city
pallattur,TN,9580,city
pallavaram,TN,233984,city
palle,GA,6043,city
pallichal,KL,53861,city
pallikal,KL,46962,city
pallikaranai,TN,43493,city
pallikere,KL,14334,city
pallikonda,TN,23067,city
pallikunnu,KL,27820,city
pallipalayam,TN,40140,city
pallipattu,TN,8912,city
pallippadai,TN,6369,city
pallippatti,TN,26492,city
pallipuram,KL,28276,city
palmaner,AP,54035,city
palnadu,AP,2041723,district
palni,TN,70467,city
palod,GJ,7698,city
paloncha,TS,80199,city
paloor,TN,6818,city
palsud,MP,10113,city
palugal,TN,18276,city
paluru,OD,5019,city
paluvai,KL,9127,city
palval,HR,131926,city
palwal,HR,131926,district
palwal district,HR,0,district
palwal rural,HR,23072,city
palwancha,TS,80199,city
pamban,TN,30926,city
pammal,TN,75870,city
pampur,JK,21680,city
pamuru,AP,20000,city
pana oyela,MH,195373,city
panabela,MH,195373,city
panachikkad,KL,43595,city
panadzhi,GA,70991,city
panadzi,GA,70991,city
panadzis,GA,70991,city
panadzsi,GA,70991,city
panagar,MP,27932,city
panaikulam,TN,6980,city
panaji,GA,70991,city
panakkudi,TN,29895,city
panamaram,KL,11651,city
panamarattuppatti,TN,9368,city
panangad,KL,15630,city
panapakkam,TN,11536,city
panaraela,MH,195373,city
panaruti,TN,60323,city
panavela,MH,195373,city
panayattur vadakkumbhagam,KL,25607,city
pancakula,HR,211355,city
pancakula jil ha,HR,561293,district
pancakula jila,HR,561293,district
pancakula jilla,HR,561293,district
pancakula jillo,HR,561293,district
pancakula upa sahara,HR,211355,city
panch mahals,GJ,2390776,district
panch mahals district,GJ,2390776,district
panchet,JH,7296,city
panchgani,MH,14894,city
panchkula,HR,211355,district
panchkula district,HR,561293,district
panchkula urban estate,HR,211355,city
panchkulan piirikunta,HR,561293,district
panchla,WB,23526,city
panchmahal,GJ,2390776,district
pandamangalam,TN,7259,city
pandaria,CG,16165,city
pandaripuramu,MH,98923,city
pandatarai,CG,11000,city
pandavarmangalam,TN,14954,city
pandhana,MP,13694,city
pandharapura,MH,98923,city
pandharkawada,MH,31094,city
pandharpur,MH,98923,city
pandhurna,MP,45479,city
pandiceri,PY,657209,city
pandit deen dayal upadhyaya nagar,UP,109650,city
pandkharpur,MH,98923,city
pandua,WB,28205,city
pangim,GA,70991,city
pangin,AR,0,city
panihati,WB,378705,city
panikhati,WB,378705,city
panipat,HR,295970,district
panipat district,HR,0,district
panipat taraf ansar,HR,42877,city
panipat taraf makhdum zadgan,HR,67998,city
panipat taraf rajputan,HR,28803,city
panipata,HR,295970,city
panisagar,TR,14758,city
panjim,GA,70991,city
panjy,GA,70991,city
pankhedi,MP,11723,city
panna,MP,59091,district
pannaikadu,TN,8731,city
pannaipuram,TN,9323,city
panniyannur,KL,22308,city
pannurutti,TN,60323,city
panoor,KL,17438,city
panpuli,TN,9313,city
panrra,JH,9563,city
panruti,TN,60323,city
pansemal,MP,12166,city
pantara mavattam,MH,1200334,district
pantaripuram,MH,98923,city
panth piplia,MP,15070,city
pantheeramkavu,KL,24537,city
panticceri,PY,657209,city
panvel,MH,195373,city
panwel,MH,195373,city
panwl,MH,195373,city
paonta sahib,HP,25183,city
papampeta,AP,13850,city
papanasam,TN,17548,city
papankoteu,PB,174306,city
paparhahandi,CG,9390,city
papireddippatti,TN,9369,city
pappakurichchi,TN,24023,city
papparapatti,TN,12174,city
pappinissheri,KL,35134,city
pappinivattom,KL,15336,city
papum pare,AR,0,district
papum pare district,AR,0,district
parabada,GJ,6255,city
parabhani,MH,307170,district
paradeep,OD,85868,city
paradip,OD,85868,city
paradip garh,OD,85868,city
paradipur,OD,85868,city
paradwip,OD,85868,city
parakad,KL,9093,city
parakaddo,KL,132728,city
parala,OD,87152,city
paralakhemundi,OD,87152,city
paralam,KL,9187,city
parali,MH,94863,city
parali vaidyanatha taluka,MH,94863,city
parali vaijanatha,MH,94863,city
paramagudi,TN,95579,city
paramathi velur,TN,25012,city
paramati,TN,11986,city
paranda,MH,18758,city
parangipettai,TN,25541,city
parappukkara,KL,11893,city
parappur,KL,36270,city
parasgaon,CG,6306,city
parasia,MP,42786,city
parassala,TN,34096,city
paratdiha,JH,8854,city
paravai,TN,20042,city
paravur tekkumbhagam,KL,38946,city
parbaini,MH,307170,city
parbani,MH,307170,city
parbatipur,WB,8657,city
parbhani,MH,307170,district
parbhani district,MH,1836086,district
parbkhani,MH,307170,city
pardi,GJ,28495,city
pardi kanade,GJ,9167,city
pardi parnera,GJ,5454,city
pardi sondhpur,GJ,7833,city
pareli,UP,745435,city
pareli mavattam,UP,4448359,district
pareo,BR,8435,city
paretpur,RJ,252838,city
parichha,UP,7399,city
parichhatgarh,UP,18990,city
pariyapuram,KL,22766,city
pariyaram,KL,20405,city
parkaht,OD,80625,city
parlakimidi,OD,87152,city
parli,MH,94863,city
parli vaijnath,MH,94863,city
parlli part,AS,5788,city
parly,MH,94863,city
parnera,GJ,12296,city
parol,JK,7800,city
parola,MH,37666,city
parshadepur,UP,10690,city
parsi,MH,118722,city
partabgarh,UP,3209141,district
partabgarh district,UP,3209141,district
partabpur,CG,5635,city
partabpur,MP,11835,city
partapgarh,UP,73992,district
partapur,RJ,10758,city
partibanur,TN,8232,city
partur,MH,35883,city
parur,KL,31503,city
paruwaru,HR,131926,city
parvathipuram manyam,AP,925340,district
parvatipuram,AP,53844,city
parvatsar,RJ,15405,city
parwanoo,HP,8758,city
pasan,CG,30928,city
pasan,MP,28447,city
pasankotou,PB,174306,city
paschim bardhaman,WB,0,district
paschim medinipur,WB,5913457,district
paschim medinipur district,WB,5913457,district
paschima godavari jilla,AP,3936966,district
pascima camparana,BR,3935042,district
pascima dhilli,DL,2543243,district
pascima dilli,DL,2543243,district
pascima dilli jela,DL,2543243,district
pascima godavari jilla,AP,3936966,district
pascima tripura,TR,1725739,district
pascimadehalimandalam,DL,2543243,district
pascimi singhabhuma,JH,1502338,district
pashchim champaran,BR,3935042,district
pashchim singhbhum,JH,1502338,district
pashchimi singhbhum,JH,1502338,district
pasighat,AR,25581,city
pastar,CG,1413199,district
pasthal,MH,18194,city
pasti mavattam,UP,2464464,district
pat jala,PB,446246,city
pat na,BR,1684297,city
patamda,JH,10655,city
patamundai,OD,36528,city
patan,CG,10133,city
patan,GJ,133737,district
patan,MH,13779,city
patan,MP,14624,city
patana,BR,1684297,district
patana jela,BR,5838465,district
patana jil ha,BR,5838465,district
patana jila,BR,5838465,district
patana jilla,BR,5838465,district
patana jillo,BR,5838465,district
patanamandalam,BR,5838465,district
patancheru,TS,46821,city
patankwt,PB,174306,city
pataudi,HR,20418,city
patavun,UP,161555,city
patavun mavattam,UP,3681896,district
patdi,GJ,17725,city
pateuna,BR,1684297,city
patha deosar,JK,9765,city
pathalgaon,CG,16613,city
pathanakota,PB,174306,city
pathanamthitta,KL,38285,district
pathankot,PB,174306,district
pathankot district,PB,676598,district
pathar,OD,6072,city
pathardi,MH,27211,city
pathardih,JH,45276,city
patharia,CG,6349,city
patharia,MP,21026,city
pathirappally,KL,27445,city
pathri,MH,37648,city
pathsala,AS,11242,city
pati ala jilla,PB,1895686,district
pati ala zil ha,PB,1895686,district
patiala,PB,446246,district
patiala district,PB,1895686,district
patialan piirikunta,PB,1895686,district
patiali,UP,13515,city
patiriyat,KL,18008,city
patiyala jil ha,PB,1895686,district
patiyala jila,PB,1895686,district
patiyala jilla,PB,1895686,district
patiyala jillo,PB,1895686,district
patiyalamandalam,PB,1895686,district
patkhankot,PB,174306,city
patna,BR,1684297,district
patna district,BR,5838465,district
patna mavattam,BR,5838465,district
patna new city,BR,1684297,city
patnagarh,OD,21024,city
patnao,BR,1684297,city
patokotai,TN,73135,city
patona,BR,1684297,city
patra,JH,9536,city
patrak,OD,121338,city
patran,PB,27963,city
patrapur,AP,6059,city
patrasaer,WB,11520,city
patratu,JH,32899,city
patrodih,JH,5293,city
patsoi,MN,5451,city
pattamadai,TN,16625,city
pattambi,KL,28632,city
pattan,JK,19538,city
pattanam,TN,9196,city
pattanamtitta,KL,1197412,district
pattanantitta,KL,1197412,district
pattankot,PB,174306,city
patti,PB,40976,city
patti,UP,9685,city
pattinta,PB,285788,city
pattiyurgramam,KL,23460,city
pattoukkottai,TN,73135,city
pattukkotai,TN,73135,city
pattukkotta i,TN,73135,city
pattukkottai,TN,73135,city
pattukotai,TN,73135,city
pattukotta i,TN,73135,city
pattukottai,TN,73135,city
pattwkwttay,TN,73135,city
pattyam,KL,20161,city
patukotai,TN,73135,city
patur,MH,21747,city
patuvilayi,KL,20598,city
patwkwtay,TN,73135,city
pauri,UK,26514,city
pauri garhwal,UK,687271,district
pavali,TN,7622,city
pavanakar,GJ,605882,city
pavaratti,KL,12299,city
pavugada,KA,32063,city
pavuluru,AP,10524,city
pawai,MP,14465,city
pawayan,UP,25708,city
pawni,MH,23450,city
payakaraopeta,AP,27001,city
payantar,MH,809378,city
payyannur,KL,72111,city
payyanur,KL,72111,city
pazhanji,KL,14067,city
peallacci,TN,90180,city
pech morena,MP,200482,city
pedana,AP,30721,city
pedappai,TN,14063,city
pedda bhogili,AP,6733,city
pedda uppal,TS,118259,city
peddaboddepalle,AP,12781,city
peddanayakkanpalaiyam,TN,17678,city
peddapalli,TS,41171,district
peddapuram,AP,49477,city
peddikuppam,TN,8044,city
pehladpur bangar,DL,22968,city
pehowa,HR,39101,city
pekucaray,BR,252008,city
pelawal,JH,14848,city
pelkam,KA,490045,city
pelkam mavattam,KA,4779661,district
pellari,KA,410445,city
pendra,CG,14120,city
penha de franca,GA,15342,city
penkalur,KA,8495492,city
pennadam,TN,19494,city
pennagaram,TN,17480,city
pennathur,TN,13718,city
penugonda,AP,23654,city
penukonda,AP,20220,city
peppur,KL,70751,city
peragam,KL,12072,city
peraiyur,TN,10394,city
peralam,TN,6149,city
peralassery,KL,16821,city
peramangalam,KL,13260,city
perambalur,TN,49648,district
peranamallur,TN,5801,city
peranambattu,TN,51271,city
peranampattu,TN,51271,city
peravurani,TN,22084,city
peren,NL,95219,district
peren district,NL,95219,district
peringandur,KL,5577,city
peringathur,KL,40292,city
peringottupulam,KL,36602,city
perinjanam,KL,21012,city
perintalmanna,KL,49723,city
periya semur,TN,55282,city
periyakkurichchi,TN,7599,city
periyakoduveri,TN,12330,city
periyakottai,TN,17356,city
periyakulam,TN,42976,city
periyanayakkanpalaiyam,TN,25930,city
periyanegamam,TN,7913,city
periyapatti,TN,15690,city
periyapattinam,TN,9730,city
periyar,TN,521891,city
pernambut,TN,51271,city
pernem,GA,5555,city
perole,KL,14965,city
perumagalur,TN,5604,city
perumanallur,TN,7356,city
perumanna,KL,35460,city
perumbaikad,KL,42839,city
perumbakkam,TN,6462,city
perumbavoor,KL,28110,city
perumpandi,TN,8620,city
perumpavur,KL,27105,city
perunad,KL,35173,city
perundurai,TN,24930,city
perungudi,TN,43111,city
perungulam,TN,7203,city
perunkalattu,TN,37342,city
perur,AP,11127,city
perur,TN,8341,city
peruvallur,KL,34941,city
peruvila,TN,6090,city
perya,KL,12659,city
pethapur,GJ,23497,city
petlad,GJ,55330,city
petlawad,MP,15174,city
pettampalaiyam,TN,7152,city
petti ah,BR,132209,city
pfutsero,NL,10371,city
phagwara,PB,100146,city
phakhl kot,KA,111933,city
phalatana,MH,53202,city
phalauda,UP,18545,city
phalodi,RJ,49914,city
phaltan,MH,53202,city
phaphund,UP,16675,city
pharidabada,HR,1414050,city
phariha,UP,6380,city
pharrukhabada,UP,1885204,district
phatehapura,UP,2632733,district
phek,MN,15118,city
phek,NL,163418,district
pheka,NL,163418,district
pherzawl,MN,0,district
pherzawl district,MN,0,district
phillaur,PB,24688,city
phirangipuram,AP,17335,city
phu lan thsahr,UP,198612,city
phuch,GJ,148834,city
phulbani,OD,37371,city
phulera,RJ,26091,city
phulpur,UP,22886,city
phulwari sharif,BR,81740,city
phulwartanr,JH,5884,city
phup kalan,MP,12657,city
phusro,JH,185555,city
picalpur,UP,68355,city
piccolim,GA,16986,city
pichor,MP,18127,city
pidugurala,AP,63103,city
piduguralla,AP,63103,city
pihani,UP,30369,city
pijappur,KA,327427,city
pijnor,UP,84593,city
pijnor mavattam,UP,3682713,district
pilani,RJ,29741,city
pilaspur,CG,2663629,district
pilay,CG,627734,city
pilerne,GA,5827,city
pileru,AP,41489,city
pilibangan,RJ,37288,city
pilibhhit,UP,131008,city
pilibhit,UP,131008,district
pilibhit district,UP,2031007,district
pilibhita,UP,2031007,district
pilibkhit,UP,131008,city
pilikodu,KL,9676,city
pilkhua,UP,74212,city
pilkhuwa,UP,74212,city
pillanallur,TN,11181,city
pimpalgaon,MH,8317,city
pimpari,MH,1284606,city
pimpari cinacaraada,MH,1727692,city
pimpari cinca oyara,MH,1727692,city
pimpari cincavada,MH,1727692,city
pimpeulichinchiwadeu,MH,1727692,city
pimpiri,MH,1284606,city
pimpiri cincvatu,MH,1727692,city
pimpri,MH,1284606,city
pimpri chinchvad,MH,1727692,city
pimpri chinchwad,MH,1727692,city
pimpri cincvad,MH,1727692,city
pimpri csincsvad,MH,1727692,city
pimpris cincvadas,MH,1727692,city
pimpry chynchvad,MH,1727692,city
pinahat,UP,19511,city
pinarayi,KL,16801,city
pindwara,RJ,24487,city
pingawan,HR,12612,city
pinjaur,HR,35912,city
pintu,MP,197585,city
pipalrawan,MP,9652,city
pipar,RJ,36810,city
piparia,MP,48826,city
pipili,OD,17623,city
pipla,MP,8595,city
piploda,MP,8294,city
piplya kumar,MP,10684,city
pipodara,GJ,7765,city
pippara,AP,8581,city
pipraich,UP,15856,city
pipri,MH,23661,city
pipri,MP,6821,city
pirakacam mavattam,AP,3397448,district
pirangut,MH,14174,city
piranvadi,KA,17874,city
piravam,KL,28254,city
pirawa,RJ,12807,city
pirayiri,KL,41359,city
piriyapatna,KA,16685,city
piro,BR,33785,city
pirthipur,MP,26883,city
pirzadaguda,TS,32586,city
pisampur,MP,126200,city
pithampur,MP,126200,city
pithapuram,AP,54859,city
pithauragarha,UK,483439,district
pithora,CG,8428,city
pithoragarh,UK,47571,district
pivati,RJ,104921,city
pivdenne deli,DL,2731929,district
pivdenno zakhidne deli,DL,2292958,district
pivnichno skhidne deli,DL,2241624,district
pivnichno zakhidne deli,DL,3656539,district
pkhagvara,PB,100146,city
plwama,JK,0,district
plwl,HR,131926,city
pmpry,MH,1284606,city
pn chi,GA,70991,city
pnjy,GA,70991,city
pnwyl,MH,195373,city
pochampalli,TS,12972,city
podaturpet,TN,35000,city
podili,AP,31145,city
pokaran,RJ,23554,city
pokaro mavattam,JH,2062330,district
poladpur,MH,5944,city
polaia kalan,MP,12268,city
polasara,OD,23119,city
polavaram,AP,43710,city
poleubandaleu,GJ,152760,city
polichalur,TN,21906,city
pollacci,TN,90180,city
pollachi,TN,90180,city
pollaci,TN,90180,city
polur,TN,28123,city
ponani,KL,105512,city
ponda,GA,22664,city
pondarkanali,JH,6611,city
pondiceri,PY,657209,city
pondicero,PY,657209,city
pondicheri,PY,657209,city
pondicherri,PY,657209,city
pondicherry,PY,657209,district
pondichery,PY,657209,district
pondiseri,PY,657209,city
pondisheri,PY,657209,city
ponducherry,PY,657209,city
ponduru,AP,12640,city
pondy,PY,657209,city
ponmana,KL,29139,city
ponmana,TN,15554,city
ponmundam,KL,25855,city
ponnamaravati,TN,12676,city
ponnampatti,TN,12167,city
ponnampet,KA,6117,city
ponnani,KL,105512,city
ponneri,TN,31025,city
ponnur,AP,59913,city
ponnuru,AP,57170,city
poodoocottah,TN,117630,city
poomangalam,KL,11141,city
poona,MH,3124458,city
poonamalle,TN,60607,city
poonamallee,TN,60607,city
poonch,JK,0,district
poonch district,JK,0,district
poorbunder,GJ,152760,city
pooth kalan,DL,96002,city
popal,MP,1798218,city
poppili,AP,56819,city
porabandara,GJ,152760,city
poranki,AP,25545,city
porata bale ara,AN,112050,city
porathissery,KL,16768,city
porbandar,GJ,152760,district
porbandarom,GJ,152760,city
porio,GA,102345,city
porivali,MH,609617,city
porkolam,KL,6503,city
porpantar,GJ,152760,city
porsa,MP,39669,city
port blair,AN,112050,city
port blehr,AN,112050,city
port bler,AN,112050,city
port bleras,AN,112050,city
port okha,GJ,62052,city
port piler,AN,112050,city
port porbandar,GJ,152760,city
porta blera,AN,112050,city
porta bleyara,AN,112050,city
portableyara,AN,112050,city
portus blairensis,AN,112050,city
porur,TN,46690,city
poteubeulleeo,AN,112050,city
potoburea,AN,112050,city
potreddipalli,TS,11514,city
pottaneri nallakavundanpatti,TN,25133,city
pottanur,TN,18455,city
pottor,KL,7848,city
poudhucherry,PY,657209,city
poune,MH,3124458,city
pournia,BR,282248,city
powai,MH,20000,city
poyya,KL,10478,city
prakasam,AP,3397448,district
prakasam district,AP,3397448,district
prakasam jilla,AP,3397448,district
prakasama jil ha,AP,3397448,district
prakasama jila,AP,3397448,district
prakasama jilla,AP,3397448,district
prakasama jillo,AP,3397448,district
prakasama zila,AP,3397448,district
prakasamandalam,AP,3397448,district
prantij,GJ,23596,city
prasadampadu,AP,13941,city
pratap singhwala,PB,10843,city
pratapagarha,UP,3209141,district
pratapgarh,RJ,42079,district
pratapgarh,UP,73992,district
pratapgarh district,RJ,867848,district
pratapsasan,OD,12830,city
prayag,UP,1073438,city
prayagraj,UP,1073438,district
prayagraj district,UP,5954391,district
prbany,MH,307170,city
priol,GA,8164,city
prisal,JK,5132,city
proddatur,AP,177797,city
prodduturu,AP,177797,city
prothrapur,AN,10308,city
ptnh,BR,1684297,city
pu jie,GJ,148834,city
pu na,MH,3124458,city
pub dhaniram pather,AS,6280,city
puderiyur,TN,5576,city
pudoukottai,TN,117630,city
pudu,KA,13533,city
puduchcheri,PY,657209,city
puducherri,PY,657209,city
puducherry,PY,657209,district
puducotai,TN,117630,city
pudukattai,TN,117630,city
pudukkotta i,TN,117630,city
pudukkottai,TN,117630,district
pudukkottai trichinopoly,TN,117630,city
pudukkottaj,TN,117630,city
pudukotah,TN,117630,city
pudukottai,TN,117630,city
pudunagaram,KL,17892,city
pudupalayam,TN,11382,city
pudupattanam,TN,21151,city
puduppatti,TN,11511,city
pudur,TN,17240,city
pudusseri,KL,16629,city
pudussery west,KL,20140,city
puduvai,PY,657209,city
puduvayal,TN,11284,city
pugalur,TN,23408,city
pugalur agraharam,TN,5556,city
pujali,WB,37047,city
pukhrayan,UP,22555,city
pukkod,KL,9366,city
pul pehlad,DL,69657,city
pulakkod,KL,29872,city
pulambadi,TN,10737,city
pulampatti,TN,9477,city
pulangudi,TN,13469,city
pulantacakar,UP,198612,city
pulantacakar mavattam,UP,3499171,district
pulgaon,MH,35238,city
pulina,BR,282248,city
pulivendla,AP,65706,city
puliyangudi,TN,66034,city
puliyankannu,TN,20171,city
puliyankudi,TN,66034,city
puliyoorsalai,TN,6361,city
puliyur,TN,12720,city
pullambadi,TN,10288,city
pullapa mumba i,MH,12691836,city
pullur,KL,12656,city
puluvappatti,TN,12853,city
pulwama,JK,20071,district
puna,MH,3124458,city
punae,MH,3124458,city
punahana,HR,24734,city
punalur,KL,47263,city
punasa,MP,350000,city
punch,JK,28197,district
puncha,JK,0,district
pundri,HR,33484,city
pune,MH,3124458,district
pune division,MH,9429408,district
pune sahara,MH,3124458,city
puneo,MH,3124458,city
punganur,AP,54746,city
punganuru,AP,54746,city
puni,MH,3124458,city
punjai puliyampatti,TN,18967,city
punnayur,KL,19387,city
puno,MH,3124458,city
pupri,BR,15129,city
pur hanpur,MP,757847,district
pur na,BR,282248,city
puraini,BR,30829,city
puranattukara,KL,10655,city
puraniya,BR,282248,city
puranpur,UP,39988,city
purba barddhaman,WB,7717563,district
purba bardhaman,WB,7717563,district
purba bardhamana,WB,7717563,district
purba champaran,BR,5099371,district
purba champaran district,BR,5099371,district
purba medinipur,WB,5095875,district
purba singhbhum,JH,2293919,district
purbandar,GJ,152760,city
purbi champaran,BR,5099371,district
purbi singhbhum,JH,2293919,district
puri,OD,200564,district
puri district,OD,200564,city
purihasa,JH,7897,city
purli,MH,94863,city
purli vaijnath,MH,94863,city
purna,MH,36433,city
purne,MH,6588,city
purnea,BR,282248,district
purnea district,BR,3264619,district
purni a,BR,282248,city
purnia,BR,282248,district
purnija,BR,282248,city
purniya,BR,282248,district
purukkotta i,TN,117630,city
purulia,WB,122533,district
purulija,WB,122533,city
puruliya,WB,122533,district
puruniya,BR,282248,city
purushottampur,OD,15366,city
purva bard dhamana,WB,7717563,district
purva nimara khandava,MP,1310061,district
purvi camparana,BR,5099371,district
purvi singhabhuma,JH,2293919,district
purwa,UP,22220,city
pusad,MH,73046,city
pusat bandar panchkula,HR,211355,city
pushkar,RJ,21626,city
puth kalan,DL,96002,city
puth khurd,DL,10654,city
puthencruz,KL,22378,city
puthenvelikara,KL,33372,city
puthukkad,KL,12615,city
puthukkadai,TN,9909,city
puthuppally,KL,29635,city
puthuppariyaram,KL,30895,city
puthur,KL,17430,city
puttalam,TN,13073,city
puttankulam,KL,29447,city
puttantura,TN,5386,city
puttaparthi,AP,9000,city
puttur,AP,54092,city
puttur,KA,53331,city
putu tilli,DL,317797,city
putukkottai,TN,117630,city
puvalur,TN,7905,city
puvanecuvaram,OD,885363,city
puvatuparamba,KL,27598,city
puzhakkal,KL,8609,city
puzhal,TN,31665,city
puzhathi,KL,35212,city
puzhithivakkam,TN,53322,city
pwlachy,TN,90180,city
pwlwama,JK,0,district
pwna,MH,3124458,city
pwnh,MH,3124458,city
pwny,MH,3124458,city
pwrnya,BR,282248,city
pwrnyh,BR,282248,city
pwrt blr,AN,112050,city
pwrt blyyr,AN,112050,city
pwry,OD,200564,city
pympry chynchwad,MH,1727692,city
qadian,PB,23632,city
qazigund,JK,9871,city
qia si,JH,141640,city
qing nai,TN,4681087,city
qnwj,UP,76714,city
quepem,GA,14795,city
queula,GA,6852,city
quilandi,KL,71873,city
quilandy,KL,71873,city
quilon,KL,367107,city
quimoh,JK,13138,city
quthbullapur,TS,225816,city
qutubullapur,TS,225816,city
qwlqth,WB,4631392,city
qwrqan,HR,886519,city
qwth,RJ,1001694,city
qwzy,KL,633553,city
qwzyqwd,KL,550440,city
r s pora,JK,15197,city
ra e bareli,UP,186433,city
ra ebareli,UP,186433,city
ra ipura,CG,1027264,city
ra urakela,OD,273317,city
raaradha,MH,113759,city
raarangala,TS,704570,city
rabarly,UP,186433,city
rabartasana peta,KA,162230,city
rabartasanapeta,KA,162230,city
rabartsan pete,KA,162230,city
rabkavi,KA,73835,city
rabkavi banhatti,KA,77004,city
rabupura,UP,13949,city
raci,JH,1120374,city
radakara,KL,76493,city
radaur,HR,13690,city
radhakishorenagar,TR,13866,city
radhakishorepur,TR,9052,city
radhakund,UP,6420,city
radhanpur,GJ,39558,city
radodara,GJ,1822221,city
radzhamandri,AP,376333,city
radzhkot,GJ,1390640,city
radzhnandgaon,CG,163114,city
radzhpur sonarpur,WB,424368,city
radzkot,GJ,1390640,city
radzkotas,GJ,1390640,city
rae bareli,UP,186433,district
rae bareli district,UP,3405559,district
raebareli,UP,186433,district
raebareli district,UP,3405559,district
raebareri,UP,186433,city
rafiganj,BR,35536,city
raga,AR,0,city
raghogarh,MP,63873,city
raghudebbati,WB,12833,city
raghugarh,MP,63873,city
raghunandanpur,WB,8335,city
raghunathpur,BR,6355,city
raghunathpur,WB,22802,city
raha,AS,11030,city
rahanal,MH,10928,city
rahata,MH,22335,city
rahatgarh,MP,31537,city
rahimatpur,MH,17633,city
rahon,PB,15676,city
rahud,CG,6160,city
rahuri,MH,38813,city
raia,GA,10706,city
raichur,KA,234073,district
raichur district,KA,1928812,district
raigad,MH,2634200,district
raiganj,WB,170252,city
raigarh,CG,150019,district
raigarh,MH,2634200,district
raigarh district,CG,1493984,district
raigaru,CG,150019,city
raighar,CG,5936,city
raikot,PB,28734,city
rail,PB,7589,city
raipur,CG,1027264,district
raipur,RJ,17537,city
raipur,UK,27702,city
raipur district,CG,4063872,district
raipur domana,JK,20238,city
raipur rani,HR,9028,city
raipura,CG,1027264,city
raipuras,CG,1027264,city
raipuru,CG,1027264,city
rairangpur,OD,34929,city
raisen,MP,44162,district
raisinghnagar,RJ,29626,city
raiwala bara,UK,5198,city
raj bareli,UP,186433,city
raj nandga,CG,163114,city
raj nandgaon,CG,163114,district
raj pur khurd,DL,11161,city
raja pur khurd,DL,19312,city
raja ranapur,OD,10001,city
raja sansi,PB,14298,city
raja ula bajara,BR,55536,city
rajabhita,JH,8820,city
rajagangapur,OD,51362,city
rajagarha,RJ,59193,city
rajahmondry,AP,376333,city
rajahmundri,AP,376333,city
rajahmundry,AP,376333,city
rajakhera,RJ,33666,city
rajakheri,MP,24232,city
rajakilpakkam,TN,37906,city
rajaldesar,RJ,27419,city
rajamahendravaram,AP,376333,city
rajamahendri,AP,376333,city
rajamandri,AP,376333,city
rajampet,AP,54050,city
rajanandaganva,CG,1537133,district
rajanna sircilla,TS,546121,district
rajanna sirisilla,TS,546121,district
rajaori,JK,29486,city
rajapalaiyam,TN,130442,city
rajapalajam,TN,130442,city
rajapalayam,TN,130442,city
rajapur,MH,10718,city
rajapur,UP,13962,city
rajasingamangalam,TN,14565,city
rajasmand district,RJ,1156597,district
rajauli,BR,30170,city
rajauri,JK,642415,district
rajbareli,UP,186433,city
rajchur,KA,234073,district
rajgamar,CG,11544,city
rajgandzh,WB,170252,city
rajgangpur,OD,51362,city
rajgarh,CG,150019,city
rajgarh,MP,29726,district
rajgarh,RJ,59193,city
rajgarkh,CG,150019,district
rajgir,BR,41587,city
rajgurunagar,MH,25146,city
rajikotto,GJ,1390640,city
rajim,CG,14090,city
rajkot,GJ,1390640,district
rajmahal,JH,22514,city
rajnagar,MP,14253,city
rajnandgaon,CG,1537133,district
rajnandgaon district,CG,1537133,district
rajopatti urf kota bazar,BR,14631,city
rajouri,JK,642415,district
rajouri district,JK,642415,district
rajpipla,GJ,35392,city
rajpur,CG,1027264,district
rajpur,MP,20947,city
rajpur,WB,424368,city
rajpur sonarpur,WB,424368,city
rajpura,PB,92301,city
rajpuro,CG,1027264,city
rajsamand,RJ,67798,district
rajula,GJ,38489,city
rajur,MH,11934,city
rajura,MH,29668,city
rajwary,JK,642415,district
rajwry,JK,642415,district
rakh gadi garh,JK,7588,city
rakhabh dev,RJ,9171,city
rakholi,DH,8339,city
rakkiyapalaiyam,TN,18749,city
raksaul,BR,55536,city
raksaula,BR,55536,city
raksula bajara,BR,55536,city
rakunau,UP,2472011,city
ram das,PB,6398,city
ramaba i nagara jilla,UP,1796184,district
ramabai nagar,UP,1796184,district
ramabajnagar,UP,1796184,district
ramabay njar,UP,1796184,district
ramabayinagaramandalam,UP,1796184,district
ramachandrapuram,AP,43657,city
ramachandrapuran,TS,15381,city
ramachettipalaiyam,TN,17809,city
ramagarha,JH,0,district
ramagndm,TS,242979,city
ramagundam,TS,452261,city
ramagundam mandala,TS,242979,city
ramagundama,TS,242979,city
ramagwndam,TS,242979,city
ramakuntam,TS,242979,city
ramamangalam,KL,9999,city
raman,PB,22553,city
ramanagar,KA,1082636,district
ramanagara,KA,1082636,district
ramanagara district,KA,1082636,district
ramanagaram,KA,95167,city
ramanapeta,TS,10202,city
ramanatapuramu,TN,65314,city
ramanathapuram,TN,65314,district
ramanathapuram district,TN,1353445,district
ramanathapurama,TN,65314,city
ramanatkhapuram,TN,65314,city
ramanatkhapurama,TN,65314,city
ramanattukara,KL,35937,city
ramanayyapeta,AP,28369,city
ramanthapuram,TN,65314,city
ramanthapurama,TN,65314,city
ramanuj ganj,CG,11893,city
ramapura,UP,2335819,district
ramapuram,AP,31169,city
ramapuram,TN,52295,city
ramavarappadu,AP,22222,city
ramban,JK,7317,district
ramban district,JK,0,district
rambha,OD,12111,city
ramci,JH,1120374,city
ramdurg,KA,34800,city
rameswaram,AP,19483,city
rameswaram,TN,44856,city
ramganj mandi,RJ,41328,city
ramgarh,BR,8690,city
ramgarh,JH,88781,district
ramgarh,JK,5612,city
ramgarh,MP,8423,city
ramgarh,RJ,33024,city
ramgarh cantonment,JH,88781,city
ramgarh district,JH,0,district
ramgundam,TS,452261,city
ramjibanpur,WB,18318,city
ramkola,UP,13949,city
ramnad,TN,65314,district
ramnad district,TN,1353445,district
ramnagar,BR,48411,city
ramnagar,JK,8166,city
ramnagar,UK,51244,city
ramnagar,UP,44277,city
ramnagar,WB,5195,city
rampachodavaram,AP,25074,city
rampereli,UP,186433,city
rampur,HP,6206,city
rampur,MP,13638,city
rampur,OD,15379,city
rampur,UP,296418,district
rampur hat,WB,53468,city
rampura,HR,5954,city
rampura,MP,18495,city
rampura,PB,45639,city
rampura,UP,11347,city
rampura phul,PB,51023,city
ramrup,AS,1517542,district
ramsin,RJ,8376,city
ramtek,MH,23404,city
ranaghat,WB,70984,city
ranapur,MP,12371,city
ranavav,GJ,46018,city
ranchi,JH,1120374,district
ranchi district,JH,2914253,district
ranchy,JH,1120374,district
ranci,JH,1120374,district
ranci jilla,JH,1120374,city
rancis,JH,1120374,city
rancsi,JH,1120374,city
ranebennur,KA,106406,city
ranebennuru,KA,106406,city
raneebennur,KA,106406,city
ranga reddi,TS,5296741,district
ranga reddy,TS,5296741,district
rangapahar,AS,6673,city
rangapara,AS,18739,city
rangapuram,TN,5044,city
rangareddi,TS,5296741,district
rangareddy,TS,5296741,district
rangat,AN,38824,city
rangia,AS,27889,city
rangpo,SK,10450,city
rani,RJ,13880,city
rani khera,DL,16402,city
rania,HR,25123,city
ranibennur,KA,106406,city
ranigandzhe,WB,131261,city
raniganij,TS,217910,city
raniganj,TS,217910,city
raniganj,WB,131261,city
ranikhet,UK,19873,city
ranipet,TN,264330,district
ranipet district,TN,1210277,district
ranippettai,TN,264330,district
ranipur,UP,18820,city
ranir bazar,TR,13104,city
ranjangaon s,MH,42877,city
ranoli,GJ,11726,city
ranpur,GJ,16944,city
ranshy,JH,1120374,district
rapar,GJ,28407,city
rapartcanpettai,KA,162230,city
rarittopuru,UP,126475,city
rasapudipalem,AP,1728128,city
rasaul,BR,55536,city
rasikpur,JH,8320,city
rasipur,TN,50244,city
rasipuram,TN,50244,city
raspari palao,AP,1728128,city
rasra,UP,31876,city
rasulabad,UP,7800,city
rata,UP,61728,city
ratangarh,MP,7994,city
ratangarh,RJ,71124,city
ratannagar,RJ,12841,city
ratanpur,CG,24636,city
rath,UP,61728,city
rathankot,PB,174306,city
rathian,JK,6365,city
ratia,HR,37152,city
ratlam,MP,264914,district
ratnagiri,MH,76229,district
ratnagiri district,MH,1615069,district
ratnagiri jila,MH,1615069,district
ratnagiri jilla,MH,1615069,district
ratnagiri jillo,MH,1615069,district
ratnagirimandalam,MH,1615069,district
ratnu chak,JK,5228,city
ratouru,MH,382940,city
ratu,JH,22379,city
raurkela industrial tounship,OD,216410,city
raurkela industrial township,OD,216410,city
raurkella,OD,273317,city
raval,GJ,19777,city
ravapara,GJ,12206,city
raver,MH,27039,city
ravu,MP,36055,city
ravurkela,OD,273317,city
rawan,CG,5100,city
rawatbhata,RJ,37699,city
rawatsar,RJ,35102,city
raxaul,BR,55536,city
raxaul bazar,BR,55536,city
ray bryly,UP,186433,city
ray pwr,CG,1027264,city
raya,PB,14506,city
raya,UP,20008,city
raya bereli,UP,186433,city
rayabareli,UP,186433,district
rayabareli zila,UP,3405559,district
rayabereli,UP,186433,city
rayachoti,AP,91234,city
rayacuda jilla,KA,1928812,district
rayacura jil ha,KA,1928812,district
rayacura jila,KA,1928812,district
rayacura jillo,KA,1928812,district
rayacuru jilla,KA,1928812,district
rayacuru jille,KA,1928812,district
rayacurumandalam,KA,1928812,district
rayadrug,AP,61749,city
rayadurg,AP,61749,city
rayagada,MH,2634200,district
rayagada,OD,71208,district
rayagadh,CG,1493984,district
rayagadha,CG,150019,city
rayagadha jil ha,CG,1493984,district
rayagadha jila,CG,1493984,district
rayagadha jilla,CG,1493984,district
rayagadha jillo,CG,1493984,district
rayagadhamandalam,CG,1493984,district
rayagara,CG,150019,city
rayagarha,CG,150019,district
rayaghar,CG,150019,city
rayagiri,TN,11223,city
rayapura,CG,1027264,district
rayapura jil ha,CG,4063872,district
rayapura jila,CG,4063872,district
rayapura jilla,CG,4063872,district
rayapura jillo,CG,4063872,district
rayapuramandalam,CG,4063872,district
raybag,KA,18736,city
raybareli,UP,186433,city
raybwr,CG,1027264,city
rayccur mavattam,KA,1928812,district
raygadh,CG,150019,city
rayganj,WB,170252,city
rayh brly,UP,186433,city
rayjarh,CG,150019,city
raykar,CG,150019,city
raykar mavattam,CG,1493984,district
rayppur,CG,1027264,city
rayppur mavattam,CG,4063872,district
raypur,CG,1027264,city
razam,AP,42197,city
razampeta,AP,54050,city
razole,AP,14204,city
rdorje gling,WB,123797,city
reasi,JK,0,district
reddipalaiyam,TN,29511,city
reengus,RJ,26139,city
rees,MH,8632,city
reethapuram,TN,21177,city
rehambal,JK,7351,city
rehli,MP,30329,city
rehti,MP,11611,city
reis magos,GA,8053,city
rekurti,TS,7626,city
reliance complex,GJ,12796,city
religara,JH,8239,city
remuna,OD,33378,city
rengali,OD,10867,city
rengte,AS,10554,city
renibennur,KA,106406,city
renigunta,AP,26031,city
renukoot,UP,62413,city
renukut,UP,62413,city
renwal,RJ,29201,city
reodhar,RJ,8117,city
reoti,UP,23819,city
repalle,AP,50866,city
repalle mandala,AP,50866,city
repareli,UP,186433,city
rerma,JH,12497,city
resubelpara,ML,19595,city
reva,MP,235654,city
reva sahara,MP,235654,city
revadanda,MH,10416,city
revari,HR,143021,city
revelganj,BR,39039,city
rewa,MP,235654,district
rewah,MP,235654,city
rewari,HR,143021,district
rewari district,HR,900332,district
rh bhoi district,ML,258840,district
rhenok,SK,5883,city
ri bhoi,ML,258840,district
riasi,JK,8101,city
ribhoi,ML,258840,district
richha,UP,19459,city
rijokri,DL,19148,city
rikhikesh,UK,66390,city
ripalle,AP,50866,city
risama,MH,6925,city
rishikesh,UK,66390,city
rishra,WB,117014,city
risod,MH,34136,city
riva,MP,235654,city
riwa,MP,235654,city
robartasanapeta,KA,162230,city
roberconpet,KA,162230,city
robertsganj,UP,37855,city
robertson pet,KA,162230,city
robertsonpet,KA,162230,city
roha,GJ,8664,city
roha,MH,90000,city
roha kolaba,MH,90000,city
rohataka,HR,374292,city
rohatasa,BR,2959918,district
rohe,MH,90000,city
rohini,DL,860000,city
rohru,HP,8160,city
rohtak,HR,374292,district
rohtak district,HR,1061204,district
rohtas,BR,2959918,district
rohtas district,BR,2959918,district
roing,AR,11389,city
rokhini,DL,860000,city
rokhtak,HR,374292,city
roorkee,UK,103894,city
ropada,PB,684627,district
ropar,PB,56038,district
roraki,UK,103894,city
rorke,UK,103894,city
rosera,BR,31155,city
rosera,MP,6770,city
roshanpura,DL,57217,city
roukela,OD,273317,city
rourella,OD,273317,city
rourkela,OD,273317,city
rourkera,OD,273317,city
rourki,UK,103894,city
rraki,UK,103894,city
rtnagry,MH,76229,city
rudaki,UK,103894,city
rudarpur,UP,30873,city
rudiana,PB,1618879,city
rudiyana,PB,1618879,city
rudra prayag,UK,242285,district
rudraprayag,UK,242285,district
rudrapur,UK,154554,city
rudrapura,UK,154554,city
rudrapuram,UK,154554,city
rudravati,TN,6807,city
rupahi town,AS,8052,city
rupanagara,PB,684627,district
rupanagaram,PB,684627,district
rupar,PB,56038,district
rupnagar,PB,56038,district
rupnagar district,PB,684627,district
rur khi,UK,103894,city
rura,UP,15908,city
rurakela,OD,273317,city
ruraki,UK,103894,city
rurka kalan,PB,7467,city
rurke,UK,103894,city
rurkela,OD,273317,city
rurki,PB,10509,city
rurki,UK,103894,city
rurkki,UK,103894,city
ruruki,UK,103894,city
rusera,BR,28781,city
rutnagherry,MH,76229,city
rwdarpwr,UK,154554,city
rwhtak,HR,374292,city
rwpngr,PB,684627,district
rwrkla,OD,273317,city
rwrky,UK,103894,city
rwrqy,UK,103894,city
rwtk,HR,374292,city
rywa,MP,235654,city
s a s nagar,PB,166864,district
s rayavaram,AP,6568,city
sa oya i madhopura,RJ,121106,city
sabalgarh,MP,40333,city
sabar kantha,GJ,2428589,district
sabarkantha,GJ,2428589,district
sabathu,HP,6691,city
sabaur,BR,12575,city
sabroom,TR,7142,city
sachin,GJ,28102,city
sadabad,UP,36093,city
sadalgi,KA,23790,city
sadasivpet,TS,47920,city
sadat,UP,11211,city
sadatpur gujran,DL,97641,city
sadhaura,HR,14818,city
sadpalli,TS,31857,city
sadri,RJ,27390,city
sadulgarh,RJ,155687,city
sadulpur,RJ,59193,city
sadulshahar,RJ,24980,city
safapur,JK,10471,city
safidon,HR,34728,city
safipur,UP,24801,city
sagar,KA,54550,city
sagar,MP,274556,district
sagara,MP,274556,city
sagauli,BR,38815,city
sagwara,RJ,29439,city
saha,HR,8100,city
sahadola,MP,89289,city
sahajahampura,UP,3006538,district
sahaleusa,BR,156540,city
sahapur,WB,7883,city
saharanapura,UP,3466382,district
saharanpur,UP,484873,district
saharanpur district,UP,3466382,district
saharasa,BR,156540,district
saharola,MP,89289,city
saharsa,BR,156540,district
saharusa,BR,156540,city
sahaspur,UP,24452,city
sahaswan,UP,60953,city
sahawar,UP,22201,city
sahdol,MP,89289,district
sahdzahanabad,DL,11034555,city
sahebaganja,JH,1150567,district
sahebganj,JH,1150567,district
sahibabad daulotpur,DL,54773,city
sahibganj,BR,23224,city
sahibganj,JH,95890,district
sahibzada ajit singh nagar,PB,994628,district
sahibzada ajit singh nagar district,PB,994628,district
sahnidih,JH,6777,city
saidabad,DL,10168,city
saidapur,KA,5432,city
saidpur,UP,22904,city
saidpura,BR,7392,city
saiha,MZ,25110,district
saiha district,MZ,0,district
saij,GJ,13882,city
sailana,MP,11989,city
saint thomas mount,TN,43795,city
sainthia,WB,43221,city
sairang,MZ,5950,city
saitlaw,MZ,11043,city
saitual,MZ,11619,district
saiyad ul ajaib,DL,17914,city
saja,CG,5257,city
sajipanadu,KA,5847,city
sakharanpur,UP,484873,city
sakharkherda,MH,14719,city
sakharsa,BR,156540,city
sakit,UP,7811,city
sakkimangalam,TN,10854,city
sakleshpur,KA,24931,city
saknepalli,TS,32385,city
sakoli,MH,14636,city
sakri,CG,12861,city
sakri,MH,21764,city
saktasanala,GJ,5786,city
sakti,CG,21955,district
salamba,HR,5727,city
salamedu,TN,20854,city
salangaippalaiyam,TN,15609,city
salaya,GJ,33246,city
salem,TN,917414,district
salem district,TN,3482056,district
salema,TN,917414,city
salema jila,TN,3482056,district
saligao,GA,6280,city
saligram,KA,15123,city
sallem,TN,917414,city
salm,TN,917414,city
salon,UP,14312,city
salpara molandubi pt i,AS,11709,city
salumbar,RJ,16557,city
salur,AP,50206,city
saluru,AP,50206,city
salvador do mundo,GA,6373,city
salvav,GJ,5486,city
samalapuram,TN,20691,city
samalka,DL,17076,city
samalkha,HR,39710,city
samalkot,AP,56864,city
samana,PB,54072,city
samangaon,MH,5156,city
samarvarni,DH,12553,city
samastipur,BR,67925,district
samastipura,BR,4261566,district
samattur,TN,5762,city
samayanallur,TN,9227,city
samayapuram,TN,5502,city
samba,JK,26893,district
samba district,JK,0,district
sambal,UP,196109,city
sambalapura,OD,189366,city
sambalpore,OD,189366,city
sambalpuleu,OD,189366,city
sambalpur,OD,189366,district
sambalpur district,OD,1041099,district
sambhal,UP,196109,district
sambhal district,UP,0,district
sambhala,UP,196109,city
sambhar,RJ,22828,city
sambre,KA,13159,city
samburvadakara,TN,16709,city
samdari,RJ,17915,city
sampla,HR,20563,city
samrai,PB,5408,city
samrala,PB,19678,city
samsikapuram,TN,14601,city
samthar,UP,21582,city
samurou,MN,16582,city
sanand,GJ,95890,city
sanaswadi,MH,13543,city
sanaur,PB,21201,city
sanawad,MP,38740,city
sanbarupuru,OD,189366,city
sanchi,MP,8401,city
sanchor,RJ,32875,city
sancoale,GA,21923,city
sandi,UP,25008,city
sandila,UP,53182,city
sandur,KA,37431,city
sanehwal,PB,22484,city
sang ganeleu,MH,67309,city
sangali,MH,0,district
sangamanera,MH,67309,city
sangamanera taluka,MH,67309,city
sangamner,MH,67309,city
sangamnor,MH,67309,city
sangamuna,MH,67309,city
sanganner,MH,67309,city
sangareddi,TS,72344,district
sangareddipet,TS,72344,city
sangareddy,TS,0,district
sangareddy district,TS,0,district
sangareddypeta,TS,72344,city
sangaria,RJ,38638,city
sangla,MH,601214,city
sangli,MH,601214,district
sangmeshwar,MH,10815,city
sangod,RJ,21846,city
sangola,MH,34321,city
sangramnagar,MH,6499,city
sangrampur,JH,6184,city
sangrur,PB,88615,district
sangrur district,PB,1655169,district
sanguem,GA,6444,city
sangvi,MP,5383,city
sanivarapupeta,AP,8142,city
sanjali,GJ,5344,city
sanjan,GJ,15544,city
sanjeli,GJ,7448,city
sankagiri,TN,29467,city
sankaramanallur,TN,10283,city
sankaranainer koil,TN,57277,city
sankaranayinarkovil,TN,57277,city
sankaranayinarkovyil,TN,57277,city
sankarankovil,TN,57277,city
sankarapatti,TN,26536,city
sankaraperi,TN,19844,city
sankarnagar,TN,7095,city
sankeshwar,KA,34637,city
sankheda,GJ,12077,city
sankrail,WB,27523,city
sanquelim,GA,13651,city
sanrha,BR,11362,city
sanri,JH,6186,city
sansari,MH,5780,city
sant kabeer nagar,UP,0,district
sant kabir nagar,UP,0,district
sant kabir nagar district,UP,0,district
sant kbyr njr,UP,0,district
santa kabira nagara jil ha,UP,0,district
santa kabira nagara jila,UP,0,district
santa kabira nagara jilla,UP,0,district
santa kabira nagara jillo,UP,0,district
santakabiranagaramandalam,UP,0,district
santha kabira nagara jilla,UP,0,district
santipur,WB,149983,city
santirbazar,TR,11921,city
santkabirnagar,UP,0,district
santokhgarh,HP,9363,city
santpur,RJ,9186,city
santrampur,GJ,19465,city
sanuru,KA,6881,city
sanvordem,GA,5103,city
sanwer,MP,16150,city
sao jose de areal,GA,10229,city
saoner,MH,32498,city
saori,MH,8770,city
sapatgram,AS,12163,city
sapotra,RJ,6716,city
saraa i madhupura,RJ,121106,city
saragaon,CG,7216,city
saraguja,CG,2359886,district
saraguja jela,CG,2359886,district
saraguja jila,CG,2359886,district
saraguja jilla,CG,2359886,district
saraguja jillo,CG,2359886,district
saragujamandalam,CG,2359886,district
sarai akil,UP,17443,city
sarai ekdil,UP,10594,city
sarai khas,PB,7044,city
sarai mir,UP,17849,city
saraikela,JH,14252,district
saraikela kharsawan,JH,1065056,district
saraipali,CG,20043,city
saraiya,BR,8260,city
saram,JH,15212,city
saran,BR,3951862,district
saran district,BR,3951862,district
sarana,BR,3951862,district
saranga,OD,6426,city
sarangarh,CG,14954,city
sarangarh bilaigarh,CG,607434,district
sarangpore,GJ,16671,city
sarangpur,MP,37435,city
sarapaka,TS,22149,city
sarauli,UP,20923,city
saravli,MH,10397,city
sarayakela kharasavam,JH,1065056,district
sarbhog,AS,8112,city
sardarpur,MP,7293,city
sardarshahr,RJ,95911,city
sardhana,UP,49857,city
sardulgarh,PB,19219,city
sargaon,CG,7484,city
sargur,KA,11425,city
saria,CG,6927,city
sarigam ina,GJ,19903,city
sarila,UP,8012,city
sarimpur,BR,8020,city
sarjamda,JH,23788,city
sarjapur,KA,11807,city
sarkar periyapalaiyam,TN,5986,city
sarkhej,GJ,30341,city
sarna,PB,5847,city
sarni,MP,86141,city
sarpara,AS,6529,city
sarthebari,AS,6913,city
sarupathar,AS,9931,city
sarupathar bengali,AS,8752,city
sarwar,RJ,20372,city
sas nagar district,PB,994628,district
sasaram,BR,147408,city
sasni,UP,13498,city
sasvad,MH,31821,city
satai,MP,10592,city
satalkheri,RJ,15617,city
satana,MH,37701,city
satara,MH,120195,district
satara district,MH,3003741,district
satara division,MH,3003741,district
sater,MP,6540,city
satgawan,JH,11811,city
satghara,BR,8060,city
sathamba,GJ,7213,city
sathankulam,TN,14193,city
sathupalli,TS,40000,city
sathyamangalam,TN,37816,city
satiawala,PB,8724,city
satlapur,MP,14755,city
satna,MP,282977,district
satol,MP,89289,city
satrampadu,AP,6393,city
satraud kalan,HR,11932,city
satraud khurd,HR,5568,city
satrikh,UP,11023,city
satrod khas,HR,10932,city
sattenapalle,AP,56721,city
sattiyavijayanagaram,TN,5894,city
sattur,TN,31856,city
satwas,MP,14108,city
satyamangala,KA,18002,city
saugor,MP,274556,district
saunda,JH,81915,city
saundatti,KA,41215,city
saurikh,UP,12055,city
sausar,MP,27459,city
sava i madhopura,RJ,121106,city
sava i madhopuram,RJ,121106,city
sava imadhopura,RJ,121106,city
savai madhopur,RJ,121106,city
savaj madkhopur,RJ,121106,city
savan,BR,135066,city
savantvadi,MH,23851,city
savanur,KA,40567,city
savarkundla,GJ,78354,city
savay madhopur,RJ,121106,city
savda,MH,20584,city
savgadh,GJ,13841,city
savli,GJ,18467,city
sawa,RJ,11923,city
sawa i madhopura,RJ,121106,city
sawai madeuhopuleu,RJ,121106,city
sawai madhopur,RJ,121106,district
sawar,RJ,20000,city
sawyerpuram,TN,12792,city
sayadpur,OD,8798,city
sayalgudi,TN,14801,city
sayan,GJ,15324,city
sayla,GJ,15376,city
se opura,MP,71951,city
sealdah,WB,4631392,city
secunderabad,TS,217910,city
sedaikavundanur,TN,7823,city
sedam,KA,39341,city
seer hamdan,JK,8233,city
seethanagaram,AP,7816,city
segamo,MH,59672,city
seganva,MH,59672,city
seho,MP,109118,city
sehor,MP,109118,city
sehore,MP,109118,district
sekhapura,BR,636342,district
sekhor,MP,109118,city
sekkandrabad,TS,204182,city
sekundarabada,TS,204182,city
sekundelabadeu,TS,204182,city
sekunderabad,TS,204182,city
selam,TN,917414,city
selam jilla,TN,3482056,district
selama,TN,917414,city
selama jil ha,TN,3482056,district
selama jillo,TN,3482056,district
selamba,GJ,6717,city
selammandalam,TN,3482056,district
selattanpatti,TN,6659,city
selu,MH,46915,city
selvasa,DH,98265,city
semarwara,RJ,6891,city
sembedu,TN,12548,city
sembianallur,TN,7586,city
semmipalaiyam,TN,8429,city
senapati,MN,479148,district
senapparetti,TN,22447,city
sendamangalam,TN,19750,city
sendarappatti,TN,14308,city
sendeuhwa,MP,56485,city
sendhava,MP,56485,city
sendhawa,MP,56485,city
sendhva,MP,56485,city
sendhwa,MP,56485,city
sendkhva,MP,56485,city
sendouwa,MP,56485,city
sendu oya,MP,56485,city
senduraa,MP,56485,city
sendva,MP,56485,city
sengmai,MN,5065,city
senthava,MP,56485,city
senur,TN,9078,city
seohara,UP,46546,city
seondha,MP,23140,city
seoni,MP,102343,district
seoni chhapara,MP,15371,city
seoni malwa,MP,30100,city
seorinarayan,CG,9707,city
seota,JH,6554,city
sepahijala,TR,0,district
seppa,AR,18350,city
serachipa jila,MZ,64937,district
serachipa jilla,MZ,64937,district
serachipa jillo,MZ,64937,district
serachipa zila,MZ,64937,district
seraikela kharsawan,JH,1065056,district
seraikella district,JH,1065056,district
serampore,WB,226317,city
serampur,WB,226317,city
seramu,TN,917414,city
seramu xian,TN,3482056,district
serapura,MP,71951,city
serasipamandalam,MZ,64937,district
serchhip,MZ,21158,district
serchhip district,MZ,64937,district
serchip,MZ,64937,district
serchkhip,MZ,64937,district
serilingampalle,TS,150525,city
serilingampally,TS,150525,city
serula,GA,12908,city
sethiyathope,TN,8824,city
settithangal,TN,7780,city
settiyarpatti,TN,17520,city
settur,TN,20228,city
seulikakullam,AP,137944,city
seulinagaleu,JK,1206419,city
severnyj dinadzhpur,WB,3007134,district
severnyj lakkhimpur,AS,59841,city
severo vostochnyj deli,DL,2241624,district
severo zapadnyj deli,DL,3656539,district
sevilimedu,TN,23454,city
sevugampatti,TN,11730,city
sevur,TN,11356,city
sewai,JH,7874,city
shadipur julana,HR,18755,city
shafi pur ranhola,DL,31944,city
shahabad,BR,261430,city
shahabad,HR,42607,city
shahabad,KA,52952,city
shahabad,UP,73606,city
shahabad deccan,KA,52952,city
shahada,MH,61376,city
shahapur,MH,11623,city
shahbazpur,BR,38000,city
shahdara,DL,0,district
shahdara district,DL,0,district
shahdol,MP,89289,district
shahganj,UP,26510,city
shahgarh,MP,16300,city
shahi,UP,16064,city
shahid bhagat singh nagar,PB,612310,district
shahid bhagat singh nagar district,PB,612310,district
shahjahanpur,RJ,9837,city
shahjahanpur,UP,320434,district
shahjahanpur district,UP,3006538,district
shahjanpur,UP,320434,city
shahkot,PB,14488,city
shahmirpet,TS,0,city
shahpur,BR,17767,city
shahpur,GJ,12867,city
shahpur,JH,13513,city
shahpur,KA,53366,city
shahpur,MP,19719,city
shahpur,UP,18874,city
shahpura,MP,13601,city
shahpura,RJ,33895,city
shahuwadi,MH,180322,city
shaikhpura,BR,62927,city
shajahanpur,UP,3006538,district
shajapur,MP,69263,district
shajapur district,MP,1512681,district
shakhdzhakhanpur,UP,320434,city
shakhpura,KA,53366,city
shakhuuadi,MH,180322,city
shaktinagar,GJ,13463,city
shaktinagar,KA,17088,city
shamgarh,MP,24637,city
shamli,UP,97966,district
shamli district,UP,0,district
shamnagar,WB,441956,city
shamnagore,WB,441956,city
shamsabad,MP,11329,city
shamsabad,UP,31009,city
shamshabad,TS,32583,city
shamshi,HP,8870,city
shamwly,UK,391605,district
shanderunagoru,WB,180623,city
shandrabwr,MH,328351,city
shangus,JK,7875,city
shankar,PB,5639,city
shankargarh,UP,14137,city
shankrampet,TS,6227,city
shantipur,WB,149983,city
sharsa,BR,156540,city
shegaon,MH,59672,city
shehera,GJ,19175,city
sheikhpura,BR,62927,district
sheikhpura district,BR,636342,district
shekhpura,BR,10204,city
shelar,MH,14899,city
shella,ML,54039,city
shendurjana,MH,21748,city
shenkottai,TN,26823,city
sheoganj,RJ,28053,city
sheohar,BR,28116,district
sheohar district,BR,656246,district
sheopur,MP,71951,district
sheopur kalan,MP,71951,city
sheopuru,MP,71951,city
sheragada,OD,6653,city
shergarh,UP,14076,city
sherghati,BR,40666,city
sherkot,UP,57361,city
sherpura,GJ,5748,city
shertallai,KL,45474,city
shhrstan almwra,UK,622506,district
shhrstan amrly,GJ,1514190,district
shhrstan kwrnwwl,AP,4053463,district
shi yomi,AR,13310,district
shidoragatta,KA,51159,city
shiggaon,KA,28207,city
shihor,GJ,54547,city
shikandarabado,TS,204182,city
shikaripura,KA,36015,city
shikarpur,UP,34649,city
shikohabad,UP,99678,city
shiliguri,WB,515574,city
shillong,ML,143229,city
shilong,ML,143229,city
shilongi,ML,143229,city
shimla,HP,173503,district
shimla district,HP,814010,district
shimoga,KA,322650,district
shimoga district,KA,1752753,district
shimogga,KA,322650,city
shimura,HP,173503,city
shinaru,MH,65299,city
shinkli,KL,60190,city
shiraguppi,MH,25000,city
shiravagilu,KL,7630,city
shirdi,MH,36004,city
shirgaon,MH,5971,city
shirhatti,KA,17610,city
shiriya,KL,5277,city
shiroddo,MH,58230,city
shiron,ML,143229,city
shirpur,MH,76905,city
shirpure,MH,76905,city
shirud,MH,8455,city
shirupuru,MH,76905,city
shirwal,MH,12703,city
shishgarh,UP,23471,city
shitab diara,BR,11800,city
shivadzhi nagar,MH,1000000,city
shivaji nagar,MH,1000000,city
shivakasi,TN,234704,city
shivamogga,KA,322650,district
shivamoggi,KA,322650,city
shivatkar,MH,11228,city
shivnandanpur,CG,6567,city
shivpur charcha,CG,23514,city
shivpuri,MP,179977,district
shivpuri district,MP,1726050,district
shivrajpur,GJ,6705,city
shjamnagar,WB,441956,city
shmal ghrb dlhy,DL,3656539,district
shmal shrq dlhy,DL,2241624,district
sholapur,MH,997281,district
sholapur district,MH,4317756,district
sholavandan,TN,22578,city
sholinganallur,TN,35602,city
sholinghur,TN,30856,city
sholur,TN,9745,city
shopian,JK,16360,district
shopian district,JK,0,district
shopian hil,JK,0,district
shoranur,KL,43533,city
shorapur,KA,51398,city
shoratur,KA,51398,city
shravasti,UP,1117361,district
shrawasti,UP,1117361,district
shri dungargarh,RJ,53294,city
shri muktsar sakhib,PB,116747,city
shrigonda,MH,31134,city
shrikakulam,AP,137944,city
shrinagar,JK,1206419,city
shrirampur,MH,89282,city
shrirampur,WB,226317,city
shrirangapattana,KA,25061,city
shrivardhan,MH,15123,city
shrpwr,MH,76905,city
shuganu,MN,5132,city
shujalpur,MP,51225,city
shupiyan,JK,0,district
shurinagaru,JK,1206419,city
shwbyan,JK,0,district
shwr,MP,109118,city
shyamnagar,WB,441956,city
shylang,ML,143229,city
shylwngh,ML,143229,city
shymla,HP,173503,city
shymwga,KA,322650,city
shytwr,AP,160722,city
shytwrgharh,RJ,116406,city
shytwrjarh,RJ,116406,city
shywamwga,KA,322650,city
shywpwr,MP,71951,city
si upura,MP,71951,city
sialgudri,JH,5450,city
siang,AR,0,district
siang district,AR,0,district
siat,RJ,12472,city
sibakasi,TN,234704,city
sibapuri,MP,179977,city
sibsagar,AS,126736,district
sibsagar district,AS,1151050,district
sibsagor naga bhumi,AS,62104,city
sidalaghata,KA,51159,city
sidalaghatta,KA,51159,city
siddapur,KA,14769,city
siddhapur,GJ,61867,city
siddharth nagar,UP,2559297,district
siddharth nagar district,UP,2559297,district
siddharthnagar,UP,2559297,district
siddharthnagar district,UP,2559297,district
siddipet,TS,66737,district
siddipeta,TS,66737,district
sideullahata,KA,51159,city
sidhauli,UP,22193,city
sidhi,MP,54331,district
sidhpur,GJ,61867,city
sidhpura,UP,14815,city
sidi,MP,54331,city
sidkhi,MP,54331,city
sidlaghat,KA,51159,city
sidlaghatta,KA,51159,city
sidlagkhatta,KA,51159,city
sidsar,GJ,11795,city
sihara,GJ,54547,city
sihasa,MP,5050,city
sihor,GJ,54547,city
sihora,GJ,54547,city
sihora,MP,109118,district
sijua,JH,31537,city
sikandarabad,UP,73379,city
sikandarabada,TS,204182,city
sikandarpur,HR,8894,city
sikandarpur,UP,24177,city
sikandra,UP,12289,city
sikandra rao,UP,42229,city
sikandrabad,UP,73379,city
sikar,RJ,244497,district
sikar district,RJ,2677333,district
sikara,RJ,2677333,district
sikhera,UP,5024,city
sikhong sekmai,MN,7390,city
sikindrabad,TS,204182,city
sikka,GJ,28814,city
sikkarayapuram,TN,10187,city
silabas sa,DH,98265,city
silabhasa,DH,98265,city
silacara,AS,178865,city
silacara nagaram,AS,178865,city
silaiman,TN,6436,city
silam,ML,143229,city
silamga,ML,143229,city
silanga,ML,143229,city
silao,BR,25674,city
silapathar,AS,25662,city
silappadi,TN,17824,city
silavasa,DH,98265,city
silbasa,DH,98265,city
silchar,AS,178865,city
silchar part x,AS,6313,city
silewara,MH,7290,city
silguri,WB,515574,city
siligun,WB,515574,city
siliguri,WB,515574,city
sillang,ML,143229,city
silleann,ML,143229,city
sillod,MH,58230,city
silloda,MH,58230,city
sillodeu,MH,58230,city
sillong,ML,143229,city
sillora,MH,58230,city
silod,MH,58230,city
siloda,MH,58230,city
silonga,ML,143229,city
silongas,ML,143229,city
siltara,CG,10721,city
silvani,MP,18623,city
silvasa,DH,98265,city
silvassa,DH,98265,city
simadega,JH,599578,district
simala,HP,173503,city
simala jila,HP,814010,district
simala jilla,HP,814010,district
simala jillo,HP,814010,district
simala zila,HP,814010,district
simalamandalam,HP,814010,district
simaluguri,AS,8286,city
simaria,MP,14045,city
simdega,JH,42944,district
simeaga,KA,322650,city
simga,CG,16027,city
simhapuri,AP,547621,city
simla,HP,173503,district
simla district,HP,814010,district
simoga,KA,322650,city
sindgi,KA,37226,city
sindhnur,KA,75837,city
sindhudurg,MH,849651,district
sindhudurg district,MH,849651,district
sindhudurg jilla,MH,849651,district
sindhudurga,MH,849651,district
sindhudurga jil ha,MH,849651,district
sindhudurga jila,MH,849651,district
sindhudurga jilla,MH,849651,district
sindhudurga jillo,MH,849651,district
sindhudurgamandalam,MH,849651,district
sindi,MH,20956,city
sindkhed raja,MH,16434,city
sindkhudurg,MH,849651,district
sinduria,JH,5262,city
sindwara,MP,175052,city
singampunari,TN,18143,city
singanallur,TN,31239,city
singanuram,TS,20061,city
singapperumalkovil,TN,13566,city
singapur,TS,24457,city
singara uli,MP,220257,city
singarauli,MP,220257,city
singarayakonda,AP,19400,city
singarva,GJ,12547,city
singhana,RJ,11372,city
singhesar asthan,BR,5298,city
singoli,MP,9523,city
singrauli,MP,220257,district
singtam,SK,6133,city
singur,WB,19402,city
sinhapuri,AP,547621,city
sini,JH,6382,city
sinla,HP,173503,city
sinnaleu,MH,65299,city
sinnar,MH,65299,city
sinnara,MH,65299,city
sinor,GJ,11267,city
sinra uli,MP,220257,city
sipahijala,TR,0,district
sipuleu,MP,71951,city
sir muttra,RJ,17988,city
sira,KA,57928,city
siralkoppa,KA,16864,city
sirappalli,TN,12403,city
sirapura,MH,76905,city
sirasa,HR,182534,district
sirasi,KA,62882,city
siraspur,DL,30445,city
sirathu,UP,13598,city
sirgitti,CG,18428,city
sirgora,MP,7430,city
sirhind,PB,60847,city
sirinagara,JK,1206419,city
sirisilla,TS,83186,city
sirka,JH,19871,city
sirkazhi,TN,34927,city
sirmaur,HP,529855,district
sirmaur,MP,11878,city
sirmoor,HP,529855,district
sirmur,HP,529855,district
sirohi,RJ,39229,district
sirohi district,RJ,1036346,district
sironcha,MH,7427,city
sironj,MP,52460,city
sirpur,MH,76905,city
sirpur,TS,10116,city
sirpura,MH,76905,city
sirsa,HR,182534,district
sirsa,UP,12608,city
sirsaganj,UP,29034,city
sirsi,KA,62882,city
sirsi,UP,22549,city
sirsia,JH,7181,city
sirsilla,TS,83186,city
sirugamani,TN,10743,city
siruguppa,KA,52492,city
sirukalathur,TN,6117,city
sirukkaveripakkam,TN,8032,city
sirumugai,TN,20066,city
sirur,MH,37111,city
siry nagar,JK,1206419,district
sisauli,HR,22479,city
sisauli,UP,15837,city
siswa bazar,UP,19939,city
sitamadhi,BR,3423574,district
sitamarhi,BR,67818,district
sitamarhi district,BR,3423574,district
sitamau,MP,14056,city
sitapur,CG,9361,city
sitapur,UP,164435,district
sitapur district,UP,4483992,district
sitapura,UP,4483992,district
sitarganj,UK,24225,city
sithurajapuram,TN,16860,city
siuliban,JH,24202,city
siuri,WB,64659,city
sivaganga,TN,42785,district
sivaganga jila,TN,1339101,district
sivagangai,TN,1339101,district
sivagiri,TN,23040,city
sivagirippatti,TN,17306,city
sivahara,BR,656246,district
sivakasi,TN,234704,city
sivamogga,KA,322650,city
sivan,BR,135066,city
sivana,BR,3330464,district
sivandipuram,TN,14281,city
sivapuri,MP,179977,city
sivar,MH,6047,city
sivasagar,AS,1151050,district
sivni,MH,13699,city
sivunipalli,TS,6242,city
siwan,BR,135066,district
siwan district,BR,3330464,district
siwana,RJ,22067,city
siwani,HR,19143,city
siyopur,MP,71951,city
siyopura,MP,71951,city
skndr abad,TS,204182,city
smblpwr,OD,189366,city
snar,MH,65299,city
sndhwa,MP,56485,city
sngamnr,MH,67309,city
sngm nyr,MH,67309,city
sngrawly,MP,220257,city
soalkuchi,AS,13917,city
soanpeta,TS,6820,city
sogam,JK,10166,city
sohagi,MP,9009,city
sohagpur,MP,25040,city
sohana,PB,9306,city
sohela,OD,6917,city
sohna,HR,36552,city
sojat,RJ,43023,city
sojbug,JK,104000,city
sojitra,GJ,19403,city
solan,HP,40283,district
solap,WB,13751,city
solapur,MH,997281,district
solapur district,MH,4317756,district
solapura,MH,997281,district
solapura jil ha,MH,4317756,district
solapura jila,MH,4317756,district
solapura jilla,MH,4317756,district
solapura jillo,MH,4317756,district
solapuramandalam,MH,4317756,district
solim,GA,10936,city
sollapura,MH,997281,city
solsumba,GJ,18796,city
somampalaiyam,TN,14787,city
somandepalle,AP,18895,city
someshvara,KA,24066,city
someshwar,KA,22137,city
sompeta,AP,18778,city
somvarpet,KA,7227,city
sonamukhi,WB,28334,city
sonamura,TR,11285,city
sonapur district,OD,0,district
sonari,AS,19810,city
sonarpur,WB,424368,city
sonarpur rajpur,WB,424368,city
sonbhadra,UP,0,district
sonegaon,MH,12614,city
sonepat,HR,289333,district
sonepat punjab,HR,289333,city
sonepur,BR,37776,city
sonepur,OD,20770,district
sonepur district,OD,0,district
songadh,GJ,26515,city
sonipat,HR,289333,district
sonipat district,HR,1450001,district
sonitpur,AS,1924110,district
sonkach,MP,16545,city
sonpet,MH,15765,city
sopor,JK,71292,city
sopore,JK,71292,city
sopur,JK,71292,city
sorab,KA,11332,city
sorada,OD,15117,city
sorala,OD,8258,city
sorapuru,MH,997281,city
sorbhog,AS,7614,city
soreng,SK,64760,district
soro,OD,32531,city
soron,UP,28683,city
south,DL,2731929,district
south andaman,AN,238142,district
south andaman district,AN,238142,district
south andamans,AN,238142,district
south delhi,DL,2731929,district
south district,SK,146850,district
south east,DL,0,district
south east delhi district,DL,0,district
south garo hills,ML,0,district
south goa,GA,640537,district
south kanara,KA,2089649,district
south kanara district,KA,2089649,district
south kannanur,TN,13073,city
south nallur,TN,70115,city
south parganas,WB,8161961,district
south salmara mancachar,AS,0,district
south salmara mancachar district,AS,0,district
south sikkim,SK,146850,district
south sikkim district,SK,146850,district
south tripura,TR,876001,district
south tripura district,TR,876001,district
south twenty four parganas,WB,8161961,district
south west,DL,2292958,district
south west delhi,DL,2292958,district
south west garo hills,ML,0,district
south west khasi hills,ML,0,district
southern,SK,146850,district
soyagaon,MH,34341,city
soyatkalan,MP,14781,city
soygaon,MH,23320,city
soyibug,JK,104000,city
spiti and lahoul,HP,31564,district
spsr nellore,AP,2963557,district
sravana belgola,KA,6485,city
sreekaryam,KL,23528,city
sri amarajeevi potti sri ramulu nellore,AP,2963557,district
sri dungargarh,RJ,53294,city
sri ganganagar,RJ,237780,city
sri madhopur,RJ,31366,city
sri mukatasara sahiba,PB,901896,district
sri muktsar sahib,PB,901896,district
sri potti sri ramulu nellore district,AP,2963557,district
sri potti sriramulu nellore,AP,2963557,district
sri potti sriramulu nelloren piirikunta,AP,2963557,district
sri potti sriramulu nelluru jilla,AP,2963557,district
sri sathya sai,AP,1840043,district
sri vijaya puram,AN,112050,city
sribilliputhura,TN,75396,city
sriganga najar,RJ,237780,city
sriganganagar,RJ,237780,city
srigobindpur,PB,8241,city
srikakoulam,AP,137944,city
srikakulam,AP,137944,district
srikakulam district,AP,2703114,district
srikakulama,AP,137944,city
srikakulamas,AP,137944,city
srikalahasti,AP,80056,city
srikandamangalam,KL,23681,city
srimushnam,TN,13971,city
srinagar,JK,1206419,district
srinagar,UK,20216,city
srinagar district,JK,1236829,district
srinagara,JK,1206419,city
srinagaram,JK,1206419,city
srinagaras,JK,1206419,city
srinagari,JK,1206419,city
srinagaro,JK,1206419,city
srinankar,JK,1206419,city
srinigar,JK,1206419,city
srinivaspur,KA,26793,city
srinkhr,JK,1206419,city
sriperumbudur,TN,24864,city
sriramnagar,AP,18893,city
sriramnagar,TS,19550,city
srirampur,WB,18682,city
srirampura,KA,11234,city
srirampuram,TN,10653,city
srisailain,AP,24142,city
srisailam project rfc township,AP,21452,city
srivaikuntam,TN,15847,city
srivardhan,MH,15279,city
sriviliputkhur,TN,75396,city
srivilli putturu,TN,75396,city
srivilliputhur,TN,75396,city
srivilliputura,TN,75396,city
srvanampatti,TN,32920,city
sry nghr,JK,1206419,city
sry ngr,JK,1206419,district
sry wly pwtwr,TN,75396,city
srykakwlm,AP,137944,city
srynagar,JK,1206419,city
srynaghar,JK,1206419,city
srynghr,JK,1206419,district
sryngr,JK,1206419,district
stare deli,DL,11034555,city
suar,UP,28941,city
subarnapur,OD,0,district
subarnapur district,OD,0,district
subulia,OD,5072,city
suchindram,TN,13193,city
sud de delhi,DL,2731929,district
sud ouest de delhi,DL,2292958,district
sudna,JH,14552,city
sudzhangarkh,RJ,183808,city
sufipind,PB,9406,city
suhagi,MP,14787,city
suiruvuasa,DH,98265,city
sujangarh,RJ,183808,city
sujanpur,PB,28270,city
sukama,CG,0,district
suket,RJ,22319,city
sukhpar,GJ,13303,city
sukma,CG,13926,district
sukma district,CG,0,district
sulatanapura,UP,3797117,district
sulebhavi,KA,8503,city
suleswaranpatti,TN,20104,city
sulibele,KA,9587,city
sullya,KA,19958,city
sultan pur,DL,15160,city
sultan pur majra,DL,181554,city
sultanganj,BR,52892,city
sultanpur,MH,8688,city
sultanpur,MP,10268,city
sultanpur,PB,16877,city
sultanpur,UK,8518,city
sultanpur,UP,110368,district
sultanpur district,UP,3797117,district
sulur,TN,27909,city
suluru,AP,38065,city
sumbal,JK,15041,city
sumerpur,RJ,39132,city
sunabeda,OD,50394,city
sunakhala,OD,6299,city
sunam,PB,69069,city
sunari kalan,HR,7506,city
sundakkampalaiyam,TN,16459,city
sundarapandiyam,TN,8513,city
sundargarh,OD,2093437,district
sundarnagar,HP,25338,city
sunderbani,JK,6930,city
sundergarh,OD,45036,district
sundergarh district,OD,2093437,district
sunel,RJ,15840,city
sunkon,CG,0,city
supaul,BR,65437,district
supaula,BR,2229076,district
suraguja jil ha,CG,2359886,district
surajapura,CG,0,district
surajgarh,RJ,21666,city
surajpur,CG,20189,district
surajpur district,CG,0,district
surampatti,TN,41782,city
surandai,TN,35272,city
surankot,JK,6743,city
surappattu,TN,10444,city
surapur,KA,51398,city
surat,GJ,4591246,district
surat district,GJ,6081322,district
surata,GJ,4591246,city
suratas,GJ,4591246,city
surate,GJ,4591246,city
suratgarh,RJ,70536,city
suratgarkh,RJ,70536,city
surato,GJ,4591246,city
suratur,KA,51398,city
surendra nagar,GJ,1756268,district
surendranagar,GJ,179628,district
surendranagar district,GJ,1756268,district
surendranagar dudhrej,GJ,179628,city
surgana,MH,6566,city
surgudzha,CG,2359886,district
surguja,CG,121071,district
surguja district,CG,2359886,district
suri,WB,64659,city
surianwan,UP,19157,city
suriapet,TS,111729,city
surikakuramu,AP,137944,city
surquja,CG,121071,district
survepalle bit ii,AP,5129,city
suryampalaiyam,TN,28585,city
suryanagar,JK,1206419,city
suryapet,TS,111729,district
suryapeta,TS,0,district
suryaraopeta,AP,24112,city
susner,MP,16432,city
suthalia,MP,10596,city
sutrapara,GJ,26132,city
suvani,OD,7993,city
suvarngiri,RJ,54081,city
suwasra,MP,13304,city
swamimalai,TN,7289,city
swileupuleu,MH,76905,city
swroop nagar,MP,7258,city
syamnagar,WB,441956,city
sylwasa,DH,98265,city
symlh,HP,173503,city
synar,MH,65299,city
syndhwdwrj,MH,849651,district
syngrawly,MP,220257,city
syopura,MP,71951,city
syopuram,MP,71951,city
syrkakwlm,AP,137944,city
syrsa,HR,182534,city
szalem,TN,917414,city
szinnar,MH,65299,city
szrinagar,JK,1206419,city
t lsry,KL,97201,city
ta na,MH,1841488,city
tada khandrika,AP,6123,city
tadepalle,AP,64149,city
tadepallegudem,AP,112655,city
tadepalligudem,AP,112655,city
tadigadapa,AP,17462,city
tadikarakonam,TN,6241,city
tadikombu,TN,18838,city
tadpatri,AP,108171,city
taipi duidam,AR,7151,city
taj pul,DL,68796,city
tajavura,TN,291067,city
tajpur,UP,17529,city
tajpura,TN,8075,city
takalghat,MH,11363,city
takhatgarh,RJ,17285,city
takhatpur,CG,19968,city
takhlibilar pathar,AS,6611,city
taki,WB,40113,city
takkolam,TN,13983,city
takli,MH,10630,city
talacceri,KL,97201,city
talainayar agraharam,TN,12798,city
talaiyur,TN,11500,city
talaja,GJ,29948,city
talakkad,KL,35820,city
talakkolattur,KL,29388,city
talakkudi,TN,5740,city
talala,GJ,21060,city
talas seri,KL,97201,city
talaseri,KL,97201,city
talasry,KL,97201,city
talasseri,KL,97201,city
talattala,KL,37517,city
talbahat,UP,13789,city
talcher,OD,40841,city
talegaon dabhada,MH,56435,city
talegaon dabhade,MH,56435,city
taleigao,GA,17148,city
talen,MP,10582,city
talera,RJ,7203,city
talgram,UP,10629,city
talikkulam,KL,25507,city
talikota,KA,31693,city
talipadi,KA,7237,city
taliparamba,KL,72465,city
talipparamba,KL,72465,city
talipparamp,KL,72465,city
talipparampa,KL,72465,city
talkhapur dumra,BR,7970,city
talni,MH,5743,city
talod,GJ,18298,city
taloda,MH,26363,city
taloje,MH,14318,city
talpadi,KA,9532,city
talttonkan,JH,78396,city
talwandi bhai,PB,17285,city
talwandi sabo,PB,20589,city
talwara,JK,5125,city
talwara,PB,24752,city
taman,DH,44282,city
tamaraikkulam,TN,12372,city
tamarakutamkudiyiruppu,TN,11872,city
tambaram,TN,174787,city
tambarama,TN,174787,city
tamenglong,MN,19363,district
tamgaon,MH,5223,city
tamizhagam,TN,4681087,city
tamluk,WB,48646,city
tammampatti,TN,21503,city
tamparam,TN,174787,city
tamulinadu,TN,4681087,city
tamulpur,AS,249760,district
tanakkangulam,TN,14328,city
tanakpur,UK,16905,city
tanalur,KL,47976,city
tancavur,TN,291067,city
tanda,UP,88073,city
tandoni,TN,53854,city
tandur,TS,65115,city
tandzavur,TN,291067,city
tandzavura,TN,291067,city
tandzavuras,TN,291067,city
tandzawur,TN,291067,city
tandzsavur,TN,291067,city
tane,MH,1841488,city
tane mavattam,MH,11060148,district
tangapur,TS,7704,city
tangavur,TN,291067,city
tangdhar,JK,9904,city
tangellamudi,AP,8250,city
tangla,AS,17183,city
tanh,MH,1841488,city
tanjabuleu,TN,291067,city
tanjabura,TN,291067,city
tanjavur,TN,291067,city
tanjavura,TN,291067,city
tanjavuru,TN,291067,city
tanjawwr,TN,291067,city
tanjor,TN,291067,city
tanjore,TN,291067,district
tanjore district,TN,2405890,district
tank,RJ,165294,city
tanka,RJ,165294,city
tankara,GJ,10175,city
tanna,MH,1841488,city
tannasar,HR,155152,city
tanr balidih,JH,7982,city
tantzavour,TN,291067,city
tanukku,AP,77962,city
tanuku,AP,77962,city
tanuku mandala,AP,77962,city
tany,MH,1841488,city
taoru,HR,22599,city
tapa,PB,23248,city
tapi,GJ,807022,district
taping,JH,5080,city
tapukrah,RJ,9471,city
tarabha,OD,8334,city
tarakeswar,WB,30475,city
taramangalam,TN,30222,city
tarana,MP,24908,city
taranagar,RJ,32640,city
taranagar,TR,15481,city
tarapur,BR,7450,city
tarapur,MH,7493,city
tarapur pt vi,AS,8753,city
tarapur vii,AS,6977,city
tarapuram,TN,72291,city
taraseri,KL,97201,city
tarichar kalan,MP,7674,city
tarikere,KA,37848,city
tarlapalli,TS,9656,city
tarmapuri,TN,68619,city
tarn taran,PB,66847,district
tarn taran district,PB,1119627,district
tarpanka,BR,296039,city
tarpanka mavattam,BR,3937385,district
tarran mavattam,AS,928500,district
tarsadi,GJ,29305,city
tarvat mavattam,KA,1847023,district
tasgaon,MH,37945,city
tasti tea garden,WB,5568,city
tatanagar,JH,1339438,city
tati,JH,12878,city
tato,AR,0,city
tattankuttai,TN,24708,city
tattayyangarpettai,TN,12980,city
tauca,RJ,85960,city
tavan,AR,0,district
tawang,AR,0,district
tawang town,AR,11202,city
tayikkad,KL,6594,city
tazhakudi,TN,8992,city
teatupula,KL,52045,city
teegalpahad,TS,12656,city
tegheria,AS,5567,city
teghra,BR,56234,city
tehri,UK,27611,city
tehri district,UK,618931,district
tehri garhwal,UK,618931,district
tehri garhwal district,UK,618931,district
tejapura,AS,75540,city
tekanpur,MP,13681,city
tekari,BR,21324,city
tekkalakote,KA,26224,city
tekkali,AP,28631,city
tekkumbagam,KL,10798,city
teklur,MH,54493,city
telhara,MH,21146,city
teliamura,TR,21032,city
teliceri,KL,97201,city
tellicherri,KL,97201,city
tellicherry,KL,97201,city
tellichery,KL,97201,city
telo,JH,14274,city
temanur,TN,12715,city
temple city of india,OD,885363,city
tenali,AP,164937,city
tenambakkam,TN,13994,city
tendukheda,MP,14399,city
tengampudur,TN,14538,city
tengnoupal,MN,0,district
tengnoupal district,MN,0,district
teni,TN,1034724,city
tenkaci,TN,1407627,district
tenkanidiyur,KA,6188,city
tenkasi,TN,70545,district
tenkasi district,TN,1407627,district
tennala,KL,56546,city
teok,AS,8795,city
teonthar,MP,17039,city
teratun,UK,522081,district
terdal,KA,26411,city
terku kallikulam,TN,5980,city
terku kannatam mavattam,KA,2089649,district
terkut tinanpur mavattam,WB,1676276,district
termi,JH,5111,city
territoire de pondichery,PY,657209,city
terur,TN,7615,city
tevakottai,TN,51865,city
tevapantu,UP,88171,city
tevaram,TN,16079,city
tezpur,AS,75540,city
tezu,AR,18184,city
thaikattussery,KL,7724,city
thaikkattussery,KL,20874,city
thakurdwara,UP,39860,city
thakurganj,BR,18348,city
thalas serya,KL,97201,city
thalassery,KL,97201,city
than,GJ,42508,city
than khamharia,CG,8373,city
thana,MH,1841488,district
thana bhawan,UP,33498,city
thana jillo,MH,11060148,district
thanajabura,TN,291067,city
thandla,MP,15756,city
thandzavur,TN,291067,city
thane,MH,1841488,district
thane district,MH,11060148,district
thane jil ha,MH,11060148,district
thane jila,MH,11060148,district
thane jilla,MH,11060148,district
thanemandalam,MH,11060148,district
thanesar,HR,155152,city
thanjabara,TN,291067,city
thanjavur,TN,291067,district
thanna mandi,JK,5490,city
thanneermukkom,KL,31525,city
thanniyam,KL,9743,city
thanthoni,TN,53854,city
thara,GJ,18060,city
tharad,GJ,27954,city
tharangambadi,TN,23191,city
tharial,PB,5081,city
tharike,PB,12294,city
tharuballura,TN,56074,city
thasra,GJ,18337,city
thatta,KL,62836,city
thazhakara,KL,14596,city
thazhecode,KL,25116,city
the city of looms and lores,KL,62836,city
the crown of kerala,KL,62836,city
the dangs,GJ,228291,district
the nilgiris,TN,735394,district
thekashu pt ii,AS,5625,city
thekkumkara,KL,15258,city
thenali,AP,164937,city
thenhippalam,KL,32045,city
theni,TN,1034724,district
theni allinagaram,TN,94453,city
theni district,TN,1245899,district
thenkasi,TN,70545,city
thennala,KL,56546,city
thenzawl,MZ,7259,city
thevur,TN,8548,city
thimiri,TN,16246,city
thirubarura,TN,58777,city
thirukattupalli,TN,12972,city
thirumangalam,TN,51194,city
thirumittacode ii,KL,12855,city
thirumudhukundram,TN,73585,city
thirunavaya,KL,24790,city
thiruparangundram,TN,50004,city
thirupparankundram,TN,50004,city
thiruthangal,TN,55362,city
thiruthani,TN,44781,city
thiruthuraipoondi,TN,24404,city
thiruvaiyaru,TN,16164,city
thiruvalla,KL,57223,city
thiruvallur,TN,56074,district
thiruvallur district,TN,3728104,district
thiruvananthapuram,KL,788271,district
thiruvankulam,KL,23160,city
thiruvarur,TN,58777,district
thiruvarur district,TN,1264277,district
thiruvidaimaruthur,TN,14786,city
thnjfwr,TN,291067,city
thodiyoor,KL,25884,city
thodupuyha,KL,52045,city
thodupuzha,KL,52045,city
tholur,KL,7454,city
thondamuthur,TN,11492,city
thongju,MN,10836,city
thoothukkudi,TN,410760,district
thoothukudi,TN,410760,district
thorapadi,TN,16700,city
thothukkuri,TN,410760,city
thottada,KL,40818,city
thottiyam,TN,14909,city
thoubal,MN,45947,district
thoubal district,MN,422168,district
thr phangkh a,BR,296039,city
thrippunithura,KL,69390,city
thrissur,KL,315957,district
thrissur district,KL,3121200,district
thummalamenta,AP,12373,city
thuraiyur,TN,32439,city
thurayur,KL,14176,city
thyn,MH,1841488,city
thyrwfananthabwram,KL,788271,city
tibri,PB,11845,city
tidavur,TN,8230,city
tifra,CG,30465,city
tighri,DL,46974,city
tihari garhavala,UK,618931,district
tijara,RJ,24747,city
tikadi,MH,13741,city
tikaitnagar,UP,8806,city
tikamgarh,MP,79106,district
tikarapara,OD,8346,city
tikkanbankad,TN,14086,city
tikkotti,KL,27051,city
tikri,UP,13646,city
tikri kalan,DL,16313,city
tikri khurd,DL,13772,city
tilang pur kotla,DL,13614,city
tilda newra,CG,36682,city
tilhar,UP,57043,city
tilli,DL,11034555,city
tilodih,JH,6970,city
tilpat,HR,20514,city
tiluballuleu,TN,56074,city
tilubanantapulam,KL,788271,city
tiluchengodeu,TN,95335,city
tiluchilapalli,TN,1022518,city
tilunelbelli,TN,1435844,city
timmapur,TS,13485,city
timurni,MP,22359,city
tindal,TN,15440,city
tindivanam,TN,72796,city
tindivangam,TN,72796,city
tindoukkaru,TN,292512,city
tindoukkaru xian,TN,292512,city
tindwari,UP,10406,city
tingalachi,TN,13567,city
tinnanur,TN,37095,city
tinnevelli,TN,1435844,city
tinnevelly,TN,1435844,city
tinnevelly junction,TN,1435844,city
tinpahar,JH,5336,city
tinsukia,AS,116322,district
tinsukija,AS,116322,city
tinthirivanam,TN,72796,city
tintivanam,TN,72796,city
tintukkal,TN,292512,city
tiprukar,AS,145488,city
tiprukar mavattam,AS,1326335,district
tiptur,KA,60957,city
tira sujanpur,HP,7943,city
tirap,AR,111975,district
tirap frontier division,AR,111975,district
tirap frontier tract,AR,111975,district
tirawari,HR,25944,city
tirhoot,BR,354462,city
tirkadavur,KL,39285,city
tirnvalur,TN,58777,city
tirodi,MP,8870,city
tirora,MH,25181,city
tirruvannamalai,TN,145278,city
tirthahalli,KA,15422,city
tiru anantapuram,KL,788271,district
tirubanantapurama,KL,788271,city
tirubharura,TN,56074,city
tiruccenkotu,TN,95335,city
tiruccirappalli,TN,1022518,city
tiruccsirapalli,TN,1022518,city
tiruccur,KL,315957,city
tirucen gode,TN,95335,city
tirucenagore,TN,95335,city
tirucengod,TN,95335,city
tirucengoda,TN,95335,city
tirucengode,TN,95335,city
tiruchanur,AP,22963,city
tiruchchendur,TN,32171,city
tiruchchinappalli,TN,1022518,city
tiruchchirappalli,TN,1022518,district
tiruchengodde,TN,95335,city
tiruchengode,TN,95335,city
tiruchi,TN,1022518,district
tiruchirapali,TN,1022518,city
tiruchirapalli,TN,1022518,city
tiruchiraparri,TN,1022518,city
tiruchirappali,TN,2722290,district
tiruchirappalli,TN,1022518,district
tirucirapali,TN,1022518,city
tirucirapalli,TN,1022518,city
tirukkalikkunram,TN,29391,city
tirukkoyilur,TN,30212,city
tirukurangudi,TN,9342,city
tirumakudal narsipur,KA,9980,city
tirumala,AP,295323,city
tirumala tirupati,AP,295323,city
tirumalai,AP,295323,city
tirumalaiyampalaiyam,TN,12164,city
tirumalarajanpatnam,PY,11264,city
tirumangalam,TN,51194,city
tirumeshi,TN,19733,city
tirumullaivasal,TN,13234,city
tirumuruganpundi,TN,31528,city
tirunageswaram,TN,15082,city
tirunalaveli,TN,1435844,city
tirunelabeli,TN,1435844,city
tirunelaveli,TN,1435844,city
tirunelveli,TN,1435844,district
tirunelveli kattabo,TN,3077233,district
tirunelweli,TN,1435844,city
tiruneruvueri,TN,1435844,city
tirupananthal,TN,11169,city
tiruparankundram,TN,50004,city
tirupathi,AP,295323,city
tirupati,AP,295323,district
tirupati nma,AP,37968,city
tirupatih,AP,295323,city
tirupattur,TN,64125,district
tirupattur district,TN,1111812,district
tiruppalai,TN,19305,city
tiruppalaikudi,TN,8824,city
tirupparangunram,TN,50004,city
tirupparankunram,TN,50004,city
tiruppati,AP,295323,city
tiruppattur,TN,1111812,district
tirupporur,TN,13666,city
tiruppundurutti,TN,9074,city
tiruppur,TN,963173,district
tiruppur district,TN,0,district
tiruppura,TN,963173,city
tiruppuru,TN,963173,city
tiruppuvanam,TN,24554,city
tirupur,TN,963173,city
tirupura,TN,963173,city
tirur,KL,56058,city
tirur station,KL,56058,city
tirura,KL,56058,city
tirurageswaram,TN,11551,city
tirurangadi,KL,56632,city
tirutchirapparri,TN,1022518,city
tiruttangal,TN,55362,city
tiruvalam,TN,9153,city
tiruvalla,KL,57223,city
tiruvallur,TN,56074,district
tiruvallura,TN,56074,city
tiruvalluru,TN,56074,city
tiruvalur,TN,58777,city
tiruvananantapuram,KL,788271,city
tiruvanantapuram,KL,788271,district
tiruvanantapurama,KL,788271,district
tiruvanantapuramas,KL,788271,city
tiruvankod,TN,18723,city
tiruvannamalai,TN,145278,district
tiruvannamalai district,TN,2464875,district
tiruvannamalaj,TN,145278,city
tiruvarur,TN,58777,district
tiruvarura,TN,58777,city
tiruvaruru,TN,58777,city
tiruvattar,TN,18985,city
tiruvattiyur,TN,249446,city
tiruvellore,TN,56074,city
tiruvengadam,TN,8337,city
tiruvennanallur,TN,9623,city
tiruverkadu,TN,64698,city
tiruverumbur,TN,23156,city
tiruvilliputtur,TN,75396,city
tiruvottijur,TN,249446,city
tiruvottiyur,TN,249446,city
tiruvuan namarai,TN,145278,city
tiruvuanantapuramu,KL,788271,city
tiruvuarruru,TN,56074,city
tiruvuaruru,TN,58777,city
tisaiyanvilai,TN,23702,city
tispur,AS,10812,city
titabar,AS,7836,city
titabor town,AS,17920,city
titagarh,WB,127751,city
titagarkh,WB,127751,city
titlagarh,OD,34067,city
titron,UP,11569,city
tittachcheri,TN,9245,city
tittagudi,TN,22894,city
tittangulam,TN,9115,city
tkhalaserj,KL,97201,city
tkhana,MH,1841488,city
tkhandzhavur,TN,291067,city
tkhane,MH,1841488,district
tkheni,TN,1034724,city
tkhiruvanantkhapuram,KL,788271,city
tlshyry,KL,97201,city
tnjawr,TN,291067,city
tnwkw,AP,77962,city
todabhim,RJ,22977,city
todaraisingh,RJ,23559,city
todi,RJ,6816,city
todupula,KL,52045,city
todupuza,KL,52045,city
tohana,HR,63871,city
tokuru,KA,7433,city
tola baliadih,BR,5400,city
tola chain,BR,6072,city
tola mansaraut,BR,6451,city
tola pairamatihana,BR,5858,city
tola rampurwa motalke kurwa mathia,BR,13758,city
tolur,TN,5698,city
tompivali,MH,1247327,city
ton k,RJ,165294,city
tondalam,TN,44590,city
tondi,TN,18465,city
tong ke,RJ,165294,city
tongkeu,RJ,165294,city
tonk,RJ,165294,district
tonk city,RJ,165294,city
tonk district,RJ,1421326,district
tonk khurd,MP,7979,city
tonka,RJ,165294,district
tonku,RJ,165294,city
tonse east,KA,7911,city
tonwarghar,MP,1965970,district
topa,JH,5028,city
topchanchi,JH,6082,city
toramangalam,TN,5322,city
torban,MN,5459,city
tori fatehpur,UP,10210,city
torpa,JH,8592,city
torur,TS,19100,city
tosham,HR,15559,city
toto,JH,5237,city
tottakkurichchi,TN,10969,city
totupula,KL,52045,city
touttoukkudi,TN,410760,city
trajpar,GJ,16637,city
tral,JK,17844,city
trans yamuna,DL,1709346,district
tribanadrama,KL,788271,city
tribendrama,KL,788271,city
trichinapalli,TN,1022518,city
trichinopoli,TN,1022518,city
trichinopoly,TN,1022518,district
trichinopoly district,TN,2722290,district
trichur,KL,315957,city
trichura,KL,315957,city
trichy,TN,1022518,district
tricimalaidurgam,TN,1022518,city
trikarpur north,KL,18210,city
trikarpur south,KL,22991,city
trikonavattam,KL,41609,city
trikur,KL,13093,city
trimbak,MH,12056,city
trinchinopoly,TN,1022518,city
triparappu,TN,22401,city
triprangod,KL,41167,city
tripunittura,KL,69390,city
tripunnittara,KL,69390,city
trittala,KL,27796,city
trivandrum,KL,788271,district
trwchraply,TN,1022518,city
trwnlwyly,TN,1435844,city
trwpty,AP,295323,city
trywandrwm,KL,788271,city
trywwndrwm,KL,788271,city
tsantrapour,MH,328351,city
tseminyu,NL,6315,district
tsennai,TN,4681087,city
tshynay,TN,4681087,city
tsitornkarth,RJ,116406,city
tsrar sharif,JK,11533,city
tu lai,MH,375559,city
tudiyalur,TN,33924,city
tuensang,NL,36774,district
tuensang district,NL,196596,district
tufanganj,WB,20420,city
tukhmir pur,DL,5658,city
tule mavattam,MH,2050862,district
tuli,NL,7864,city
tuljapur,MH,35596,city
tullipurmbu,KL,72465,city
tulsipur,UP,22486,city
tulu nadu,KA,499487,city
tumakooru,KA,307359,city
tumakura jil ha,KA,2678980,district
tumakura jila,KA,2678980,district
tumakuru,KA,307359,district
tumbe,KA,6230,city
tumgaon,CG,7394,city
tumkur,KA,307359,district
tumkur district,KA,2678980,district
tumkur mavattam,KA,2678980,district
tumsar,MH,44869,city
tundhul,JH,11190,city
tundla,HR,5658,city
tundla,UP,50939,city
tundra,CG,8211,city
tuneri,KL,23421,city
tuni,AP,53425,city
tura,ML,74858,city
turaiyur,TN,32134,city
turk,CG,268806,city
turk mavattam,CG,3343872,district
turkapur,WB,518872,city
turkapur merku vankalam,WB,518872,city
turmeric city,MH,601214,city
turuvekere,KA,14194,city
tuticorin,TN,410760,district
tuticorin district,TN,1750176,district
tutikorin,TN,410760,city
tutikorina,TN,410760,city
tuttukkuti,TN,410760,city
tuttukkuti turamukham,TN,410760,city
tutukudi,TN,410760,city
tuvagudi,TN,38887,city
twnk,RJ,165294,city
twnq,RJ,165294,city
twtwkwdy,TN,410760,city
tyagadurgam,TN,18605,city
tyrwchyrapaly,TN,1022518,city
tyrwchyraply,TN,1022518,city
tyrwnlfly,TN,1435844,city
tyrwnlwly,TN,1435844,city
tyrwnlwyly,TN,1435844,city
tyrwnylwyly,TN,1435844,city
tyrwpaty,AP,295323,city
tyrwpty,AP,295323,city
tyrwpwr,TN,963173,city
tyrwr,KL,56058,city
tyrwwalwr,TN,56074,city
tyzpwr,AS,75540,city
tzaipour,RJ,3046163,city
tzaisalmer,RJ,67604,city
tzalantar,PB,868929,city
tzamnankar,GJ,600943,city
tzamsentpour,JH,1339438,city
tzontchpour,RJ,1056191,city
ubaidullahganj,MP,22845,city
udagamandalam,TN,233426,city
udagamandalama,TN,233426,city
udaipuleu,RJ,451100,city
udaipur,RJ,451100,district
udaipur,TR,32758,city
udaipur district,RJ,3068420,district
udaipura,MP,18236,city
udaipura,RJ,451100,city
udaipuru,RJ,451100,city
udaipurwati,RJ,29236,city
udaiyarpalaiyam,TN,12688,city
udajpur,RJ,451100,city
udajpur,TR,32758,city
udakamandalam,TN,233426,city
udakamandaramu,TN,233426,city
udala,OD,13152,city
udalguri,AS,15935,district
udam singh nagar,UK,1648902,district
udamalpet,TN,61133,city
udamapura,JK,84015,city
udangudi,TN,19738,city
udayagiri,OD,11302,city
udayapur,RJ,451100,city
udayapura,RJ,451100,city
udayapuram,RJ,451100,city
udayendram,TN,13837,city
uddansing nagar,UK,1648902,district
uddapi,KA,165000,city
uddzhajn,MP,515215,district
uddzsain,MP,515215,city
udgir,MH,103550,city
udhagai,TN,233426,city
udhagamandalam,TN,233426,city
udhagamandalama,TN,233426,city
udham singh nagar,UK,1648902,district
udham singh nagar district,UK,1648902,district
udham singh nagarin piirikunta,UK,1648902,district
udhama sinha nagara,UK,1648902,district
udhama sinha nagara jila,UK,1648902,district
udhamapura,JK,84015,city
udhamapura jil ha,JK,554985,district
udhamapura jilla,JK,554985,district
udhamapura jillo,JK,554985,district
udhamapura zila,JK,554985,district
udhamapuram,JK,84015,city
udhamapuramandalam,JK,554985,district
udhamasinga nagara jillo,UK,1648902,district
udhamasinha nagara janapada,UK,1648902,district
udhamasinha nagara jil ha,UK,1648902,district
udhamasinhanagaramandalam,UK,1648902,district
udhampur,JK,84015,district
udhampur district,JK,554985,district
udipi,KA,165000,city
udiyavara,KA,11854,city
udkham singkh nagar,UK,1648902,district
udkhampur,JK,84015,district
udoupi,KA,165000,city
udpi,KA,165000,city
udpura,RJ,10051,city
uduma,KL,8115,city
udumalaippettai,TN,61133,city
udupi,KA,165000,district
udupimandalam,KA,165000,city
udupis,KA,165000,city
udupisa,KA,165000,city
uduppi,KA,165000,city
udzaina,MP,515215,city
udzainas,MP,515215,city
udzajin,MP,515215,city
udzdzain,MP,515215,city
udzhdzhajn,MP,515215,city
ugrakheri,HR,24440,city
ujain,MP,515215,city
ujaina,MP,515215,city
ujaini,MP,515215,city
ujalaiwadi,MH,9075,city
ujhani,UP,56309,city
ujjain,MP,515215,district
ujjain district,MP,1986864,district
ujjaina,MP,515215,city
ujjaina jil ha,MP,1986864,district
ujjaina jila,MP,1986864,district
ujjaina jilla,MP,1986864,district
ujjaina jillo,MP,1986864,district
ujjainamandalam,MP,1986864,district
ujjaini,MP,515215,city
ujjayin,MP,515215,city
ujjayini,MP,515215,district
ujjayini jilla,MP,1986864,district
ujjayn,MP,515215,city
ujjeyan,MP,515215,city
ukal,GJ,7453,city
ukhrul,MN,27187,district
ukhrul district,MN,183998,district
uklana,HR,13219,city
ukwa,MP,7369,city
ul hacanakar,MH,516584,city
ul hasanagara,MH,516584,city
ulahasanagara,MH,516584,city
ulasnagar,MH,516584,city
ulasnagara,MH,516584,city
ulasnagaras,MH,516584,city
ulaul,KA,59116,city
ulhaseunagaleu,MH,516584,city
ulhasnagar,MH,516584,city
ulhasnagari,MH,516584,city
uliyazhathura,KL,28230,city
ulkhasnagar,MH,516584,city
ullagaram,TN,53322,city
ullai,KA,59116,city
ullal,KA,59116,city
ullas nagar,MH,516584,city
ullasanagara,MH,516584,city
ullasnagara,MH,516584,city
ulliyeri,KL,32509,city
ullur,TN,11673,city
ulubaria,WB,235345,city
uluberia,WB,235345,city
uluberiya,WB,235345,city
ulundurpet,TN,23734,city
umareda,MH,53971,city
umarera,MH,53971,city
umaret,MH,53971,city
umarga,MH,35477,city
umargam,GJ,27859,city
umaria,MP,33114,district
umaria district,MP,644758,district
umariya,MP,644758,district
umarkhanguda,TS,5349,city
umarkhed,MH,47458,city
umarkot,CG,28993,city
umarsera,MH,21752,city
umbergaon ina,GJ,6976,city
umbri,MH,20262,city
umleideu,MH,53971,city
umrala,GJ,11874,city
umrangso,AS,10376,city
umred,MH,53971,city
umrer,MH,53971,city
umreth,GJ,33762,city
umri,MH,13501,city
umri,MP,9364,city
umsning,ML,8198,city
umureddo,MH,53971,city
una,HP,521173,district
unakoti,TR,277335,district
unamaucheri,TN,29122,city
unao,UP,161671,district
unao district,UP,3108367,district
uncha sawana,HR,8922,city
unchagao,MH,31238,city
unchahra,MP,18442,city
undera,GJ,16902,city
unhel,MP,15837,city
uniara,RJ,12551,city
unjha,GJ,57108,city
unnamalaikadai,TN,23656,city
unnao,UP,161671,district
unnava,UP,3108367,district
upal,TS,118259,city
upar hali,AS,7095,city
upleta,GJ,58775,city
uppal,TS,118259,city
uppal kalan,TS,118259,city
uppala,KL,11542,city
uppalavadi,TN,7281,city
upper siang,AR,0,district
upper siang district,AR,0,district
upper subansiri,AR,83448,district
upper subansiri district,AR,83448,district
uppidamangalam,TN,11292,city
uppiliyapuram,TN,7705,city
uppinangadi,KA,7813,city
urakam,KL,29157,city
uran,MH,30439,city
uravakonda,AP,35565,city
urmar,PB,23419,city
uruhasunagaru,MH,516584,city
urun islampur,MH,67391,city
urupi,KA,165000,city
usamanabada,MH,112085,city
usehat,UP,15068,city
usgao,GA,12436,city
usilampatti,TN,35219,city
usmanabad,MH,112085,city
usmanabada,MH,112085,district
usumanabado,MH,112085,city
usuppur,TN,8221,city
utai,CG,8752,city
utakai,TN,233426,city
utakamand,TN,233426,city
utakamantalam,TN,233426,city
utampur,JK,84015,city
utari lakhimapura,AS,59841,city
utayappur,RJ,451100,city
utekhol,MH,11380,city
uthukkottai,TN,12740,city
utnur,TS,16005,city
utran,GJ,14855,city
utraula,UP,28437,city
uttamapalaiyam,TN,29050,city
uttangarai,TN,18470,city
uttar athiabari,AS,6091,city
uttar bastar kanker,CG,748941,district
uttar champamura,TR,11359,city
uttar dinajpur,WB,3007134,district
uttar dinajpur destrict,WB,3007134,district
uttar dinajpur district,WB,3007134,district
uttar kannad,KA,1437169,district
uttar kannada,KA,1437169,district
uttar kashi,UK,330086,district
uttar krishnapur part i,AS,6960,city
uttar krishnapur pt iii,AS,5187,city
uttara dinajapura jela,WB,3007134,district
uttara dinajapura jil ha,WB,3007134,district
uttara dinajapura jila,WB,3007134,district
uttara dinajapura jilla,WB,3007134,district
uttara dinajapura jillo,WB,3007134,district
uttara kannada,KA,1437169,district
uttara lakhimapura,AS,59841,city
uttara lakhimpur,AS,59841,city
uttara laksmipura,AS,59841,city
uttara pascima dilli,DL,3656539,district
uttara pascima dilli jela,DL,3656539,district
uttara purva dilli,DL,2241624,district
uttara tinajpur mavattam,WB,3007134,district
uttara tripura,TR,693947,district
uttaradinajapura mandalam,WB,3007134,district
uttarakasi,UK,330086,district
uttarapascimadehalimandalam,DL,3656539,district
uttarapurvadehalimandalam,DL,2241624,district
uttari lakhimapura,AS,59841,city
uttarkashi,UK,17123,district
uttiramerur,TN,25194,city
uttukkuli,TN,10130,city
uttukuli,TN,16354,city
utuppi,KA,165000,city
uzhavarkarai,PY,300104,city
v s k valasai dindigul dist,TN,17865,city
vada,MH,16750,city
vadadara,GJ,1822221,city
vadakakarai,KL,20571,city
vadakancheri,KL,15674,city
vadakara,KL,76493,city
vadakarai kil pidagai,TN,20821,city
vadakkanandal,TN,23034,city
vadakkankulam,TN,9220,city
vadakkekkad,KL,15811,city
vadakku valliyur,TN,29417,city
vadakku viravanallur,TN,19689,city
vadakkumbagam,KL,11727,city
vadakkumkara,KL,10407,city
vadali,GJ,20646,city
vadamadurai,TN,18015,city
vadanappally,KL,30657,city
vadapadam,KL,11573,city
vadasinor,GJ,39330,city
vadavalli,TN,39873,city
vaddeswaram,AP,6275,city
vaddu,KA,12453,city
vadeadara,GJ,1822221,city
vadgaon,MH,40884,city
vadghar,MH,7341,city
vadipatti,TN,26830,city
vadlamuru,AP,10000,city
vadlapudi,AP,17881,city
vadnagar,GJ,27790,city
vadodara,GJ,1822221,district
vadodara district,GJ,4165626,district
vadodarae,GJ,1822221,city
vadodaro,GJ,1822221,city
vadugappatti,TN,13204,city
vagator,GA,14986,city
vaghapur,MH,12684,city
vaghodia,GJ,16604,city
vagholi,MH,33479,city
vai esar jilla,AP,2882469,district
vaijanatha,MH,94863,city
vaijapur,MH,41296,city
vaikam,KL,23234,city
vaisakhapattanam,AP,1063178,city
vaisali,BR,3495021,district
vaishali,BR,3495021,district
vaithisvarankoil,TN,7676,city
vaittilingapuram,TN,9538,city
vajanad,KL,817420,district
vakkam,KL,19267,city
valabhipur,GJ,18663,city
valaiyampattu,TN,10076,city
valangaiman,TN,11754,city
valantaravai,TN,7498,city
valasaravakkam,TN,47378,city
valathoor,TN,5529,city
valavandankottai,TN,9202,city
valavanur,TN,16745,city
valavilcheleri,KL,10848,city
valayam,KL,14328,city
vallabh vidyanagar,GJ,32581,city
vallachira,KL,12970,city
vallalappatti,TN,8325,city
vallam,TN,16758,city
valparai,TN,90353,city
valpoi,GA,8532,city
valsad,GJ,139764,district
valvachatottam,TN,16965,city
vanapadi,TN,5334,city
vanaparti,TS,0,district
vanavasi,TN,7130,city
vandalur,TN,16852,city
vandavasi,TN,31530,city
vandiyur,TN,28646,city
vangani,MH,12628,city
vanganur,TN,6584,city
vanivambadi,TN,95061,city
vaniyamabadi,TN,95061,city
vaniyambadi,TN,95061,city
vaniyamkulam,KL,16085,city
vaniyampati,TN,95061,city
vanja,MH,58840,city
vanmenad,KL,8377,city
vansada,GJ,14072,city
vanthli,GJ,14554,city
vantontara,GJ,1822221,city
vapadedara,GJ,1822221,city
vapi,GJ,163630,city
vapi ina,GJ,34162,city
vappi,GJ,163630,city
varadarajampettai,TN,8259,city
varam,KL,17008,city
varamballi,KA,6809,city
varanaci,UP,1164404,city
varanasi,UP,1164404,district
varanasi district,UP,3676841,district
varanasio,UP,1164404,city
varanasis,UP,1164404,city
varanassi,UP,1164404,city
varangal,TS,704570,city
varangal arban,TS,0,district
varangal jilla,TS,704570,city
varangal rural,TS,3512576,district
varangala,TS,704570,city
varangala nagaram,TS,704570,city
varangalas,TS,704570,city
varangaon,MH,44067,city
varankal,TS,704570,city
varappuzha,KL,26750,city
varca,GA,5439,city
vardha,MH,113759,district
vardha jil ha,MH,1300774,district
vardha jila,MH,1300774,district
vardha jillo,MH,1300774,district
vardhamandalam,MH,1300774,district
vardkha,MH,113759,district
vareli,GJ,9033,city
varkala,KL,43276,city
varntcha,MH,113759,city
varodara,GJ,1822221,city
varphalia,MH,6093,city
varsoli,MH,11039,city
varta,MH,113759,city
varta mavattam,MH,1300774,district
vartej,GJ,11354,city
vasai virar city,MH,1222390,city
vasco,GA,100485,city
vasco da gama,GA,100485,city
vasima,MH,1197160,district
vasind,MH,20561,city
vasko da gama,GA,100485,city
vaso,GJ,15934,city
vasudevanallur,TN,21361,city
vatakara,KL,76493,city
vatakemuri,KL,9585,city
vatakilakku tilli mavattam,DL,2241624,district
vatakku lakkimpur,AS,59841,city
vathirairuppu,TN,16784,city
vatotara,GJ,1822221,city
vattalkundu,TN,22928,city
vattiyurkavu,KL,47187,city
vavarai,TN,8362,city
vavdi bujarg,GJ,9107,city
vavol,GJ,12628,city
vayalar,KL,25094,city
vayanad jilla,KL,817420,district
vayanada jil ha,KL,817420,district
vayanada jila,KL,817420,district
vayanada jillo,KL,817420,district
vayanadamandalam,KL,817420,district
vayanadu,KL,817420,district
vayanat,KL,817420,district
vayanat jilla,KL,817420,district
vayanata jilla,KL,817420,district
vayanatu mavattam,KL,817420,district
vayavya dhilli,DL,3656539,district
vayilathur,KL,10298,city
vazhakkala,KL,51242,city
vazhakulam,KL,18358,city
vazhapadi,TN,17559,city
vazhayur,KL,36909,city
vedappatti,TN,11658,city
vedaraniyam,TN,34266,city
vedasandur,TN,12493,city
veeraganur,TN,11624,city
veerapandi,TN,50301,city
veerappanchatiram,TN,84453,city
vegarai,TN,9330,city
vehicle factory area jabalpur,MP,8087,city
veillyachi,TN,13182,city
vejalpur,GJ,121610,city
velampalaiyam,TN,87427,city
velankanni,TN,11108,city
velappakkam,TN,8174,city
velika nojda,UP,293908,city
vellakkalpatty,TN,5475,city
vellakkinar,TN,15998,city
vellakkovil,TN,40359,city
vellalur,TN,24872,city
vellanikkara,KL,6167,city
vellanur,TN,6078,city
vellarivalli,TN,5070,city
vellavadanparappu,TN,7621,city
vellookkara,KL,8146,city
velloorkunnam,KL,11576,city
vellor,TN,484690,city
vellora,TN,484690,city
vellora jila,TN,1614242,district
vellora jillo,TN,1614242,district
vellore,TN,484690,district
vellore district,TN,1614242,district
vellur,KL,22816,city
vellura,TN,484690,city
vellura jil ha,TN,1614242,district
velluru,TN,484690,district
vellurumandalam,TN,1614242,district
velur,TN,484690,city
velur mavattam,TN,1614242,district
velura,TN,484690,city
veluru,TN,484690,city
veluthur,KL,11602,city
vemalwada,TS,33706,city
vembadithalam,TN,7331,city
vengambur,TN,7443,city
venganoor,KL,35963,city
vengara,KL,48600,city
vengattur,TN,23292,city
vengavasal,TN,13671,city
vengikkal,TN,18244,city
venginissery,KL,5533,city
vengola kizhakkumbagam,KL,32697,city
vengurla,MH,12498,city
venkatachalapuram,TN,9540,city
venkatagiri,AP,52688,city
venkatagiri town,AP,52688,city
venkatapura,KA,6928,city
venkatapuram,TN,7430,city
venkidanga,KL,11335,city
vennandur,TN,14568,city
vepagunta,AP,26881,city
veparala,AP,6712,city
veppathur,TN,7949,city
veraval,GJ,171121,city
verna,GA,6632,city
verukulambu,TN,19730,city
vetapalem,AP,38671,city
vettaikkaranpudur,TN,18128,city
vettanad,KL,27140,city
vettavalam,TN,15506,city
vettur,KL,37219,city
vicakappattinam,AP,1063178,city
vicarabad,TS,53143,city
vicayavata,AP,1143232,city
vidisa,MP,155951,city
vidisha,MP,155951,district
vidyavihar,RJ,15644,city
vidzajavada,AP,1143232,city
vidzhajavada,AP,1143232,city
vidzsajavada,AP,1143232,city
viguyanagram,AP,228720,city
vijaiavada,AP,1143232,city
vijaivara,AP,1143232,city
vijajauada,AP,1143232,city
vijalpor,GJ,81245,city
vijapur,GJ,35118,city
vijapura,KA,327427,city
vijayanagar,GJ,6078,city
vijayanagar,KA,1353628,district
vijayanagara,AP,228720,city
vijayanagaram,AP,228720,city
vijayanagarama,AP,228720,city
vijayanakaram,AP,228720,city
vijayapur,KA,327427,city
vijayapura,KA,327427,district
vijayapuram,KL,29248,city
vijayapuri,TN,7222,city
vijayapuri north,TS,15887,city
vijayavada,AP,1143232,city
vijayavara,AP,1143232,city
vijayavata,AP,1143232,city
vijayawada,AP,1143232,city
vijaypur,JK,8044,city
vikarabad,TS,53143,district
vikasnagar,UK,13055,city
vikramasingapuram,TN,47241,city
vikramgad,MH,5991,city
vikravandi,TN,12022,city
vilachcheri,TN,7787,city
vilangudi,TN,30884,city
vilankurichi,TN,24235,city
vilappil,KL,36212,city
vilar,TN,9028,city
vilattikulam,TN,15277,city
vilavancode,TN,8277,city
vilavoorkkal,KL,31761,city
vilavur,TN,14320,city
vilholi,MH,6798,city
villapurum,TN,97380,city
villianur,PY,34383,city
villiappally,KL,34502,city
villukuri,TN,15304,city
villupuram,TN,97380,district
viluppuram,TN,97380,district
viluppuram district,TN,3458873,district
vinchia,GJ,12355,city
vinnamala,AP,20924,city
vintisa,MP,155951,city
vinukonda,AP,62550,city
viraganur,TN,10854,city
virajpet,KA,17246,city
virakeralam,TN,23841,city
viralimalai,TN,10883,city
viramgam,GJ,55821,city
virapandi,TN,50301,city
virapandiyanpattanam,TN,6015,city
virappanchathiram,TN,84453,city
virar,MH,1222390,city
viraraghavapuram,TN,64698,city
viratnagar,RJ,20568,city
virinchipuram,TN,7699,city
virnur,TN,16665,city
virpur,GJ,10238,city
virud dhacalam,TN,73585,city
virudampattu,TN,7662,city
virudhacalama,TN,73585,city
virudhachalam,TN,73585,city
virudhunagar,TN,1942288,district
virudhupatti,TN,73273,city
virudunagar,TN,73273,city
virudupatti,TN,73273,city
virugambakkam,TN,21376,city
viruttaccalam,TN,73585,city
visak,AP,1063178,city
visakha,AP,1063178,city
visakha district,AP,4290589,district
visakhapatanam,AP,4290589,district
visakhapatanama,AP,1063178,city
visakhapatnam,AP,1728128,district
visakhapatnam district,AP,4290589,district
visakhapatnamas,AP,1063178,city
visakhapattanam,AP,1063178,city
visakhapattanama,AP,1063178,city
visalapura,UP,68355,city
visavadar,GJ,19515,city
vishakapatnam,AP,1063178,city
vishakhapatanam,AP,1063178,city
vishakhapatnam,AP,1063178,district
vishakkhapatnam,AP,1063178,city
visharam,TN,44786,city
vishnupur,WB,64041,city
visiapur,KA,327427,city
visnagar,GJ,76753,city
visrampuree,CG,9641,city
viswanatham,TN,25555,city
vite,MH,48289,city
vithal udyognagar ina,GJ,5035,city
vitisa,MP,155951,city
vittal,KA,17618,city
vizag,AP,1063178,city
vizag city,AP,1063178,city
vizag district,AP,4290589,district
vizagapatam,AP,1063178,district
vizagapatam district,AP,4290589,district
vizagapatnam,AP,1063178,city
vizhupparaiyar,TN,97380,city
viziagram,AP,2344474,district
vizianagaram,AP,228720,district
vizianagaram district,AP,2344474,district
vizianagarm,AP,228720,city
vizianagram,AP,228720,city
vizianagram city,AP,228720,city
vizijanagaram,AP,228720,city
vomvai,MH,12691836,city
vriddhachalam,TN,73585,city
vrindaban,UP,60195,city
vrindavan,UP,60195,city
vuadakara,KL,76493,city
vuadodara,GJ,1822221,city
vubatalai,TN,10852,city
vueruru,TN,484690,city
vueruru xian,TN,1614242,district
vuidisha,MP,155951,city
vuijayanagaramu,AP,228720,city
vuijayawada,AP,1143232,city
vuishakapatonamu,AP,1063178,city
vumrad,MH,53971,city
vuyyuru,AP,36755,city
vyara,GJ,39789,city
vypin,KL,23717,city
wadgaon,MH,25651,city
wadgaon kolhati,MH,65620,city
wadhwan,GJ,179628,city
wadhwan camp,GJ,179628,city
wadhwan city,GJ,179628,city
wadhwan civil station,GJ,179628,city
wadi,KA,37988,city
wadi,MH,54048,city
wadrupnagar,CG,6048,city
wadwdara,GJ,1822221,city
waghai,GJ,6715,city
waghoda,MH,7628,city
wail,JK,8335,city
wajegaon,MH,9772,city
walajabad,TN,14684,city
walajapet,TN,47498,city
walang gal,TS,704570,city
walni,MH,9393,city
walsad,GJ,139764,district
waluj buzurg,MH,20220,city
walwadi,MH,29636,city
wanadongri,MH,37667,city
wanaparthy,TS,60949,district
wangjing,MN,8055,city
wangoi,MN,14878,city
wani,MH,58840,city
wankaner,GJ,47814,city
wanparti,TS,60949,city
wanyyambady,TN,95061,city
wapi,GJ,163630,city
wapy,GJ,163630,city
waranashi,UP,1164404,city
waranasi,UP,1164404,city
waranasy,UP,1164404,district
warangal,TS,704570,district
warangal district,TS,3512576,district
warangal rural,TS,3512576,district
warangal urban,TS,0,district
warangala,TS,704570,city
warangaru,TS,704570,city
warangl,TS,704570,city
waransy,UP,1164404,district
waraseoni,MP,27494,city
wardha,MH,113759,district
wardha district,MH,1300774,district
wardha jilla,MH,1300774,district
wardhamna,MH,6148,city
wari,MH,54048,city
waris aliganj,BR,35243,city
warora,MH,46532,city
warud,MH,47817,city
waruda,MH,113759,city
washim,MH,78387,district
watargam,JK,7015,city
wayanad,KL,817420,district
wayanad district,KL,817420,district
wazirganj,UP,19372,city
wdwdrh,GJ,1822221,city
wdysha,MP,155951,city
weir,RJ,19385,city
wellington,TN,20254,city
west,DL,2543243,district
west champaran,BR,3935042,district
west delhi,DL,2543243,district
west district,SK,136435,district
west garo hills,ML,643291,district
west garo hills district,ML,643291,district
west godavari,AP,218020,district
west godavari district,AP,3936966,district
west jaintia hills,ML,395124,district
west jaintia hills district,ML,395124,district
west kameng,AR,83947,district
west karbi anglong,AS,0,district
west karbi anglong district,AS,0,district
west khandesh district,MH,2050862,district
west khasi hills,ML,383461,district
west khasi hills district,ML,383461,district
west midnapore,WB,5913457,district
west midnapore district,WB,5913457,district
west nimar,MP,1873046,district
west nimar district,MP,1873046,district
west siang,AR,112274,district
west siang district,AR,112274,district
west sikkim,SK,136435,district
west singbhum,JH,1502338,district
west singhbhum,JH,1502338,district
west singhbhum district,JH,1502338,district
west tripura,TR,1725739,district
west tripura district,TR,1725739,district
widzajawada,AP,1143232,city
williamnagar,ML,24597,city
wisakha pat tnam,AP,1063178,city
wjayangrm,AP,228720,city
wjyawada,AP,1143232,city
wnymbdy,TN,95061,city
wokha,NL,54010,district
worthi,MH,13058,city
wrnjl,TS,704570,city
wshakapatnm,AP,1063178,district
wst dlhy,DL,582320,district
wtho thra,GJ,1822221,city
wtkra,KL,76493,city
wydysh,MP,155951,city
wyjyawada,AP,1143232,city
wylwr,TN,484690,city
wysakapatnam,AP,1063178,district
xeldem,GA,7434,city
xi long,ML,143229,city
xin meng mai,MH,2600000,city
xmvt sra,PB,1159227,city
xnantnakh,JK,150592,city
xuch chen,MP,515215,city
xuthupi,KA,165000,city
y s r,AP,2882469,district
yabatamala jilla,MH,2772348,district
yadadri bhuvanagiri,TS,0,district
yadagira,KA,74294,city
yadagiri,KA,74294,city
yadagirigutta,TS,15232,city
yadgir,KA,74294,district
yadgir district,KA,1174271,district
yadgyr,KA,74294,city
yairipok,MN,9569,city
yajileu,KA,74294,city
yajjiru,KA,74294,city
yalahanka,KA,116447,city
yamjal,TS,15689,city
yamrytsar,PB,1159227,city
yamuna nagar,HR,217071,city
yamuna vihar,DL,10000,city
yamunanagar,HR,217071,district
yamunanagar district,HR,0,district
yamunanagara jila,HR,0,district
yanam,AP,55626,city
yanam,PY,55626,district
yanamalakuduru,AP,34177,city
yanaon,AP,55626,city
yanaon,PY,55626,district
yaripur,JK,12123,city
yatakiri,KA,74294,city
yaval,MH,36706,city
yavatamala,MH,2772348,district
yavatamala jil ha,MH,2772348,district
yavatamala jila,MH,2772348,district
yavatamala jilla,MH,2772348,district
yavatamala jillo,MH,2772348,district
yavatamalamandalam,MH,2772348,district
yavatmal,MH,128175,district
yavatmal district,MH,2772348,district
yavatmal jilla,MH,2772348,district
yavatmal mavattam,MH,2772348,district
yechagam,JK,7461,city
yelahanka,KA,116447,city
yelandur,KA,8901,city
yelbarga,KA,14814,city
yellandu,TS,43787,city
yellapur,KA,20452,city
yellareddi,TS,14923,city
yelur,KA,11850,city
yemmiganur,AP,95149,city
yeni delhi,DL,317797,city
yenugonda,TS,10611,city
yenumalapalle,AP,10482,city
yeola,MH,49826,city
yeotmal,MH,128175,city
yercaud,TN,11582,city
yerkhera,MH,15727,city
yerrabalem,AP,7803,city
yingkiong,AR,6540,city
yodapura,RJ,1056191,city
yodhapura,RJ,1056191,city
yol cantonment,HP,12028,city
yorahata jela,AS,1092256,district
yorahata jila,AS,1092256,district
yorahata jilla,AS,1092256,district
ysr district,AP,2882469,district
ysr kadapa,AP,2882469,district
ysr kadapa district,AP,2882469,district
ywtyba fwla njar,UP,1840221,district
yyadagira,KA,74294,city
z ytwrgr,RJ,116406,city
zafarabad,UP,9106,city
zahirabad,TS,71166,city
zaidpur,UP,33397,city
zakhidne deli,DL,2543243,district
zamania,UP,32008,city
zapadnyj deli,DL,2543243,district
zerakpur,PB,95553,city
zhajpur,RJ,3046163,city
zhang pu er xian,UP,4494204,district
ziauddin pur,DL,68993,city
zila badayum,UP,3681896,district
zila ramapura,UP,2335819,district
zira,PB,37498,city
zirakpur,PB,95553,city
ziro,AR,13893,city
zonheboto,NL,140757,district
zuid delhi,DL,2731929,district
zuidwest delhi,DL,2292958,district
zunheboto,NL,29499,district
zunhebotto,NL,140757,district
